class,x1,y1,z1,x2,y2,z2,x3,y3,z3,x4,y4,z4,x5,y5,z5,x6,y6,z6,x7,y7,z7,x8,y8,z8,x9,y9,z9,x10,y10,z10,x11,y11,z11,x12,y12,z12,x13,y13,z13,x14,y14,z14,x15,y15,z15,x16,y16,z16,x17,y17,z17,x18,y18,z18,x19,y19,z19,x20,y20,z20,x21,y21,z21
A,0.51902467,0.746546149,9.87E-07,0.622280598,0.709677696,-0.04162119,0.704528093,0.615476251,-0.062541895,0.771107852,0.542551756,-0.081839912,0.833913207,0.4947294,-0.100448363,0.639769077,0.393022776,-0.024475818,0.682977915,0.270901978,-0.05037206,0.710661054,0.189373612,-0.07425639,0.734860778,0.122859657,-0.093139507,0.57706368,0.372032225,-0.030606793,0.580350816,0.214620307,-0.0549246,0.594141543,0.109014988,-0.079105243,0.606804132,0.026002347,-0.096636057,0.519418478,0.394926697,-0.043102488,0.509667575,0.257044733,-0.071781687,0.520580649,0.167469382,-0.093183085,0.534272134,0.087260425,-0.107191131,0.466129661,0.452141583,-0.059995905,0.436347365,0.352493405,-0.092431776,0.429599166,0.283203751,-0.107717045,0.431545377,0.211241394,-0.115894645
A,0.50604558,0.752858043,7.58E-07,0.622341275,0.71213311,-0.024325045,0.69923377,0.609946191,-0.039951693,0.761831164,0.541301966,-0.059719183,0.81636858,0.490081668,-0.081225164,0.64346689,0.397261828,-0.01269749,0.690091789,0.274073064,-0.037276059,0.714995146,0.188815013,-0.058847308,0.731624305,0.118871987,-0.077167049,0.579207659,0.379831523,-0.034080993,0.581300437,0.213220179,-0.057216458,0.590740502,0.107572824,-0.079178527,0.595384896,0.024452269,-0.095956929,0.520051718,0.401807159,-0.061604619,0.512346804,0.255668581,-0.091598921,0.524245262,0.162776336,-0.112111308,0.534050822,0.080673218,-0.126695916,0.465994,0.452859312,-0.09258689,0.438072681,0.35037756,-0.127562299,0.42858386,0.275127888,-0.144012079,0.425654918,0.198942065,-0.154439509
A,0.513168097,0.763026655,4.93E-07,0.617407858,0.715940356,-0.02301649,0.693564057,0.606675029,-0.032121938,0.742976785,0.525954008,-0.043829046,0.780587196,0.466403216,-0.05627311,0.649452388,0.399728507,-0.014053095,0.695239842,0.273980796,-0.036963761,0.715461969,0.193712592,-0.058401808,0.728104413,0.122590929,-0.077163868,0.585895002,0.379090786,-0.029598337,0.589492261,0.214952454,-0.054104809,0.59691292,0.11320281,-0.078380749,0.59903276,0.031768471,-0.097478643,0.527955949,0.401594877,-0.050021227,0.515516698,0.255216479,-0.078459442,0.522124708,0.160972625,-0.10136506,0.528569698,0.075758725,-0.118453637,0.474941134,0.456610709,-0.073256597,0.446946323,0.350871712,-0.1049162,0.437750638,0.274031699,-0.122248717,0.435614377,0.198684871,-0.134100363
A,0.50801909,0.765473187,4.72E-07,0.613226056,0.717407942,-0.022992013,0.690100789,0.604685545,-0.030573776,0.739046097,0.523716688,-0.041138489,0.775166035,0.464993864,-0.051884715,0.647432029,0.396673024,-0.006924927,0.691358745,0.27142179,-0.02754724,0.710554421,0.191654295,-0.047518793,0.7228508,0.122618228,-0.064739332,0.583923578,0.37601459,-0.021339346,0.586308599,0.213339359,-0.04175213,0.592588365,0.112349093,-0.062536143,0.593706608,0.032313913,-0.078613073,0.526050985,0.398514539,-0.041367777,0.514897585,0.25237155,-0.066084743,0.522069037,0.157339156,-0.085872978,0.52839905,0.070995331,-0.100669064,0.472751915,0.453332007,-0.064699061,0.447585136,0.349450082,-0.093600668,0.43829906,0.271836221,-0.109091088,0.434397638,0.195311606,-0.119326547
A,0.510485053,0.748340487,7.55E-07,0.61284554,0.710436344,-0.027287623,0.679782152,0.601681888,-0.036843535,0.723440349,0.520137727,-0.047637608,0.757108152,0.459040016,-0.058334902,0.643671393,0.394586146,-0.006939478,0.679176927,0.271008283,-0.028779183,0.69766438,0.189420521,-0.049128186,0.708799601,0.125530928,-0.065009817,0.578602254,0.374380738,-0.018485161,0.578204036,0.216845483,-0.039165162,0.585052907,0.113261163,-0.059893057,0.588258505,0.032324374,-0.074008323,0.519947588,0.394551039,-0.036276128,0.511976957,0.250321507,-0.062775761,0.518441379,0.157855034,-0.083283491,0.524865806,0.07527408,-0.096184589,0.463899136,0.446129829,-0.05734314,0.441635013,0.343934447,-0.087457441,0.433504522,0.272998571,-0.102285936,0.431935132,0.199245781,-0.11020916
A,0.501903415,0.805841804,9.12E-07,0.589468837,0.742636323,-0.009679874,0.666211009,0.629672587,-0.01592233,0.716573,0.549979091,-0.025769388,0.751122057,0.481679261,-0.038960319,0.580300331,0.535279632,0.00304302,0.592866898,0.474635094,-0.020419048,0.628077805,0.429995,-0.046477843,0.660535157,0.400854051,-0.064225689,0.532118797,0.526930332,-0.011196382,0.551115215,0.463137239,-0.033185057,0.588615417,0.405086428,-0.05667495,0.627812982,0.370658845,-0.072877094,0.491331279,0.531678081,-0.02947505,0.50659126,0.450650573,-0.052082036,0.538664341,0.383819342,-0.060353626,0.572163343,0.341395617,-0.064248674,0.452809572,0.557453811,-0.050167311,0.461578935,0.455231905,-0.070312992,0.476142019,0.377214134,-0.07320188,0.49755004,0.319171786,-0.073173553
A,0.514738262,0.74924463,8.78E-07,0.606098652,0.716736197,-0.033951852,0.672429025,0.598301828,-0.046729703,0.718521118,0.518234253,-0.058085568,0.757956386,0.454113722,-0.07106711,0.606683016,0.463306189,-0.024930075,0.632691801,0.385874212,-0.056288254,0.660117984,0.321809202,-0.08592841,0.680511951,0.261186898,-0.107706092,0.55383271,0.452476472,-0.033692531,0.577744961,0.363860369,-0.061009079,0.59590888,0.289968282,-0.086093858,0.614635229,0.221591532,-0.104916267,0.501832604,0.465392292,-0.049357437,0.512747824,0.365144253,-0.084050074,0.525493562,0.286879599,-0.104485683,0.541024566,0.221549898,-0.116271295,0.446635902,0.507754922,-0.069078445,0.431344986,0.392437667,-0.103845529,0.420441002,0.304304332,-0.119870432,0.41965583,0.234020561,-0.129028961
A,0.528113186,0.72597599,8.36E-07,0.614090204,0.697861016,-0.029684829,0.683417916,0.602501214,-0.039489828,0.731695771,0.533558607,-0.047621604,0.768888533,0.484883249,-0.054708995,0.6309039,0.394671649,-0.016800599,0.672981083,0.274069428,-0.035080105,0.69233954,0.194030464,-0.051995967,0.70387888,0.128465652,-0.065622799,0.570212662,0.373006523,-0.023108216,0.569191039,0.216668084,-0.044236764,0.574507594,0.113407195,-0.065516308,0.577825248,0.033052057,-0.07976988,0.513981462,0.392711639,-0.033558529,0.505493999,0.255808651,-0.058046509,0.510907054,0.166933626,-0.077156126,0.515433669,0.089543343,-0.088505417,0.460627764,0.44535175,-0.046744909,0.437625349,0.344317257,-0.072874814,0.426393747,0.274762034,-0.084091455,0.420530021,0.20549196,-0.088914417
A,0.498641789,0.75661242,7.08E-07,0.607992291,0.716636539,-0.02897319,0.681163728,0.611080706,-0.039995015,0.737435579,0.53968811,-0.053569674,0.779408157,0.493577898,-0.065958641,0.633924663,0.392089248,-0.00060987,0.674228191,0.272219777,-0.015909825,0.691812575,0.191976517,-0.030423023,0.701468229,0.127346754,-0.042327739,0.569747686,0.374709785,-0.012455641,0.570275843,0.214616582,-0.024166849,0.575234234,0.115489364,-0.032695174,0.574025929,0.040742069,-0.037567683,0.511728406,0.396526128,-0.031846844,0.506050766,0.254473358,-0.051203918,0.51485002,0.164458066,-0.059478294,0.519137204,0.088527679,-0.063259095,0.456482291,0.445065498,-0.056025662,0.432717413,0.344305158,-0.081422307,0.422817051,0.27096954,-0.090178594,0.417893648,0.199700356,-0.092902735
A,0.501292825,0.762726307,4.87E-07,0.613011539,0.722554922,-0.020178152,0.696588576,0.633099139,-0.026372287,0.756874144,0.580502927,-0.037569381,0.801939368,0.554144144,-0.048083965,0.648009241,0.397444814,0.016670477,0.68001169,0.283180058,0.008236903,0.692082584,0.21100001,-0.003443246,0.699087024,0.153723776,-0.014011852,0.584429026,0.377722859,0.003467512,0.582475901,0.224331394,0.001135406,0.582436085,0.134649307,-0.004775931,0.577923059,0.066762179,-0.00979314,0.527675331,0.394227862,-0.017128991,0.517918766,0.258600384,-0.026342608,0.519969463,0.17170909,-0.033247836,0.519240856,0.09634921,-0.0388548,0.473636001,0.438816667,-0.042465445,0.447254449,0.342109919,-0.060498185,0.435317457,0.271505684,-0.068139285,0.427385151,0.204093128,-0.071753994
A,0.503030777,0.765885353,4.11E-07,0.61333555,0.72536242,-0.015722565,0.69800657,0.64037478,-0.02164997,0.761087775,0.591443717,-0.032604638,0.808262229,0.568648279,-0.04411665,0.6520257,0.405267894,0.012724238,0.684938014,0.287927628,0.001945285,0.695792675,0.217428759,-0.013647925,0.701631963,0.157600254,-0.028704923,0.589272022,0.385037154,-0.00388302,0.587479591,0.230448842,-0.012988959,0.588849306,0.137693733,-0.028952427,0.584959447,0.06557405,-0.043094561,0.532444417,0.402087271,-0.026486786,0.519924581,0.263144016,-0.042320434,0.523126364,0.178800762,-0.058946203,0.523969114,0.104358435,-0.072545722,0.479752481,0.448251903,-0.052502614,0.45073539,0.345668465,-0.076862164,0.439521015,0.275088042,-0.09106867,0.433534384,0.207033128,-0.100783214
A,0.507296801,0.766732812,3.98E-07,0.614927173,0.729213536,-0.017946493,0.701015174,0.643021226,-0.022732876,0.76378125,0.594973683,-0.031244311,0.811422825,0.576602101,-0.03993471,0.653745413,0.406271905,0.009858748,0.687274516,0.290366083,-0.000703947,0.698553085,0.220540911,-0.015932947,0.704575479,0.160880327,-0.030411676,0.591443121,0.385241151,-0.003659076,0.590104282,0.231717348,-0.012807728,0.592794359,0.14101246,-0.028181009,0.590002,0.068425834,-0.041345734,0.535443664,0.40207693,-0.022946564,0.524321139,0.264886379,-0.038515218,0.527051389,0.182080925,-0.05506726,0.526985884,0.107041866,-0.067958534,0.482926548,0.449267983,-0.045624245,0.454104304,0.348742813,-0.069002189,0.442500532,0.279728502,-0.082640842,0.43546918,0.211918235,-0.091495417
A,0.514334321,0.774888635,4.30E-07,0.623470008,0.740176558,-0.021678602,0.712027669,0.655266404,-0.027593955,0.775773466,0.609160423,-0.036716141,0.823882222,0.594303846,-0.045719963,0.665656686,0.41675362,0.00747018,0.700559616,0.300093889,-0.003449288,0.712334871,0.227952689,-0.018237956,0.718293667,0.168077379,-0.032124337,0.603614867,0.393066883,-0.004113658,0.605202198,0.238649234,-0.01204272,0.606679261,0.147274226,-0.025563193,0.602021337,0.076138884,-0.037242416,0.547134221,0.407314152,-0.021928234,0.538573444,0.268457413,-0.0359958,0.540167391,0.182975292,-0.051705915,0.539216578,0.106382936,-0.064203508,0.492759466,0.451261163,-0.043601293,0.464281231,0.351060748,-0.065616071,0.452885807,0.281790853,-0.0789105,0.44679603,0.214035273,-0.087599158
A,0.510589898,0.777639627,3.58E-07,0.626292646,0.739236712,-0.012475659,0.714520693,0.654651344,-0.016273672,0.778518021,0.609021306,-0.025421664,0.826689541,0.593563795,-0.035861753,0.666043282,0.421372473,0.011686725,0.701230705,0.303815603,-0.000409772,0.714122951,0.23211816,-0.017068675,0.721261978,0.170626998,-0.033350926,0.604618251,0.400204778,-0.007001702,0.605047584,0.2442137,-0.01874806,0.609220028,0.151436716,-0.036794476,0.607162356,0.07809782,-0.052752323,0.549156547,0.417093247,-0.031195661,0.538690329,0.276020944,-0.049997263,0.541470587,0.191299856,-0.069939792,0.541696489,0.113541365,-0.086095631,0.496652484,0.464414239,-0.058189079,0.466262162,0.361556321,-0.086795487,0.455303252,0.289693117,-0.10483361,0.449561417,0.218078643,-0.11751096
A,0.509862542,0.780165672,3.57E-07,0.625429749,0.73937571,-0.008375442,0.712722421,0.650636494,-0.009117872,0.775633216,0.603404522,-0.016136969,0.823259473,0.585500598,-0.024599444,0.663404167,0.419121265,0.019043949,0.698291183,0.302638113,0.009863997,0.713104904,0.231341809,-0.004176193,0.721946537,0.171457022,-0.01856879,0.603908598,0.400145829,-0.001791078,0.605524659,0.244605333,-0.011293568,0.610162437,0.152534068,-0.026533939,0.60809809,0.081303209,-0.039665543,0.549939156,0.418969125,-0.028318534,0.539729476,0.277471066,-0.046492141,0.543126106,0.191953272,-0.06436222,0.543433726,0.113350868,-0.078291707,0.49780333,0.469110996,-0.057429772,0.464978755,0.364921749,-0.08673396,0.452578127,0.292748332,-0.104116514,0.445406139,0.220674455,-0.115520127
A,0.511655807,0.778686643,3.60E-07,0.624803841,0.738506794,-0.010286513,0.711121678,0.649871111,-0.012134282,0.773687303,0.601580977,-0.019746991,0.819939435,0.583120346,-0.028681437,0.662841916,0.418979436,0.015275209,0.698425233,0.301627874,0.004685233,0.713017344,0.230095357,-0.010580826,0.721652389,0.168858528,-0.025942691,0.603504539,0.399817646,-0.004383958,0.604851067,0.243805781,-0.01560155,0.609269261,0.1515055,-0.032645021,0.607173324,0.079411417,-0.047359906,0.549511194,0.418738782,-0.029523892,0.538338661,0.277564734,-0.048389155,0.541244507,0.19216162,-0.067273811,0.541565239,0.113727331,-0.082190506,0.497270882,0.468987137,-0.057308879,0.465213031,0.365465075,-0.085893564,0.453836441,0.293243587,-0.103219748,0.448037028,0.22114104,-0.115035258
A,0.50938648,0.777598977,3.57E-07,0.625195146,0.7364012,-0.007440725,0.710112691,0.648176312,-0.009106308,0.77198875,0.60095346,-0.017421482,0.819812,0.583112299,-0.027495859,0.662211359,0.419321716,0.015670191,0.697420955,0.30183813,0.004468619,0.711926877,0.229908347,-0.010701505,0.720446825,0.168469369,-0.026143739,0.602768719,0.40087682,-0.006900281,0.604565382,0.243794233,-0.019285249,0.609556615,0.149652272,-0.03655443,0.607683241,0.076549053,-0.051539902,0.548622489,0.420308739,-0.034899041,0.537089586,0.277977049,-0.055598237,0.539988458,0.192080408,-0.075226575,0.540251851,0.113683283,-0.090676509,0.496503949,0.470532179,-0.065262727,0.464285612,0.36596334,-0.096595623,0.453104764,0.292895615,-0.115634762,0.447425187,0.22050643,-0.128690302
A,0.508559227,0.776659667,3.70E-07,0.624352396,0.736755371,-0.00723612,0.708851814,0.648108065,-0.009285758,0.770494878,0.601130366,-0.018266909,0.817839146,0.582532883,-0.029142743,0.661537111,0.418678313,0.015916502,0.696949661,0.301673591,0.005011314,0.711893797,0.22999534,-0.009996843,0.720469594,0.168950707,-0.02541123,0.602012694,0.400479853,-0.007524072,0.603858948,0.242612943,-0.019371433,0.609071672,0.148773015,-0.036316302,0.607223332,0.076685309,-0.051175937,0.547449887,0.420100242,-0.036473922,0.536855578,0.276954591,-0.05709324,0.540489018,0.190752715,-0.07644444,0.5410285,0.112623781,-0.091792159,0.494870007,0.470164448,-0.067832887,0.463022888,0.364926308,-0.099215142,0.451438308,0.292044282,-0.117941625,0.445108831,0.219769567,-0.13082011
A,0.51289463,0.781047225,3.37E-07,0.625058532,0.742525935,-0.010058789,0.712585986,0.653587103,-0.010892356,0.775748074,0.604130149,-0.017373541,0.821562707,0.588123262,-0.024986193,0.664643764,0.419754326,0.017416878,0.698132157,0.303832948,0.007928203,0.711409032,0.233814687,-0.006701774,0.719349205,0.173236042,-0.021608086,0.605055571,0.399084687,-0.001456124,0.607202828,0.245746076,-0.011329913,0.611683369,0.153890103,-0.027666502,0.610001564,0.080035627,-0.041859865,0.550506115,0.416464657,-0.025797617,0.540033817,0.277488947,-0.043440368,0.543422163,0.193301052,-0.061937459,0.544621885,0.115952224,-0.07657434,0.497237802,0.464951634,-0.052793473,0.466461092,0.363051713,-0.080144897,0.456688195,0.292231739,-0.096953742,0.452908635,0.221897304,-0.108408175
A,0.512348711,0.780846238,3.33E-07,0.626409531,0.740128279,-0.005972657,0.711423516,0.653211415,-0.006958083,0.774054527,0.606040239,-0.01462985,0.821879983,0.590910494,-0.024028009,0.664053202,0.421312094,0.018032335,0.699226081,0.304580033,0.00720564,0.713197768,0.234038472,-0.008566833,0.721176803,0.172689319,-0.02437794,0.605249524,0.400861144,-0.004016862,0.607767403,0.24528487,-0.015431352,0.612927139,0.152421445,-0.033438861,0.611847639,0.078388721,-0.049105827,0.551569164,0.418491989,-0.031015262,0.540162325,0.278064072,-0.049402989,0.544363141,0.192898661,-0.068461806,0.546806157,0.11487931,-0.0838615,0.499321371,0.468153268,-0.060252354,0.467041433,0.364219755,-0.088017873,0.457768381,0.292610645,-0.104555808,0.454807669,0.222417653,-0.116083615
A,0.513857305,0.782024205,3.33E-07,0.626104355,0.742468655,-0.008036005,0.712075472,0.654356003,-0.009518459,0.775281549,0.606076241,-0.017182492,0.823256135,0.591178715,-0.026338618,0.665133715,0.421648651,0.016599435,0.699918985,0.305600435,0.005908147,0.713619649,0.235504091,-0.009872018,0.721556187,0.174318433,-0.025658382,0.605879843,0.401118666,-0.003980777,0.608391285,0.246652558,-0.015055264,0.613618612,0.154295564,-0.032792538,0.612611055,0.080167562,-0.048210032,0.551695406,0.418580621,-0.029622044,0.541044831,0.279017091,-0.047594178,0.54531306,0.193835586,-0.06633912,0.547499776,0.115725279,-0.081429936,0.498997331,0.467689753,-0.057701346,0.468099385,0.363663793,-0.084786437,0.458992183,0.29173699,-0.100986324,0.455775023,0.220761985,-0.112225041
A,0.511060238,0.781628668,3.37E-07,0.625966072,0.741194963,-0.004325454,0.712190628,0.653282881,-0.004278177,0.775189281,0.60583055,-0.011244889,0.823191464,0.591003478,-0.019837761,0.664807558,0.420365781,0.021068875,0.70000124,0.304387033,0.011454675,0.714219928,0.23386769,-0.003467812,0.72226572,0.173054278,-0.018789889,0.606011212,0.3999919,-0.001888239,0.609167457,0.244287863,-0.012647242,0.615014553,0.151006877,-0.029990949,0.614073634,0.077193499,-0.045035139,0.552293062,0.417573929,-0.029826486,0.541065037,0.277134418,-0.048044104,0.54568404,0.19233191,-0.06661965,0.548193514,0.114758939,-0.081496559,0.499903619,0.467483103,-0.059916586,0.467754841,0.363152325,-0.087827712,0.458457112,0.291214615,-0.104376994,0.455372155,0.220787078,-0.11578653
A,0.510712624,0.781229615,3.30E-07,0.626466632,0.738802612,-0.001008597,0.711254001,0.652120352,-0.000856103,0.774436653,0.606588721,-0.008939348,0.821292758,0.589401603,-0.019108228,0.664478719,0.41866681,0.023438727,0.699424565,0.303659081,0.012936763,0.71392107,0.23304671,-0.003000049,0.722365677,0.171426654,-0.019309085,0.605573654,0.399272472,-0.002817368,0.608837128,0.244328275,-0.014756895,0.615470946,0.150930583,-0.03332961,0.615294576,0.077024549,-0.049628019,0.551536381,0.417430818,-0.034056455,0.540247023,0.278052062,-0.053877652,0.545218945,0.193203539,-0.073295571,0.548041701,0.115740895,-0.089025676,0.499168247,0.466994196,-0.067262113,0.467420697,0.362943441,-0.097136371,0.458402753,0.290469259,-0.114832155,0.455571294,0.219414413,-0.127298132
A,0.510850728,0.781143546,3.28E-07,0.626768291,0.738575578,-0.001228012,0.711455345,0.65157336,-0.001193158,0.774520159,0.606133819,-0.009344012,0.82201314,0.58967334,-0.019597691,0.664355934,0.4186382,0.022617724,0.699516475,0.303631365,0.011805801,0.713875711,0.233152062,-0.004236262,0.722050309,0.171557933,-0.020573478,0.605387747,0.39932856,-0.003513943,0.608641505,0.244507983,-0.015689978,0.615128756,0.150978953,-0.034304451,0.614758313,0.07690388,-0.050610196,0.551365852,0.417568624,-0.034600928,0.540148973,0.278148711,-0.054529078,0.545106649,0.193180948,-0.073920041,0.547919929,0.115629047,-0.089621559,0.49903658,0.467162251,-0.067660309,0.467413425,0.363193095,-0.097636968,0.458667219,0.290642798,-0.115372971,0.45609647,0.219574392,-0.127841502
A,0.510679662,0.780575871,3.48E-07,0.625303268,0.738446474,-0.00474199,0.711489975,0.651607096,-0.004814815,0.774682164,0.604104877,-0.011725226,0.821773469,0.586615086,-0.020197261,0.663325429,0.417607367,0.020606998,0.699048638,0.301067173,0.010210573,0.713760495,0.229569435,-0.005518865,0.723056853,0.167086214,-0.021474857,0.604405344,0.396962285,-0.002104399,0.60734719,0.240700185,-0.01440147,0.614116609,0.14709425,-0.033167772,0.614620626,0.072212785,-0.049115278,0.55056715,0.415114522,-0.029702727,0.538593471,0.274813175,-0.049042068,0.543464303,0.189941466,-0.06849736,0.546814263,0.111377925,-0.083819799,0.498467803,0.466007918,-0.059398718,0.466120899,0.361657381,-0.087605834,0.4569875,0.289170146,-0.104241326,0.454354167,0.217922658,-0.115675651
A,0.512274444,0.781454861,3.30E-07,0.62659514,0.738842368,-0.004834692,0.712816,0.651028395,-0.005010894,0.77552402,0.603267729,-0.012138873,0.824036121,0.58747381,-0.020867048,0.664359927,0.416550606,0.020993061,0.700018883,0.300968617,0.010347321,0.713769853,0.230698258,-0.006129835,0.721819997,0.168682039,-0.022579322,0.604894876,0.39660728,-0.001444933,0.607979238,0.242445007,-0.013238235,0.614623487,0.149038851,-0.032376867,0.614816248,0.07343635,-0.048909914,0.550830662,0.414626181,-0.028805137,0.539059579,0.275960207,-0.047342613,0.544003487,0.191258371,-0.066821523,0.547412932,0.112787098,-0.082473502,0.498664916,0.464289874,-0.058353718,0.466715932,0.360375106,-0.085744932,0.458723128,0.287905514,-0.102229699,0.457269579,0.216718912,-0.113810427
A,0.512656391,0.780899644,3.47E-07,0.627173364,0.739838779,-0.006593915,0.713983655,0.651951551,-0.007177249,0.777152598,0.603063464,-0.014166147,0.825690031,0.587138951,-0.02272309,0.664845347,0.417687416,0.018594097,0.700518429,0.300717741,0.0083843,0.715140998,0.229846656,-0.007584708,0.724500179,0.167385608,-0.023835693,0.605148554,0.397144943,-0.002513136,0.608135283,0.2424009,-0.014548607,0.614802659,0.148670554,-0.03389933,0.615452528,0.072893441,-0.050582636,0.551087976,0.414670765,-0.028432924,0.539484262,0.276064456,-0.046727668,0.545116425,0.190460205,-0.066590756,0.549608231,0.111128032,-0.082623564,0.498889536,0.46405226,-0.056619234,0.467200816,0.359907031,-0.08317326,0.459040105,0.287593603,-0.099423833,0.457593799,0.216754198,-0.111037761
A,0.512114227,0.781316042,3.65E-07,0.62831682,0.739313483,-0.005465338,0.715457857,0.651790023,-0.007446697,0.779320061,0.601723194,-0.016440045,0.829230428,0.583276868,-0.027382204,0.666476727,0.422013253,0.016135728,0.702686369,0.30421418,0.003843027,0.718520761,0.232516959,-0.013569137,0.729546189,0.168657511,-0.031043161,0.606734097,0.400661826,-0.007366587,0.611552238,0.244023845,-0.021929583,0.619482398,0.148306519,-0.043362077,0.621398747,0.071332991,-0.061723523,0.55228889,0.417775899,-0.035409167,0.541394114,0.277066588,-0.055890303,0.547737837,0.191143095,-0.076840848,0.553629041,0.112076521,-0.09379936,0.499705315,0.467291027,-0.065576412,0.468721092,0.360736221,-0.093760513,0.46125409,0.287735343,-0.110612065,0.460918188,0.216545671,-0.122856759
A,0.510041416,0.78142035,3.62E-07,0.628815532,0.736628056,0.000223551,0.714808464,0.648912787,0.000300535,0.778074145,0.599840164,-0.008217758,0.826864839,0.578152061,-0.01904504,0.666217804,0.419411004,0.023332277,0.703060985,0.302331686,0.012706455,0.719631493,0.230358332,-0.003674873,0.731286764,0.166169196,-0.020918889,0.606794,0.399928689,-0.004302384,0.611218929,0.244127288,-0.018352462,0.619935334,0.148070991,-0.039586212,0.622651994,0.071683437,-0.058075603,0.552501559,0.418355674,-0.036553763,0.540964603,0.278571516,-0.057944182,0.548279405,0.192044586,-0.079287879,0.554752767,0.112369508,-0.096678831,0.500435174,0.468863487,-0.070565365,0.468676984,0.362391621,-0.101259172,0.460922003,0.288643122,-0.119868219,0.460317433,0.216227323,-0.133424833
A,0.509788394,0.781192064,3.79E-07,0.629020452,0.736528516,0.000790505,0.714959145,0.650200963,9.12E-05,0.779149055,0.60248065,-0.00965,0.82740587,0.579971433,-0.021862619,0.665712416,0.419881105,0.022553632,0.703248501,0.303108215,0.011115178,0.720173955,0.230745733,-0.005361849,0.732064128,0.166906297,-0.022526983,0.606391132,0.400574744,-0.006382569,0.611532509,0.244147047,-0.0210569,0.621058166,0.147468507,-0.042056985,0.624565065,0.071223915,-0.060372248,0.552080572,0.418778837,-0.040046819,0.540614009,0.278720856,-0.062189065,0.548222601,0.19161585,-0.083384104,0.555266261,0.11219433,-0.100672752,0.500021398,0.468528599,-0.075499505,0.468269289,0.36170125,-0.107011281,0.460971087,0.287825882,-0.125892937,0.461230099,0.215626895,-0.139653027
A,0.507508099,0.781168282,3.70E-07,0.630149722,0.734284937,0.005783519,0.715251625,0.649361134,0.005788077,0.779237807,0.603355885,-0.004823823,0.8287009,0.580087721,-0.01867708,0.665824413,0.421168,0.02606874,0.703104436,0.304281235,0.014479134,0.720426619,0.231208622,-0.002089123,0.732518435,0.166922867,-0.019750703,0.606733084,0.403134823,-0.007304429,0.612138748,0.246188298,-0.022948131,0.621596515,0.148607016,-0.044780802,0.624918222,0.072386444,-0.064027607,0.552369714,0.421678007,-0.045311738,0.540939867,0.281004906,-0.069055341,0.548654556,0.193444043,-0.091076426,0.55582571,0.113532484,-0.109258115,0.500540793,0.471156031,-0.084728956,0.468637735,0.363058716,-0.11871735,0.461413831,0.288933754,-0.139085755,0.461753428,0.216441214,-0.154160544
A,0.513809264,0.781631947,4.04E-07,0.628513336,0.741348863,-0.008354205,0.716598928,0.654501617,-0.011310531,0.781615496,0.602962017,-0.02063131,0.829711974,0.58208245,-0.031555835,0.668806016,0.423633814,0.014223717,0.706697226,0.305084616,0.001970176,0.723494649,0.233418465,-0.01510643,0.735802293,0.169365853,-0.032098286,0.609622359,0.401745975,-0.007430892,0.616269469,0.245099366,-0.021794684,0.625781536,0.149548203,-0.04304849,0.62977916,0.072133094,-0.061127312,0.555028439,0.417986155,-0.033794217,0.54545331,0.277637035,-0.053843293,0.553123355,0.190494984,-0.074840203,0.560541987,0.110302538,-0.091753237,0.501678348,0.466566741,-0.062523842,0.472284764,0.359508783,-0.089340374,0.465537518,0.2866593,-0.105485246,0.465914994,0.215560585,-0.117267929
A,0.513198614,0.782696187,3.77E-07,0.631340086,0.739384174,-0.000538767,0.717540383,0.652419686,-0.001225324,0.781087756,0.602524638,-0.010332946,0.830332041,0.580487013,-0.021710396,0.669035435,0.422949106,0.020731555,0.706839204,0.304414511,0.008904163,0.724363565,0.231801182,-0.007932802,0.737287223,0.167088896,-0.025308061,0.609897494,0.402525991,-0.006403799,0.616051972,0.245386496,-0.021858361,0.626197636,0.148092806,-0.043794464,0.630543351,0.069936424,-0.06266167,0.555775642,0.419766605,-0.037972353,0.544680297,0.278914332,-0.059698608,0.553144097,0.191768348,-0.081136949,0.561271548,0.111689001,-0.098590404,0.503853738,0.469345272,-0.071338557,0.472799122,0.361848593,-0.101284154,0.465890527,0.28742826,-0.119402871,0.466195732,0.215080023,-0.132735908
A,0.511766613,0.784011722,3.85E-07,0.629974842,0.73966223,-0.001338687,0.717166066,0.651654363,-0.002687343,0.781201243,0.60069257,-0.012361943,0.831070781,0.577719867,-0.024292072,0.66867727,0.424371302,0.019494535,0.70660919,0.305725932,0.006411887,0.72466898,0.233147621,-0.011661355,0.73865819,0.16767022,-0.029844817,0.609861076,0.403460473,-0.007486777,0.617434382,0.246900335,-0.023666129,0.628702462,0.149556577,-0.046587333,0.634419203,0.071260422,-0.066224746,0.555817962,0.420347393,-0.038903121,0.544997215,0.279579043,-0.060644861,0.554917336,0.192084849,-0.082209393,0.565423012,0.111603409,-0.099889189,0.503904104,0.469372809,-0.072236381,0.474045455,0.360869884,-0.101349287,0.469172418,0.285991102,-0.118781403,0.47231847,0.21340993,-0.131818473
A,0.510834336,0.786456823,3.90E-07,0.629126191,0.738755345,0.00202399,0.717092991,0.648009241,0.002940107,0.781585991,0.595278263,-0.005276325,0.831420064,0.572626114,-0.015862577,0.665154696,0.423450917,0.02546693,0.703922868,0.30563581,0.013448145,0.723354876,0.234278679,-0.004417974,0.739924252,0.169686407,-0.022587834,0.607122898,0.40261519,-0.00327561,0.616318047,0.247504175,-0.018977383,0.629428089,0.150858313,-0.04246448,0.637843609,0.07239747,-0.062471069,0.553838074,0.418913871,-0.036436465,0.54395932,0.280049831,-0.057764433,0.557118595,0.192534119,-0.079411283,0.571424007,0.11147666,-0.097164959,0.501958787,0.46681729,-0.07137803,0.473846078,0.35710153,-0.099759787,0.471354842,0.281000197,-0.116808243,0.477218449,0.207238168,-0.129779056
A,0.513001144,0.78431958,5.70E-07,0.61886251,0.724014461,-0.00974634,0.703432918,0.617458522,-0.013553534,0.768457174,0.544971287,-0.024473494,0.824248493,0.497258008,-0.035898693,0.635244787,0.408933163,0.022734687,0.668582916,0.295570731,0.001349341,0.699166,0.232492745,-0.022506736,0.731270015,0.184051961,-0.040713914,0.584988832,0.387997895,0.002304661,0.597084999,0.245547771,-0.019119622,0.63302654,0.162187785,-0.044246309,0.672662258,0.106832981,-0.063539945,0.537168086,0.399555147,-0.024765883,0.532146513,0.263712823,-0.051262986,0.568383157,0.199611843,-0.073463492,0.612474501,0.165219039,-0.088453583,0.486643016,0.434998989,-0.054676943,0.464390486,0.318864375,-0.082285583,0.489183813,0.255683839,-0.098383449,0.530597448,0.219478041,-0.108998872
A,0.51221168,0.777626991,5.18E-07,0.615408123,0.715138555,-0.018283632,0.699553251,0.607439697,-0.030057894,0.763899684,0.531267881,-0.047123041,0.820596695,0.475921273,-0.065255195,0.632692814,0.414432079,-0.000517351,0.660553753,0.300852925,-0.034435235,0.693837523,0.244517341,-0.065822825,0.730383873,0.214075714,-0.086589739,0.582271039,0.393571228,-0.016851069,0.603097856,0.254459739,-0.048461892,0.645447016,0.193226427,-0.077583611,0.693633199,0.174937367,-0.097248822,0.531771183,0.406203628,-0.039556745,0.538818717,0.269750535,-0.0729497,0.581728101,0.213861614,-0.098602504,0.634976506,0.200774193,-0.114342272,0.479730934,0.443907231,-0.065011546,0.459973276,0.334269524,-0.096963815,0.483276993,0.274233073,-0.11556036,0.52427125,0.249768451,-0.126573607
A,0.518709481,0.784406424,-6.24E-07,0.618594885,0.673816144,0.00134569,0.675392926,0.559092999,-0.007103441,0.720069766,0.473838955,-0.026226129,0.760021269,0.395485342,-0.038650893,0.605139911,0.419918716,0.017960319,0.641880929,0.313733101,-0.016694752,0.663403094,0.418191314,-0.030167717,0.645432949,0.48091197,-0.032471023,0.562670469,0.415938854,-0.005852671,0.610390067,0.306443036,-0.044769477,0.632119656,0.436316401,-0.053437684,0.606090188,0.499010384,-0.051072761,0.515473366,0.422595322,-0.034985714,0.5701828,0.312864274,-0.074731886,0.592635691,0.436016321,-0.057194743,0.567816615,0.501225173,-0.035410177,0.462410867,0.443743408,-0.064901002,0.517044783,0.345490336,-0.091547027,0.545212865,0.424899876,-0.072273284,0.528477907,0.484689534,-0.051148258
A,0.531828761,0.781823635,-3.99E-07,0.620061696,0.671177089,-0.002291531,0.669753492,0.556125522,-0.015653627,0.708161712,0.473574609,-0.037536215,0.736943305,0.387950957,-0.051187977,0.563548744,0.408404827,0.007759833,0.624173582,0.320037216,-0.03176045,0.654637575,0.422855139,-0.045136299,0.635494649,0.478253722,-0.047318734,0.522032559,0.410878241,-0.01555024,0.606586218,0.321302772,-0.059002873,0.635442674,0.452946842,-0.067094386,0.603763759,0.501353264,-0.064155646,0.48267439,0.425520062,-0.044086169,0.574992836,0.334521949,-0.090475343,0.598839343,0.463683128,-0.072147906,0.564934909,0.514883876,-0.04935319,0.442329943,0.458172947,-0.072869465,0.527466059,0.385550916,-0.102867544,0.551795304,0.474651426,-0.082670048,0.523702443,0.524294257,-0.060796775
A,0.533531547,0.780249834,-6.30E-07,0.622496009,0.660192132,-0.004566987,0.67345649,0.55756712,-0.020168584,0.708008528,0.463805109,-0.044839557,0.684600472,0.385683954,-0.060611494,0.550498664,0.40211767,0.022792231,0.639514804,0.353450119,-0.026804686,0.652235091,0.45868516,-0.054992285,0.62076354,0.488570094,-0.069376223,0.50736016,0.403715611,-0.00053664,0.617263079,0.371031284,-0.050021861,0.628829598,0.492774308,-0.06374339,0.59174931,0.509502888,-0.065156519,0.474598885,0.421949983,-0.031589441,0.59060663,0.390931845,-0.081893198,0.599287748,0.506438196,-0.070650026,0.558068573,0.52680254,-0.052750725,0.450420737,0.454620421,-0.064021133,0.549654186,0.426926672,-0.090815865,0.558899045,0.503743649,-0.076639436,0.520999372,0.526457667,-0.059946589
A,0.503681898,0.804054618,1.30E-07,0.592600465,0.699960589,0.009755909,0.642931998,0.593406737,0.012632821,0.665551066,0.503691614,0.007510277,0.660263181,0.427168339,0.007082735,0.577050924,0.518849015,0.03648258,0.623134196,0.457219481,0.022787087,0.629516602,0.509580255,0.019693488,0.611556768,0.509341538,0.021019593,0.540976942,0.507789493,0.019084666,0.599948704,0.449914068,0.00050297,0.605444074,0.523669839,-0.00479125,0.581691504,0.523197949,-0.001910219,0.506501079,0.501309991,-0.001093676,0.568012059,0.445576251,-0.024586722,0.573500931,0.526553869,-0.010952128,0.546966612,0.533103108,0.005702115,0.470254987,0.503464818,-0.020333894,0.53499788,0.454303414,-0.032966752,0.540507734,0.510157228,-0.013576847,0.513714075,0.527019143,0.00659844
A,0.544793308,0.755493641,-3.53E-07,0.624477506,0.675105751,-0.014758393,0.681513011,0.565356433,-0.028342126,0.713275433,0.467878282,-0.045785002,0.677715421,0.400366306,-0.055459686,0.590196967,0.408504456,0.014032671,0.664949,0.389444679,-0.023484996,0.656600535,0.491555691,-0.041025657,0.620258033,0.511824369,-0.048475195,0.546470761,0.404710263,0.002183825,0.633081734,0.386844873,-0.038414698,0.629668236,0.508071125,-0.04547121,0.595258415,0.521043658,-0.040767375,0.508075178,0.417736083,-0.016067924,0.600121856,0.399403006,-0.058631841,0.598829925,0.515745521,-0.041633897,0.561123073,0.532795727,-0.019818692,0.47357133,0.446037054,-0.035772882,0.56296134,0.422396541,-0.058426969,0.56413877,0.502991378,-0.039581627,0.527579367,0.526264966,-0.019071577
A,0.546158493,0.747061908,-5.15E-07,0.622453988,0.665803909,-0.019858014,0.682086229,0.560793459,-0.035617795,0.711323857,0.462280482,-0.055558886,0.674032092,0.397681952,-0.067315191,0.59509635,0.404636323,0.017916458,0.669724166,0.382732272,-0.025661619,0.663211584,0.48679933,-0.049402494,0.627433062,0.511988103,-0.060638942,0.551754057,0.399493396,0.007078615,0.637358785,0.386187851,-0.037569758,0.63249445,0.506309271,-0.047453802,0.595814347,0.518210948,-0.044514,0.510585785,0.412981033,-0.012214478,0.600271463,0.394777238,-0.060182739,0.599893391,0.510665357,-0.046916436,0.562023878,0.531887949,-0.026268005,0.470931232,0.442562371,-0.03360454,0.557331443,0.420624614,-0.060109939,0.561352372,0.500525177,-0.044762306,0.526026845,0.526034653,-0.025658896
A,0.549520373,0.743656039,-5.06E-07,0.624861419,0.662485182,-0.019555099,0.681626737,0.558407724,-0.036321651,0.710796177,0.460104614,-0.056565627,0.67399621,0.394471765,-0.068541422,0.587360263,0.398561537,0.01186021,0.665461183,0.379331768,-0.031015597,0.659224808,0.48428911,-0.053218499,0.622634649,0.506644964,-0.063919604,0.545136154,0.394800663,0.000743525,0.635112584,0.382703185,-0.044322874,0.631535888,0.502600551,-0.053966407,0.594884932,0.514211774,-0.051275555,0.50653851,0.409614384,-0.017924551,0.599851906,0.393023372,-0.064729847,0.600316823,0.507937431,-0.0504729,0.561969519,0.527656138,-0.02997024,0.470613748,0.439705342,-0.038555589,0.557691813,0.417621464,-0.063800782,0.562494457,0.496569484,-0.047569543,0.527140439,0.521493971,-0.028374441
A,0.549285233,0.734619319,-4.92E-07,0.624617159,0.658987045,-0.023062939,0.679211497,0.553677619,-0.038511466,0.707386613,0.456760406,-0.057506252,0.67351681,0.386992902,-0.067919105,0.589887381,0.40554294,0.013178491,0.657245398,0.365229726,-0.030664871,0.65838021,0.472902894,-0.052127108,0.627048552,0.504915535,-0.060869958,0.549844146,0.404368818,0.004393897,0.629096508,0.370077491,-0.04252959,0.630933523,0.492072999,-0.05231468,0.595071197,0.512742043,-0.048166946,0.510240078,0.418002516,-0.013013439,0.595647395,0.381914854,-0.062464651,0.599853933,0.49923867,-0.049268689,0.561704397,0.526005805,-0.027791187,0.470767379,0.446100652,-0.032581091,0.555224061,0.411687702,-0.060327571,0.562334478,0.4912709,-0.045722827,0.526746154,0.520610034,-0.02685266
A,0.548517227,0.733561099,-4.62E-07,0.626131475,0.657790363,-0.022737306,0.678916812,0.55400753,-0.035196774,0.710963845,0.461398602,-0.052206531,0.695037007,0.373624593,-0.060539912,0.605775654,0.427595258,0.015997777,0.650392473,0.352360636,-0.025808003,0.666331947,0.452670723,-0.042939153,0.641123176,0.499987274,-0.045578465,0.567189217,0.428317487,0.008707287,0.623360991,0.363124788,-0.036807645,0.636822999,0.482375354,-0.047705147,0.600665867,0.51312685,-0.042894568,0.524859905,0.437156916,-0.007505912,0.588002682,0.37439096,-0.057666712,0.59937948,0.490916282,-0.04681896,0.561381876,0.524085581,-0.025227547,0.476877034,0.456624955,-0.025347516,0.547306478,0.401068956,-0.054540515,0.561680317,0.478283018,-0.040108927,0.528530896,0.513591588,-0.020341417
A,0.547457457,0.732919693,-4.35E-07,0.626535118,0.66141361,-0.019817319,0.679361761,0.558784962,-0.031969462,0.713546872,0.46964407,-0.048663098,0.706863821,0.381255031,-0.05659036,0.60535419,0.418287247,0.011348043,0.648496985,0.342193425,-0.030231453,0.668710589,0.444378972,-0.046630912,0.647105575,0.49553144,-0.04909341,0.564820051,0.419403642,0.001394689,0.623637915,0.352017403,-0.045113664,0.638944209,0.475031435,-0.055985279,0.604310572,0.510340095,-0.051375937,0.521333873,0.429848611,-0.016609961,0.588845372,0.370630801,-0.067270316,0.600776851,0.488426596,-0.055606276,0.564313829,0.521285951,-0.03400977,0.473982036,0.452460259,-0.035925929,0.548123181,0.402124822,-0.066314109,0.561548829,0.482083231,-0.050901026,0.527724862,0.516128838,-0.030760195
A,0.531975567,0.764394164,-6.82E-07,0.623636365,0.668053448,0.001325319,0.67930305,0.56934005,-0.009471141,0.718289316,0.490503073,-0.030638134,0.744345188,0.408623725,-0.045597162,0.589058936,0.390782058,0.023306485,0.642572701,0.331938207,-0.012915019,0.666909933,0.428307742,-0.031534147,0.651753306,0.499035418,-0.037389345,0.546210051,0.387652278,0.000596586,0.623497546,0.336735129,-0.036311444,0.645217478,0.457574815,-0.047949817,0.619750679,0.521754026,-0.047488421,0.503688455,0.400632262,-0.027724149,0.588918328,0.353384197,-0.068226814,0.605468392,0.470012814,-0.058660191,0.576991379,0.530926943,-0.041951142,0.462692261,0.43581742,-0.056504223,0.54560703,0.386712193,-0.081884615,0.565788329,0.467783242,-0.06610354,0.543681562,0.522142172,-0.047271501
A,0.53540206,0.754002094,-4.84E-07,0.622725308,0.670207858,-0.009378358,0.679643214,0.570951521,-0.022968,0.719464779,0.48878786,-0.043940291,0.745202541,0.404996932,-0.057116427,0.596673429,0.412193418,0.015556292,0.639273047,0.335933805,-0.021591073,0.666033804,0.428828329,-0.03804272,0.649883509,0.492221981,-0.04166482,0.556729674,0.409771085,-0.001004539,0.61793828,0.344700009,-0.041635379,0.640556335,0.461930692,-0.052895624,0.612177789,0.51522392,-0.050922118,0.51395905,0.419070244,-0.024183469,0.58728224,0.354619652,-0.068481088,0.60646069,0.469542623,-0.056930061,0.576772153,0.522182465,-0.037242956,0.468777418,0.445860416,-0.048357613,0.543112218,0.387737662,-0.076665513,0.564503431,0.466084182,-0.061233509,0.540862918,0.514481664,-0.041525677
A,0.533127666,0.747895658,-4.85E-07,0.619982839,0.669718504,-0.010266785,0.678009093,0.570899487,-0.021552136,0.716250718,0.488682777,-0.040489852,0.739028692,0.404336274,-0.051699929,0.601451278,0.427337974,0.017027574,0.638584733,0.338929832,-0.020767514,0.664672852,0.434439242,-0.035601795,0.649186194,0.501096129,-0.036844444,0.562939167,0.424051225,0.001622659,0.620635927,0.349406004,-0.041264512,0.63999176,0.467944026,-0.051935554,0.610879421,0.523372114,-0.048021927,0.519685388,0.430093884,-0.020996625,0.589500189,0.360872388,-0.068435416,0.60549891,0.477999032,-0.057742964,0.576299191,0.532790303,-0.036972687,0.472094446,0.450853169,-0.044501945,0.54434669,0.389105737,-0.075057626,0.564880252,0.469080389,-0.060885049,0.542400658,0.519989669,-0.041356724
A,0.534136057,0.749344587,-4.02E-07,0.621052504,0.670295715,-0.009879673,0.677571058,0.571276188,-0.021458801,0.715279877,0.490739167,-0.040334646,0.73909235,0.407146245,-0.051364288,0.596939981,0.426789314,0.015238393,0.639968455,0.342923403,-0.022555334,0.665549338,0.438743532,-0.036913682,0.648155749,0.505038738,-0.037956528,0.557731926,0.423285782,-0.000800363,0.622749686,0.347663403,-0.04395261,0.64217329,0.467954218,-0.054353818,0.612400472,0.524142981,-0.0501085,0.514452398,0.430111438,-0.023770031,0.591912627,0.363989085,-0.071443409,0.606440783,0.482731611,-0.060200848,0.575030208,0.536402047,-0.039050058,0.467464447,0.453190535,-0.047459129,0.546201289,0.395176709,-0.078019343,0.565466762,0.475922108,-0.062958606,0.540134132,0.52467823,-0.042922452
A,0.537744582,0.745895386,-3.93E-07,0.622005463,0.671641827,-0.012548689,0.678893507,0.570922256,-0.02512916,0.716275454,0.488173306,-0.044157416,0.740421474,0.403984845,-0.054998096,0.598910332,0.425787181,0.012261469,0.640404224,0.337311983,-0.026593875,0.667648137,0.432670861,-0.040893093,0.650210738,0.496654779,-0.041710198,0.559831262,0.422337472,-0.00219203,0.622698128,0.342398614,-0.046894286,0.645387113,0.462909698,-0.057557493,0.614917338,0.516407549,-0.05304531,0.516496539,0.429448903,-0.023706043,0.592987299,0.359728336,-0.07339406,0.610233605,0.480298698,-0.062445249,0.578044534,0.532166064,-0.041067816,0.469868809,0.452131957,-0.045916904,0.54938072,0.398187548,-0.078471273,0.568146348,0.481499374,-0.064434469,0.539722204,0.529181421,-0.044746619
A,0.531262338,0.739133298,-3.30E-07,0.617712736,0.66801244,-0.012278358,0.676223755,0.566630781,-0.024038594,0.712943554,0.482132137,-0.043190654,0.73573333,0.397156537,-0.055181701,0.604720473,0.434615254,0.012607736,0.635233521,0.327350348,-0.028039351,0.667025685,0.403280765,-0.044070907,0.654841363,0.466388822,-0.045139723,0.565955281,0.432385415,-0.001717931,0.620112658,0.341351867,-0.051312469,0.642882347,0.460141391,-0.064357556,0.612805665,0.520469606,-0.05934681,0.521453261,0.437409967,-0.023185844,0.588921189,0.362236887,-0.078741327,0.604442656,0.484726757,-0.070047006,0.570726514,0.541002035,-0.047306102,0.469170988,0.455216467,-0.045020875,0.544692576,0.396140575,-0.08101178,0.564752281,0.477379829,-0.068313606,0.535853505,0.525399029,-0.048231624
A,0.531802237,0.740996718,-3.46E-07,0.62026608,0.666495919,-0.008420696,0.676712096,0.56538403,-0.017826747,0.714273214,0.481430322,-0.035740066,0.736994326,0.3969374,-0.046613071,0.609520316,0.431910098,0.019402592,0.638635933,0.323162168,-0.020091841,0.667271018,0.400561303,-0.035564203,0.652423203,0.463323861,-0.036156375,0.571666777,0.42924428,0.003427082,0.622031868,0.337444544,-0.045225676,0.643137038,0.457189202,-0.058724664,0.61335212,0.516325891,-0.053912435,0.526803076,0.433396488,-0.019582801,0.590608954,0.35706532,-0.075047597,0.605202079,0.482387304,-0.066312164,0.571985722,0.539607882,-0.043166317,0.47287637,0.451133996,-0.042627122,0.545981884,0.39086318,-0.079226427,0.566476464,0.474357188,-0.065993793,0.538620055,0.523088932,-0.045014348
A,0.53271693,0.746587157,-3.68E-07,0.622462153,0.667448461,-0.008776135,0.677874744,0.566149235,-0.018598961,0.71655947,0.481317878,-0.036892172,0.739628434,0.395668805,-0.047740001,0.608784199,0.429208159,0.01971055,0.643688083,0.326046377,-0.019505112,0.668276966,0.413247943,-0.034881279,0.648666799,0.476791918,-0.03588485,0.570685446,0.427316844,0.003795536,0.625166655,0.336321175,-0.043691963,0.645168543,0.459150314,-0.057021983,0.61473465,0.517281771,-0.052832536,0.525523186,0.432300031,-0.019175323,0.593789577,0.355667889,-0.07356555,0.608114362,0.483011723,-0.064200945,0.573873639,0.539805293,-0.04130923,0.471768886,0.451798916,-0.042250637,0.548855186,0.391766578,-0.078286275,0.569113851,0.477422386,-0.064489879,0.540540099,0.525925994,-0.043456282
A,0.530658126,0.747050166,-3.57E-07,0.618496835,0.670126081,-0.012212765,0.67640084,0.567397833,-0.023981996,0.715458632,0.482174188,-0.04322071,0.739450395,0.396185011,-0.054669965,0.606205106,0.425809741,0.01431072,0.640942037,0.322785974,-0.025793217,0.667107582,0.408382088,-0.040894639,0.64801228,0.470679879,-0.041592006,0.567489624,0.423947811,-0.000221201,0.623416007,0.33405745,-0.048500575,0.643736243,0.458662391,-0.060677733,0.612776041,0.517019331,-0.055486016,0.522466183,0.429876179,-0.021978853,0.591500998,0.356625021,-0.077242665,0.605548978,0.484055728,-0.0676907,0.570940495,0.54025209,-0.04451653,0.469420433,0.450643778,-0.044080365,0.546647191,0.393019348,-0.080675952,0.567178786,0.478147,-0.067319438,0.538763821,0.525950074,-0.046565391
A,0.528031409,0.749187648,-3.95E-07,0.618210435,0.669929624,-0.009781933,0.675778925,0.565672517,-0.019899109,0.714289844,0.479976565,-0.038368803,0.738536119,0.394293994,-0.049219046,0.605859697,0.427322149,0.018971756,0.640638947,0.322745383,-0.020553876,0.665901303,0.408460438,-0.035600957,0.647166967,0.470445931,-0.036363229,0.567279875,0.425709993,0.003298012,0.624207377,0.336449802,-0.045174286,0.642846286,0.461382687,-0.057681099,0.61108166,0.518847167,-0.052562159,0.522423506,0.430724442,-0.019642454,0.592446864,0.356705844,-0.074775435,0.604894757,0.485056758,-0.065097064,0.569645762,0.541168988,-0.041711483,0.46940732,0.449562967,-0.042829704,0.546541274,0.390461981,-0.078675926,0.566054285,0.475454122,-0.064905562,0.537601531,0.522959232,-0.043893505
A,0.527135432,0.750225544,-4.14E-07,0.616742373,0.67129904,-0.012686098,0.674906075,0.567714334,-0.02456574,0.713667095,0.48111853,-0.043938797,0.738920033,0.394836217,-0.055306729,0.606799066,0.425848901,0.014183833,0.644194663,0.322888851,-0.026276847,0.667823434,0.415118545,-0.04106513,0.646465302,0.475507498,-0.041797161,0.567283571,0.424224496,-0.000324184,0.624593139,0.334182829,-0.048199289,0.643191218,0.461640805,-0.05967126,0.610729337,0.51592499,-0.054529093,0.521954,0.430006474,-0.022187514,0.592129648,0.356033564,-0.076998949,0.604909539,0.485163778,-0.066214643,0.569467485,0.538639843,-0.042667791,0.46880427,0.449548215,-0.044489983,0.545793116,0.390250832,-0.080182068,0.565638125,0.476593465,-0.065729231,0.537064135,0.523658216,-0.044524673
A,0.526698589,0.749479175,-3.64E-07,0.617160976,0.669729054,-0.011895019,0.675636053,0.567555904,-0.023626801,0.714263558,0.481362373,-0.043256771,0.739253879,0.394355774,-0.055002078,0.604341984,0.426188529,0.017087473,0.638762295,0.320601553,-0.023393925,0.664126933,0.404103994,-0.038858473,0.646001637,0.464420378,-0.039738897,0.565895021,0.424724698,0.002272496,0.624922752,0.336953849,-0.047101535,0.64276576,0.46187368,-0.059815615,0.610765994,0.517870009,-0.054717563,0.521042228,0.42942363,-0.02003618,0.592830122,0.359030426,-0.075932935,0.60411644,0.486765683,-0.06638696,0.568599999,0.541246235,-0.04289398,0.468107402,0.447714239,-0.042747185,0.546444356,0.390986413,-0.078871913,0.565622926,0.476760149,-0.065108418,0.53706795,0.523737729,-0.043919791
A,0.52416712,0.747506976,-2.77E-07,0.614311814,0.670406938,-0.01141174,0.673063099,0.567991734,-0.02345931,0.711249053,0.481333375,-0.043614794,0.735117316,0.393066406,-0.056315724,0.603057921,0.424973994,0.017708465,0.631462038,0.313659489,-0.021960858,0.662960291,0.380228013,-0.037092969,0.650925159,0.4398911,-0.037511028,0.564743817,0.423780859,0.002597853,0.621745706,0.332382262,-0.0468603,0.64352566,0.453690231,-0.059593417,0.612829089,0.511630356,-0.053926978,0.520530343,0.429237127,-0.019850187,0.589822531,0.356462747,-0.075898774,0.604097724,0.483046323,-0.066235378,0.568900704,0.539117873,-0.042356033,0.467888415,0.44905439,-0.042706758,0.544014335,0.391415745,-0.079587638,0.564379275,0.476386636,-0.066038363,0.535405934,0.523922205,-0.044725005
A,0.525125027,0.75152576,-4.10E-07,0.616627276,0.670134187,-0.013160413,0.674448848,0.567002416,-0.025476681,0.712082505,0.479508758,-0.045358408,0.736569405,0.391803265,-0.057073485,0.607432723,0.426174879,0.01569478,0.642484188,0.321347117,-0.024950759,0.666261852,0.410078079,-0.040316828,0.646267235,0.470636904,-0.041222759,0.568848491,0.425103366,0.001680015,0.625739276,0.335826993,-0.046677288,0.642789662,0.462148011,-0.058797456,0.610197723,0.515490472,-0.05380531,0.523439705,0.430294693,-0.019827489,0.592285216,0.356519908,-0.075056091,0.604588926,0.485388428,-0.064402111,0.569640219,0.538705766,-0.040621389,0.469313562,0.449193835,-0.041821826,0.545351326,0.390197664,-0.077432945,0.56457603,0.477629185,-0.062593445,0.535636485,0.524422407,-0.040865652
A,0.525709331,0.749513566,-3.57E-07,0.615305901,0.673611999,-0.01468745,0.672969699,0.569342375,-0.027470153,0.709281683,0.481402099,-0.047375228,0.734592795,0.393863738,-0.058948912,0.605716169,0.424270988,0.013500742,0.637982666,0.319149613,-0.028255505,0.664968252,0.405472726,-0.043861028,0.647427261,0.465932399,-0.044451501,0.567832947,0.422895521,2.43E-05,0.62460798,0.332496643,-0.049978565,0.643559992,0.459162861,-0.062343594,0.611363232,0.513476253,-0.056758475,0.523456454,0.427813441,-0.021066569,0.592884183,0.355864704,-0.078267425,0.605236292,0.485634685,-0.068253063,0.569256008,0.538731337,-0.044102151,0.470359385,0.446662188,-0.042619787,0.547040284,0.391374618,-0.079492196,0.565681696,0.479086161,-0.065258905,0.53575635,0.524918437,-0.043545134
A,0.522943616,0.749859929,-3.80E-07,0.613083541,0.67287457,-0.015083673,0.671746969,0.5693717,-0.027545705,0.709327221,0.481565684,-0.047125809,0.734551311,0.393732309,-0.058587585,0.607840657,0.427178562,0.014705834,0.639966965,0.323535323,-0.025801186,0.666099012,0.408807844,-0.041355625,0.649460614,0.469450474,-0.042434011,0.570257723,0.424792737,0.001622185,0.624706626,0.335565746,-0.047420014,0.64301616,0.46017912,-0.060160734,0.612170279,0.515982866,-0.055209313,0.525570929,0.428753972,-0.019100528,0.592613816,0.355174839,-0.075272538,0.604626477,0.483318537,-0.065765306,0.570032597,0.538335741,-0.042346139,0.471633673,0.446580648,-0.040450335,0.546753168,0.389820576,-0.077404246,0.565318584,0.476678103,-0.064047396,0.536714733,0.523661673,-0.043101709
A,0.51989162,0.745811701,-2.54E-07,0.609565437,0.670869112,-0.013164094,0.668216109,0.566637397,-0.024200112,0.703288257,0.476921737,-0.04307358,0.728942633,0.38746956,-0.054898698,0.602981627,0.424626648,0.020623358,0.630509496,0.31469059,-0.018193875,0.659888446,0.379958332,-0.034004908,0.64961189,0.438963413,-0.034806896,0.566219091,0.422582686,0.007357758,0.619412839,0.334457397,-0.041384544,0.63783437,0.45226562,-0.055665173,0.610074699,0.510490417,-0.050862014,0.522416055,0.426463187,-0.013520444,0.588460565,0.356657267,-0.069751278,0.599182308,0.480372608,-0.062638521,0.566388786,0.53789252,-0.039871294,0.468641877,0.443538964,-0.034831822,0.542558849,0.387663901,-0.072015539,0.561125278,0.473570645,-0.059957106,0.534515679,0.522909522,-0.039253395
A,0.519643903,0.74772501,-3.73E-07,0.610791683,0.66916883,-0.013405827,0.668547511,0.563872576,-0.024176266,0.704066157,0.475620568,-0.042443264,0.730963647,0.389105141,-0.05309467,0.606255531,0.422201395,0.019181604,0.637420833,0.318560779,-0.019347334,0.661165059,0.398610592,-0.034302413,0.644973695,0.455155075,-0.035259139,0.568539679,0.420790255,0.006241703,0.622188151,0.33659485,-0.040755369,0.637985587,0.45845294,-0.053491719,0.608232737,0.510802686,-0.048834573,0.523367286,0.425277531,-0.014295924,0.589311004,0.356573403,-0.069371551,0.599910617,0.482390881,-0.060903914,0.567030191,0.535592496,-0.038183477,0.468352288,0.442658961,-0.035235845,0.542203069,0.38710016,-0.071196832,0.561066926,0.474324405,-0.058074437,0.534594536,0.521098018,-0.037248883
A,0.517656744,0.746477365,-3.30E-07,0.609302938,0.669706464,-0.013735081,0.668134987,0.565228522,-0.024578948,0.703317702,0.476101995,-0.042907983,0.729814231,0.38830936,-0.053811509,0.605466962,0.422943413,0.019984985,0.63538605,0.316622347,-0.01806665,0.660293341,0.390636623,-0.033144362,0.646080136,0.446349204,-0.034199383,0.567954242,0.421033919,0.007354178,0.620577633,0.336143553,-0.039932735,0.636056185,0.455681562,-0.053402036,0.606495738,0.508696795,-0.049031328,0.523085952,0.424853802,-0.012902193,0.588247538,0.356383532,-0.067972481,0.597990751,0.480455548,-0.060164433,0.564983487,0.533983231,-0.037759282,0.468064964,0.441155732,-0.033628415,0.541727483,0.387499869,-0.06964191,0.559687316,0.47375685,-0.057180248,0.532770991,0.520098507,-0.036767926
A,0.514569044,0.745115042,-3.68E-07,0.605764687,0.667318881,-0.016279392,0.662968397,0.564951837,-0.029283106,0.695504248,0.474021733,-0.04892353,0.72309351,0.385744929,-0.060648162,0.602790773,0.420860708,0.013628796,0.638046682,0.318358481,-0.024631878,0.658310056,0.403321207,-0.038290001,0.637956798,0.460290194,-0.038350489,0.564729035,0.419181287,0.0024217,0.617896378,0.333572984,-0.042385262,0.632199705,0.455402076,-0.053392217,0.60242182,0.507745445,-0.048485462,0.519854963,0.423814595,-0.016299983,0.584483564,0.355151892,-0.06953156,0.593880594,0.480256349,-0.060052443,0.561458111,0.534643948,-0.037493475,0.465338707,0.441035151,-0.03562006,0.538047612,0.386346459,-0.070447855,0.555551708,0.473403633,-0.057018463,0.52877748,0.521200836,-0.036464207
A,0.514779747,0.745650649,-3.55E-07,0.605926871,0.665670276,-0.015123161,0.662234426,0.562100351,-0.02759232,0.695798397,0.473186851,-0.047077067,0.723877668,0.386767268,-0.058890797,0.601181269,0.422687024,0.015145678,0.636239409,0.319189847,-0.023482548,0.658449173,0.399545193,-0.038158301,0.641003966,0.455823332,-0.039088625,0.563240767,0.421489835,0.003143501,0.617470741,0.337403327,-0.043008905,0.630935133,0.457504451,-0.055278726,0.600376189,0.508776724,-0.051018275,0.518310249,0.426097333,-0.016335297,0.583830237,0.356967747,-0.070074275,0.593031883,0.480623484,-0.060791332,0.560330153,0.533349216,-0.038303245,0.463414192,0.44311586,-0.036393117,0.536347508,0.388539344,-0.071320713,0.55406177,0.474360257,-0.057706088,0.527210176,0.520345688,-0.036999203
A,0.514080405,0.74448365,-3.27E-07,0.605221212,0.665487111,-0.014846855,0.661817908,0.561603665,-0.027370725,0.693941832,0.472068101,-0.04697315,0.723533571,0.385852158,-0.058960736,0.601193845,0.423528254,0.015856139,0.635133088,0.317766935,-0.023862004,0.658924997,0.389734983,-0.038889464,0.642972469,0.445125192,-0.039667811,0.562899292,0.421294123,0.003446535,0.617678404,0.336910367,-0.044606168,0.630989194,0.456878752,-0.057088476,0.599851429,0.507619202,-0.05220351,0.518079638,0.424948901,-0.016511751,0.583711684,0.355941772,-0.072080843,0.592268586,0.480929017,-0.06216016,0.558817446,0.532595992,-0.038492739,0.463089526,0.441546112,-0.03697484,0.535910726,0.387025476,-0.072828069,0.553308129,0.473016232,-0.05864973,0.52615422,0.517321169,-0.03705588
A,0.513815343,0.744346976,-3.17E-07,0.604066849,0.664496541,-0.014143464,0.660146475,0.561461747,-0.026938861,0.693369091,0.474166214,-0.047028899,0.722602844,0.388023317,-0.059706144,0.601566732,0.423577279,0.015576549,0.635341167,0.317097545,-0.02473796,0.660493374,0.38692075,-0.040540807,0.645397305,0.443447351,-0.041630972,0.563335061,0.421465814,0.002563307,0.619057059,0.33867979,-0.045573086,0.631943405,0.458078116,-0.057986338,0.600308597,0.50867784,-0.053101227,0.518359542,0.424905151,-0.017989339,0.584161818,0.357181311,-0.073403738,0.592573583,0.481195688,-0.063360125,0.559227645,0.53285712,-0.039767694,0.463199168,0.440940678,-0.039024509,0.535747409,0.387274057,-0.074741751,0.553104222,0.473858416,-0.060015548,0.525952578,0.519253314,-0.038048249
A,0.513504267,0.745678186,-3.44E-07,0.604635596,0.664903164,-0.012923875,0.660457373,0.560998559,-0.024449775,0.693606257,0.472993523,-0.043647461,0.723243594,0.387259513,-0.055701416,0.602398753,0.424973071,0.018718727,0.636872113,0.319513798,-0.020663209,0.660020828,0.390110791,-0.036655363,0.644090116,0.445593685,-0.038191903,0.564584017,0.422897935,0.005223549,0.620242059,0.339907348,-0.042292457,0.631512761,0.458346725,-0.055320386,0.599735677,0.509489715,-0.050919659,0.519621909,0.426317841,-0.015808593,0.585102022,0.358427644,-0.070947185,0.591838896,0.48158446,-0.061874673,0.558228374,0.533507884,-0.038877357,0.464248329,0.441762149,-0.037186496,0.536124885,0.386389405,-0.072580062,0.552601397,0.472916633,-0.058094982,0.525601268,0.519080043,-0.036398746
A,0.511464059,0.746506095,-1.97E-07,0.603910863,0.666079581,-0.010731365,0.661628127,0.56174314,-0.02104803,0.695217967,0.472665131,-0.03979481,0.725194454,0.385694385,-0.052624196,0.599913299,0.429614842,0.024493277,0.626028121,0.320554942,-0.010706103,0.655868709,0.358453333,-0.024753543,0.649867117,0.404328763,-0.026068278,0.562906384,0.426075071,0.009631028,0.619187355,0.340955347,-0.038547039,0.632000387,0.454486459,-0.052415092,0.600869894,0.505687594,-0.047535539,0.519274294,0.427405745,-0.012418051,0.584940135,0.358343005,-0.069271117,0.592344224,0.479079247,-0.061112333,0.557779551,0.530563891,-0.037792455,0.464241028,0.441181242,-0.034588728,0.536331296,0.385173261,-0.072414778,0.553504527,0.470633537,-0.058985397,0.525797248,0.516306877,-0.037438229
A,0.511963964,0.745633721,-1.68E-07,0.604506791,0.666376114,-0.012133187,0.661552131,0.563529372,-0.023853282,0.69555366,0.474737823,-0.043783095,0.724810123,0.387564719,-0.057646114,0.600150526,0.427874178,0.022254167,0.626734972,0.321824908,-0.014150758,0.657326996,0.360314906,-0.028400293,0.651837528,0.406974822,-0.029542049,0.561990142,0.424837112,0.00797433,0.619060397,0.342452288,-0.040638793,0.631267428,0.457199633,-0.053588361,0.60024035,0.506931424,-0.047996596,0.517883182,0.426803738,-0.013650205,0.584579766,0.360167563,-0.071028389,0.59104228,0.481397569,-0.061669014,0.556159616,0.531683326,-0.037443601,0.462773919,0.44186464,-0.03553731,0.535981119,0.386868477,-0.073603407,0.552686453,0.471900523,-0.059539828,0.525047541,0.516114295,-0.037383996
A,0.509427309,0.741494298,-2.18E-07,0.600307941,0.662846386,-0.013392208,0.656990111,0.561197579,-0.024839092,0.690184772,0.47199589,-0.044223126,0.716343284,0.384055257,-0.057438124,0.599151313,0.427005649,0.021504004,0.627643526,0.321369052,-0.015811244,0.65538758,0.371439695,-0.031484045,0.647567749,0.421000361,-0.03338138,0.561038554,0.423939228,0.008360519,0.615305245,0.341314137,-0.039845821,0.6263237,0.456276,-0.05355652,0.596056283,0.506846011,-0.048851248,0.516442001,0.426351696,-0.012317128,0.580221176,0.357885391,-0.06931676,0.585789323,0.478632927,-0.061177619,0.552277803,0.530641079,-0.037881188,0.460542798,0.440963268,-0.033317056,0.531448662,0.384503216,-0.071091451,0.547739387,0.469490051,-0.057725895,0.521601975,0.515881002,-0.036118105
A,0.507938027,0.740931749,-2.28E-07,0.598988652,0.661134005,-0.012880136,0.655403733,0.559245825,-0.024418892,0.690084219,0.4709391,-0.04375976,0.716750324,0.383903205,-0.056286536,0.596146524,0.425710827,0.020438112,0.627404034,0.323872507,-0.016858436,0.65557456,0.380992442,-0.031168591,0.645597935,0.432745606,-0.031952042,0.558227658,0.4223423,0.006894009,0.613657534,0.341777921,-0.04099904,0.625302017,0.457079023,-0.054300852,0.593859017,0.505192697,-0.049656447,0.513841391,0.424182951,-0.014030669,0.57837975,0.355899692,-0.070454329,0.585252702,0.477329373,-0.061669387,0.551000774,0.528160989,-0.038416967,0.458212137,0.438527852,-0.03524407,0.530996621,0.384245872,-0.072780773,0.547329843,0.469991982,-0.059136491,0.519721389,0.515340567,-0.0375067
A,0.507887065,0.738312483,-2.88E-07,0.597553551,0.659394741,-0.014457787,0.653325677,0.556850553,-0.025956715,0.688104093,0.468793392,-0.044853259,0.714185417,0.38257575,-0.056540485,0.596984982,0.425461322,0.018186985,0.628329039,0.321704149,-0.020623183,0.653580606,0.391161144,-0.035920378,0.640326977,0.445946753,-0.036912516,0.558415473,0.423077673,0.005794034,0.610695779,0.340986788,-0.041901503,0.622270167,0.458134174,-0.055025104,0.591195762,0.506528318,-0.050482944,0.513221681,0.426072925,-0.014224818,0.575293005,0.355822146,-0.069993265,0.58235687,0.477303237,-0.060938779,0.549490571,0.527826786,-0.037660401,0.457182288,0.440570951,-0.03466275,0.527608693,0.382816255,-0.070952632,0.544062376,0.467645079,-0.056778647,0.518172503,0.513368905,-0.034954928
A,0.506969631,0.737815261,-1.79E-07,0.59643054,0.658611178,-0.011861564,0.651881218,0.555984318,-0.022748869,0.687172234,0.468517214,-0.041794088,0.712538242,0.382083476,-0.054669764,0.594715297,0.424431026,0.02219346,0.62159735,0.32029444,-0.014295999,0.651487648,0.366841018,-0.029011147,0.645409882,0.417349398,-0.030142054,0.556409001,0.421432078,0.008503639,0.610121548,0.340063274,-0.039082509,0.622266769,0.453736693,-0.052323252,0.592496634,0.503549099,-0.047281142,0.51177752,0.42365405,-0.012466426,0.574810445,0.355143636,-0.068324342,0.582365394,0.474662364,-0.059476491,0.549707532,0.526686549,-0.036030971,0.455699682,0.438470066,-0.033716887,0.527350545,0.383268774,-0.070997812,0.543730915,0.467833817,-0.057316057,0.5173738,0.514146686,-0.035524845
A,0.505481839,0.734611988,-2.67E-07,0.593833745,0.656323314,-0.016819054,0.649878383,0.553748012,-0.029584786,0.685343981,0.465116501,-0.049191464,0.70896405,0.377517968,-0.061713606,0.594057798,0.419288129,0.015720401,0.627037108,0.319401264,-0.023841837,0.651320577,0.390817314,-0.040681936,0.638257563,0.446040183,-0.042907078,0.55453527,0.416745245,0.00456766,0.60752362,0.336620569,-0.042658977,0.61831373,0.453832388,-0.056108531,0.587902069,0.502916694,-0.052145414,0.508317292,0.420480788,-0.014276573,0.570884705,0.351982236,-0.069499731,0.577717781,0.473621428,-0.060538288,0.545491576,0.525357544,-0.037653286,0.451640308,0.436443746,-0.033789601,0.523150682,0.381282717,-0.070145324,0.539484084,0.466415435,-0.056145698,0.513892412,0.512706101,-0.034468342
A,0.505636096,0.733967781,-1.49E-07,0.59419179,0.654822111,-0.011886006,0.649368763,0.552459776,-0.022984233,0.683678389,0.465380192,-0.042181633,0.708532274,0.378991157,-0.055551548,0.591176569,0.421989977,0.021463247,0.614999473,0.316920936,-0.013947212,0.646637321,0.354766846,-0.02778852,0.644153237,0.402795136,-0.028617695,0.552928388,0.419017076,0.00780207,0.605880022,0.337070435,-0.039489299,0.618300617,0.449634075,-0.051867113,0.589373648,0.500051081,-0.046078786,0.508671463,0.421517819,-0.013001,0.570477724,0.352235198,-0.068732545,0.578957021,0.470903248,-0.059336547,0.54727751,0.523589849,-0.035496831,0.452741146,0.437240273,-0.034095477,0.522976458,0.380709857,-0.071657225,0.540422082,0.46479091,-0.057914123,0.515253782,0.511632621,-0.036034726
A,0.504557848,0.73218298,-1.35E-07,0.592618883,0.653527498,-0.014369541,0.648481727,0.551998079,-0.026953684,0.682802618,0.465123385,-0.047026917,0.707738161,0.378814667,-0.060960621,0.590660572,0.421146035,0.017839443,0.614865005,0.318381071,-0.018254686,0.646406651,0.357685208,-0.03200214,0.643117249,0.405754715,-0.032675494,0.551817536,0.418261975,0.005367201,0.605235279,0.33811906,-0.042554282,0.618120372,0.450628728,-0.054769017,0.588830411,0.500218868,-0.048908126,0.507183611,0.420421153,-0.01429127,0.569535255,0.351275861,-0.070488334,0.578213871,0.470502049,-0.060603879,0.546001434,0.523274899,-0.03644985,0.450800657,0.435706675,-0.034433097,0.521996439,0.38051033,-0.072323322,0.539100349,0.46459958,-0.058494091,0.513143897,0.510973155,-0.036484882
A,0.505089879,0.7312603,-2.01E-07,0.592440605,0.653085053,-0.014260997,0.648434758,0.550587654,-0.025869178,0.683681548,0.463989079,-0.044812623,0.7080338,0.377649754,-0.057320256,0.590959072,0.419548482,0.018182604,0.618431032,0.318646997,-0.019464577,0.648817599,0.373637348,-0.034963693,0.642717242,0.425557077,-0.036617864,0.552553236,0.416958302,0.005662811,0.604200542,0.337314457,-0.042166106,0.61711812,0.451260328,-0.055799983,0.58731848,0.500169098,-0.051462125,0.507393837,0.420332432,-0.014158874,0.5687778,0.350579262,-0.069930233,0.577723861,0.470683277,-0.060715575,0.545911551,0.52232492,-0.037360772,0.450635374,0.436650455,-0.034448788,0.520888984,0.380469888,-0.07182724,0.538369954,0.464704931,-0.057845004,0.513012469,0.510451972,-0.035928324
A,0.505075693,0.728834212,-1.40E-07,0.590992272,0.652590334,-0.015393682,0.647618055,0.55028832,-0.027900297,0.682411134,0.463235855,-0.04745315,0.706210554,0.376593262,-0.060835354,0.590270221,0.418241501,0.015783031,0.614560783,0.31418395,-0.020979701,0.646179199,0.358424515,-0.035499409,0.643445313,0.409036547,-0.036525231,0.55118078,0.415580779,0.004188897,0.602721453,0.335723221,-0.043226015,0.616273403,0.448122203,-0.055549808,0.588433027,0.498610437,-0.050104897,0.505978703,0.418677807,-0.01460881,0.567263305,0.350544304,-0.069990225,0.576485574,0.469299614,-0.0602751,0.545615911,0.522450447,-0.036581092,0.449333251,0.435016334,-0.034013189,0.519991398,0.380948126,-0.071484491,0.5373739,0.464430302,-0.057918075,0.512160242,0.510572135,-0.036247663
A,0.503066719,0.727682412,-1.27E-07,0.590412676,0.64964056,-0.014469324,0.646745563,0.549379349,-0.027999962,0.682352483,0.463037372,-0.049042396,0.705756009,0.376818568,-0.063971981,0.588122487,0.418031186,0.016048396,0.614113808,0.314946592,-0.020691929,0.647601485,0.355300963,-0.034551542,0.645118773,0.40510565,-0.035074465,0.549417913,0.41556406,0.003533291,0.603673398,0.336055934,-0.04407021,0.617551446,0.449059129,-0.055197958,0.588389039,0.497604758,-0.048749279,0.505340099,0.418207318,-0.016197337,0.568210721,0.349486411,-0.071261235,0.578821719,0.467597514,-0.060277592,0.547413945,0.520047128,-0.035900366,0.449833572,0.434500933,-0.036618188,0.521420121,0.382045656,-0.074150883,0.539180994,0.465022832,-0.060285836,0.512936532,0.510853529,-0.038434774
A,0.499563158,0.7264539,-1.28E-07,0.58686161,0.648815274,-0.015368641,0.642614126,0.548665702,-0.02783291,0.677857339,0.460696191,-0.047942702,0.697721303,0.371755451,-0.062199973,0.585667431,0.418613702,0.01918309,0.612945676,0.314172119,-0.01832472,0.644578278,0.356145531,-0.034039784,0.642088175,0.406719446,-0.035638832,0.547049046,0.415764868,0.007232279,0.599416077,0.334136903,-0.040563058,0.611217916,0.446045101,-0.053078018,0.5835917,0.497765392,-0.047419079,0.502174854,0.418547422,-0.012409857,0.56356436,0.348902583,-0.06821274,0.570769548,0.465883762,-0.05900507,0.539685071,0.52066493,-0.035319261,0.446085572,0.434287727,-0.032852039,0.516674817,0.378807247,-0.071127109,0.533220589,0.460635215,-0.058399133,0.50831759,0.508519292,-0.037103947
A,0.499636948,0.726377904,-1.32E-07,0.586263716,0.648485899,-0.015616605,0.641320407,0.547406614,-0.028734753,0.677344561,0.459995359,-0.049261246,0.700246036,0.371735901,-0.063629292,0.584215164,0.417015135,0.017904297,0.612306833,0.312852561,-0.020192746,0.644959629,0.35830614,-0.036438141,0.64196974,0.409552574,-0.038482234,0.545760036,0.414510518,0.005882151,0.600076616,0.333735645,-0.042528797,0.612351775,0.446655303,-0.055809621,0.582429945,0.496815443,-0.050834306,0.50113219,0.417540759,-0.013724768,0.563527644,0.348136932,-0.069326736,0.571932673,0.465354681,-0.060013264,0.539935529,0.517876387,-0.036576666,0.445289642,0.433395982,-0.034105916,0.516396224,0.379708052,-0.071628876,0.532942474,0.462225884,-0.058212906,0.506472886,0.508312345,-0.036680654
A,0.498703927,0.72594893,-1.02E-07,0.585207999,0.647769868,-0.016020544,0.640836418,0.546569824,-0.029900789,0.677084327,0.458910257,-0.051190283,0.699219704,0.370941818,-0.066583954,0.58368212,0.416454852,0.016683105,0.609721243,0.312339485,-0.020628631,0.643868446,0.349869907,-0.035769101,0.643348753,0.399504334,-0.037114102,0.544642329,0.414312005,0.004907301,0.599063396,0.333558828,-0.04307751,0.611275673,0.446053922,-0.055006791,0.581655741,0.495487154,-0.04897419,0.500107348,0.417538524,-0.014381918,0.562120855,0.347601771,-0.069918916,0.570838928,0.464470088,-0.059702061,0.539043427,0.51741606,-0.035618559,0.444248319,0.433957428,-0.034485992,0.514900148,0.379007399,-0.07235153,0.531996727,0.460957438,-0.058829326,0.506045163,0.507361948,-0.037122805
A,0.497443855,0.725672781,-1.86E-07,0.583229125,0.649047196,-0.017452415,0.638669968,0.546291888,-0.030351315,0.673700333,0.456955492,-0.049983472,0.695281982,0.368076175,-0.062956877,0.583220422,0.414827645,0.01484166,0.612305641,0.308832407,-0.02476272,0.643493593,0.366791159,-0.041348696,0.637433708,0.423197657,-0.042929307,0.544501007,0.412752569,0.004021834,0.595817745,0.327317029,-0.04440577,0.609159887,0.442413539,-0.057591897,0.580487311,0.495949119,-0.052566413,0.499088585,0.416866601,-0.014543678,0.559684753,0.345122576,-0.070124932,0.568239033,0.464239895,-0.061055046,0.537524104,0.519276142,-0.037665468,0.442931473,0.433706909,-0.033996601,0.513164699,0.377854288,-0.071508422,0.529792249,0.460799873,-0.058544811,0.50461185,0.50826627,-0.037294433
A,0.498082638,0.724771917,-1.39E-07,0.583557785,0.647308707,-0.017066797,0.638464868,0.545388222,-0.031558093,0.673737168,0.457732707,-0.052916043,0.694911242,0.369825363,-0.067862637,0.583187044,0.413962245,0.011776695,0.609004915,0.306980371,-0.027556151,0.642513156,0.353902519,-0.043099668,0.640786707,0.406863511,-0.044350371,0.543816924,0.412466615,0.000372492,0.596469522,0.329204291,-0.048497085,0.609887004,0.4435969,-0.05993684,0.581193089,0.493121326,-0.053805981,0.498705208,0.416334391,-0.018531501,0.559766948,0.346342415,-0.074312605,0.568930805,0.464488298,-0.063501738,0.537691116,0.516463995,-0.039329544,0.443048894,0.432952821,-0.038341127,0.513254523,0.380114973,-0.076140746,0.529875398,0.462968737,-0.062446866,0.503325105,0.508119524,-0.040829811
A,0.497045666,0.724520087,-1.45E-07,0.582890034,0.645626307,-0.016367184,0.637396812,0.544822156,-0.030833704,0.672788382,0.457689226,-0.052454669,0.692865372,0.368929625,-0.067771688,0.582550287,0.413864642,0.013331217,0.609263659,0.308231324,-0.026172057,0.64216131,0.355228782,-0.042180877,0.639121532,0.408820033,-0.043681145,0.543186367,0.411932766,0.001320308,0.596401811,0.327956319,-0.0475494,0.609319568,0.442439616,-0.059418153,0.579851627,0.492741704,-0.053511105,0.4979738,0.415334672,-0.018229147,0.559760749,0.344830871,-0.074102141,0.568463385,0.463225573,-0.063462056,0.536563039,0.515745938,-0.03933239,0.441996276,0.431818038,-0.038651586,0.512598157,0.377907991,-0.076501124,0.529392183,0.461109579,-0.062604174,0.502971292,0.507051229,-0.040815875
A,0.492950529,0.721228838,-1.87E-07,0.579327703,0.644166231,-0.017279387,0.634452105,0.542300344,-0.030981837,0.668706656,0.454605252,-0.051621143,0.687073171,0.365248024,-0.065544181,0.578045726,0.407649398,0.013405603,0.605604827,0.300712705,-0.02572866,0.636561871,0.356448233,-0.040883593,0.630622089,0.412430137,-0.04139664,0.538898289,0.40689683,0.002366854,0.590563893,0.324294865,-0.04555887,0.604361176,0.439792156,-0.057119008,0.576314449,0.491688639,-0.051079877,0.493647546,0.411910623,-0.016384535,0.554459929,0.342798054,-0.071854122,0.563527942,0.462678641,-0.061890174,0.533196092,0.517628014,-0.038004611,0.438499421,0.429594606,-0.036042091,0.507719994,0.373601973,-0.073675141,0.52483058,0.456593037,-0.060493987,0.500045896,0.504519165,-0.039067313
A,0.493495166,0.721652865,-2.63E-07,0.579071045,0.643088222,-0.019835196,0.633347929,0.54214865,-0.034900531,0.666566789,0.454630494,-0.05583122,0.684984565,0.365994334,-0.069404557,0.57817167,0.405943036,0.007431772,0.606941164,0.301113188,-0.033624619,0.636323929,0.372076571,-0.049289107,0.628144264,0.42818287,-0.050399262,0.539474845,0.405558169,-0.002717138,0.589270413,0.320221603,-0.051572789,0.603724599,0.439610958,-0.063176326,0.575165272,0.490212739,-0.057681434,0.493969709,0.410927355,-0.020575967,0.552857816,0.340963542,-0.076912157,0.562926233,0.462554395,-0.066844232,0.53286916,0.514928699,-0.043240242,0.438296586,0.428613096,-0.039364651,0.505224288,0.373998344,-0.077213682,0.522971272,0.459220469,-0.063677795,0.4979783,0.50627476,-0.042320188
A,0.491238475,0.721876383,-2.58E-07,0.577616513,0.642422736,-0.019251551,0.631695807,0.541664004,-0.034246683,0.665064812,0.454075724,-0.055417683,0.683622301,0.365313113,-0.069380678,0.577015221,0.40534088,0.009547983,0.605698764,0.300678194,-0.031195968,0.635805368,0.369761318,-0.047055904,0.628265321,0.424766392,-0.048407938,0.53820312,0.404992908,-0.000925081,0.587352097,0.32030946,-0.049101729,0.601971447,0.438638568,-0.060762148,0.573709011,0.487723231,-0.055504568,0.492747158,0.410510153,-0.019196594,0.550813854,0.340617657,-0.074927308,0.560957432,0.460819185,-0.064905539,0.530928552,0.512232125,-0.041569322,0.437285244,0.428234667,-0.038422767,0.503467202,0.373652995,-0.075858563,0.521068573,0.458083034,-0.062270362,0.495866746,0.504728079,-0.041013423
A,0.49071008,0.721523762,-2.34E-07,0.576734483,0.64194119,-0.019317217,0.631144643,0.541368127,-0.034311961,0.664068937,0.453365803,-0.055502661,0.682087421,0.364006937,-0.069605738,0.576200008,0.404314041,0.010130094,0.603265941,0.298404574,-0.030141411,0.633627713,0.36340335,-0.04583377,0.628218949,0.417924792,-0.047090553,0.536980808,0.40417552,-0.000198033,0.585745931,0.319031,-0.048098911,0.600769103,0.436677635,-0.059561376,0.573868394,0.48659277,-0.054065667,0.491319686,0.410111606,-0.018334841,0.549614251,0.340576828,-0.073854797,0.559791505,0.460567415,-0.063705266,0.530483961,0.51278311,-0.040150501,0.435773432,0.428289205,-0.037457403,0.501703024,0.372577012,-0.07481502,0.519275427,0.456548542,-0.0611993,0.494520664,0.50331676,-0.039806288
A,0.488026619,0.721353352,-1.27E-07,0.574903548,0.640811443,-0.018089669,0.629334509,0.541475415,-0.033369545,0.661454558,0.453600854,-0.055507585,0.679573536,0.363482416,-0.071957044,0.575760245,0.404940844,0.013478186,0.597872674,0.300972253,-0.024668004,0.631542444,0.339464843,-0.040445093,0.633830309,0.387463927,-0.042534124,0.535712183,0.40397805,0.002483967,0.585018933,0.321504116,-0.045082256,0.59868288,0.434157789,-0.056126446,0.573091686,0.484798282,-0.049871475,0.489969611,0.409028172,-0.016207719,0.547822118,0.340946376,-0.072026208,0.557516396,0.457343161,-0.061637141,0.528861403,0.510978997,-0.037643898,0.433822453,0.42759794,-0.035898481,0.499385148,0.373238444,-0.074573092,0.516819358,0.456192404,-0.061268251,0.492585182,0.503605723,-0.039761391
A,0.485206068,0.720611811,-8.81E-08,0.571707308,0.640302777,-0.015549747,0.626395583,0.540160239,-0.029751198,0.66100359,0.45250687,-0.051364835,0.678913176,0.363027155,-0.067605175,0.573312938,0.407924473,0.015656607,0.595081985,0.304985404,-0.020887833,0.631026864,0.335582584,-0.035042502,0.635012031,0.381420791,-0.036116168,0.533827662,0.406742215,0.003377904,0.584011793,0.322835147,-0.043581411,0.597328901,0.434677899,-0.053547274,0.57101649,0.484028518,-0.046195865,0.489021003,0.411017925,-0.016256172,0.546907425,0.340148836,-0.071328379,0.556820631,0.456501782,-0.059246164,0.527468383,0.509466112,-0.034041233,0.433280855,0.428976029,-0.036757693,0.498814702,0.372550517,-0.074914992,0.515690982,0.454516232,-0.060332164,0.490762174,0.501014352,-0.037865128
A,0.486038595,0.719635606,-7.64E-08,0.570965111,0.643578529,-0.015291393,0.626703978,0.541790485,-0.028733905,0.661411762,0.454376847,-0.049132086,0.680414975,0.36638552,-0.064341947,0.574394047,0.410357177,0.013150079,0.5961411,0.307657301,-0.022539197,0.632835329,0.335761189,-0.035684589,0.637639761,0.381442964,-0.036167361,0.53557539,0.408695132,0.000985383,0.585600734,0.323467076,-0.046041671,0.59809804,0.434941262,-0.05573225,0.57098639,0.48625356,-0.048029192,0.491159678,0.413150966,-0.01815377,0.548578799,0.341625184,-0.073376447,0.557757974,0.457824528,-0.061444174,0.527837515,0.511101604,-0.036196422,0.435174018,0.431206763,-0.037975878,0.500552595,0.373994827,-0.076298207,0.517590225,0.45526579,-0.061859086,0.492726088,0.500995576,-0.039528199
A,0.48747322,0.71762836,-8.48E-08,0.571923196,0.64277339,-0.015649049,0.627395213,0.541563451,-0.028334143,0.66188699,0.453947693,-0.047655646,0.681677341,0.365671217,-0.06155999,0.574171305,0.40970853,0.013311825,0.598511577,0.307151914,-0.02215324,0.634111404,0.342330098,-0.035687841,0.636109769,0.389886349,-0.036606733,0.535874367,0.407435417,0.001329844,0.586192727,0.32040289,-0.045609485,0.599197388,0.431839377,-0.056957588,0.571274698,0.48507598,-0.050687607,0.491389424,0.412264585,-0.017526126,0.550033092,0.340547979,-0.072552487,0.558963418,0.45741865,-0.061760552,0.528372943,0.510990679,-0.037422508,0.435425222,0.430761248,-0.037017301,0.502243161,0.373816371,-0.075132623,0.518860161,0.455206633,-0.061003912,0.493416011,0.500787675,-0.039085623
A,0.488840759,0.716991544,-8.04E-08,0.572849929,0.64233464,-0.016578214,0.629398704,0.541680396,-0.030085979,0.664591908,0.45439449,-0.04995558,0.683106482,0.366197854,-0.064285249,0.575133502,0.409472317,0.011312511,0.598971307,0.306978047,-0.024571819,0.634815693,0.342344046,-0.038146477,0.637375295,0.389773667,-0.039009009,0.536523461,0.407610923,-0.000123614,0.586149931,0.321801901,-0.046931867,0.599619389,0.433531493,-0.057384156,0.572372973,0.485921383,-0.050627604,0.491942823,0.412579983,-0.01850215,0.549416125,0.340362638,-0.072883882,0.559425592,0.45664835,-0.061163016,0.529766738,0.510323763,-0.036491845,0.436185002,0.431084961,-0.03770848,0.502487123,0.374092937,-0.075368248,0.519847691,0.454889834,-0.061048463,0.494976282,0.50053066,-0.039083816
A,0.489898264,0.716375828,-9.11E-08,0.573674679,0.642411113,-0.016146503,0.630244851,0.541663051,-0.029005274,0.665690958,0.45442754,-0.048302203,0.684586942,0.366442204,-0.062163651,0.575836837,0.409044892,0.012647321,0.600813389,0.307316303,-0.023158668,0.635742068,0.343310803,-0.037513703,0.63743192,0.389923602,-0.039121989,0.537092686,0.406864256,0.001080302,0.586936057,0.322692394,-0.045704883,0.600668728,0.433364421,-0.057300653,0.573527396,0.486071438,-0.051607501,0.492254883,0.412201405,-0.017403636,0.550085664,0.340648293,-0.071619548,0.560548425,0.456320345,-0.060846519,0.531375647,0.510184705,-0.037001267,0.436553925,0.431272715,-0.036682472,0.50300914,0.373993695,-0.074414186,0.520459354,0.454576612,-0.060636602,0.496203482,0.500635862,-0.039152037
A,0.489499986,0.715697765,-8.73E-08,0.572805882,0.642720819,-0.016448868,0.630808294,0.54319495,-0.02973903,0.667126358,0.456362367,-0.049533602,0.684781849,0.36806187,-0.063936681,0.577703774,0.409597814,0.013213269,0.602095425,0.30800885,-0.02355372,0.636525333,0.340848923,-0.038597349,0.638569355,0.386909038,-0.040286727,0.53855741,0.407114387,0.001770575,0.587774336,0.323370188,-0.045256693,0.600684226,0.434105605,-0.056043964,0.57426548,0.486413747,-0.049445365,0.493478388,0.411915541,-0.016865058,0.550334811,0.340585768,-0.071249977,0.560210109,0.455891877,-0.05980273,0.531511545,0.509629488,-0.035328008,0.437566817,0.43048206,-0.036423124,0.503220141,0.373996347,-0.07408502,0.520095527,0.454504967,-0.060027327,0.496014118,0.500572085,-0.038208012
A,0.489970624,0.715405524,-1.17E-07,0.573417425,0.642741799,-0.017365595,0.631031513,0.543587208,-0.030710675,0.666566253,0.456892014,-0.050284456,0.685395539,0.368799567,-0.064212166,0.578354716,0.409695983,0.011924687,0.605111837,0.306780159,-0.025875924,0.638136089,0.347906113,-0.041684862,0.637647688,0.397185326,-0.043622736,0.539646685,0.407157838,0.001007989,0.589226186,0.323021948,-0.046241254,0.601295888,0.434180886,-0.05801503,0.573942959,0.487197012,-0.052388899,0.494223267,0.412104577,-0.017183127,0.551478088,0.340222239,-0.071541287,0.560724616,0.455570281,-0.060932849,0.531942308,0.509865582,-0.037138417,0.437725902,0.43029967,-0.036308907,0.503367782,0.372704178,-0.073925041,0.520448744,0.453306079,-0.060164038,0.496775508,0.500189602,-0.038600639
A,0.490115911,0.716971517,-1.62E-07,0.575059414,0.64225781,-0.018666487,0.6315943,0.544067264,-0.032571573,0.665905237,0.456914067,-0.052390676,0.685455084,0.368618727,-0.06579794,0.579114497,0.41039753,0.00996669,0.60680455,0.306046844,-0.028686974,0.638446569,0.358480841,-0.044071991,0.634055734,0.411572069,-0.04535364,0.540699124,0.408257991,-0.000301195,0.588302195,0.322523177,-0.047886658,0.601827562,0.434902072,-0.060091913,0.574502349,0.488147885,-0.055001438,0.494999111,0.412770599,-0.017965406,0.550402999,0.338345885,-0.072380669,0.560659885,0.454599321,-0.062241767,0.532163739,0.509667933,-0.038859982,0.437950432,0.429952204,-0.036668684,0.50290525,0.370952249,-0.074505217,0.520916224,0.451672614,-0.061392784,0.49745214,0.499132067,-0.040285114
A,0.491122186,0.717854261,-2.47E-07,0.576220751,0.644020021,-0.020111375,0.633496165,0.547035694,-0.034865491,0.668807924,0.459019214,-0.055099778,0.690486491,0.369460255,-0.068188727,0.58429575,0.408950418,0.007760407,0.61606586,0.306997567,-0.032591932,0.640915275,0.373664021,-0.048993647,0.627674222,0.426523179,-0.050832044,0.545151651,0.406278521,-0.00199261,0.591200888,0.31990537,-0.048816226,0.604398966,0.434478819,-0.061060399,0.576378047,0.485695601,-0.056721509,0.498437047,0.410980523,-0.019317104,0.552127719,0.336863756,-0.073179595,0.563717246,0.455137193,-0.063036442,0.535943866,0.509516001,-0.040120956,0.4407067,0.428018779,-0.037764762,0.504699945,0.370289057,-0.074458599,0.523691475,0.452572972,-0.060856257,0.500839591,0.50056076,-0.039747078
A,0.490073115,0.719952822,-3.37E-07,0.576653659,0.645563424,-0.020269224,0.632352233,0.546764433,-0.034989368,0.667956293,0.458842903,-0.05522465,0.689676106,0.37098977,-0.067501903,0.584214807,0.406246036,0.006727979,0.623769224,0.306394517,-0.034351278,0.640526295,0.392333806,-0.050905716,0.618722856,0.446417451,-0.053027686,0.543588042,0.40378511,-0.00277009,0.591689646,0.319495022,-0.047619406,0.604505777,0.43862319,-0.058575705,0.576295912,0.486909807,-0.054675873,0.496259779,0.4092623,-0.019998206,0.552087545,0.335671157,-0.071687683,0.563953996,0.457376659,-0.060333461,0.536196947,0.510985196,-0.037770938,0.439650804,0.426566064,-0.038512271,0.505681038,0.368974477,-0.073307462,0.523532331,0.452195317,-0.059297133,0.499550849,0.500095248,-0.038678214
A,0.489727765,0.723551035,-3.80E-07,0.579793572,0.644546986,-0.014613381,0.634926558,0.543161094,-0.026354093,0.668293715,0.456264943,-0.044884,0.691316009,0.371192873,-0.055872802,0.584636569,0.404203117,0.012905848,0.623384178,0.309138179,-0.026222972,0.640510082,0.398708373,-0.041759394,0.621202886,0.450470328,-0.043922342,0.543407142,0.401182026,0.000883621,0.591832399,0.321825564,-0.041876614,0.604842722,0.440726638,-0.051893491,0.577271104,0.485302985,-0.048137296,0.495329738,0.406371832,-0.018547077,0.552818179,0.335019529,-0.068780378,0.564560771,0.457789838,-0.056778949,0.536608338,0.509400666,-0.034522291,0.438318044,0.42424345,-0.038845249,0.505747736,0.368800968,-0.072578713,0.523660123,0.454091847,-0.057909425,0.499474406,0.501244724,-0.037300188
A,0.488865525,0.72578913,-3.95E-07,0.579986453,0.645764291,-0.017082579,0.635614038,0.544179678,-0.029903382,0.668314099,0.455254704,-0.048774943,0.693114996,0.369477034,-0.059780102,0.587298393,0.404989004,0.010474868,0.624647856,0.314977318,-0.027846184,0.639560938,0.40931344,-0.042672094,0.619378328,0.463639408,-0.044640299,0.545609713,0.40167281,-0.000118894,0.591153443,0.32322973,-0.042023826,0.604038894,0.44288969,-0.051545806,0.578086257,0.490519226,-0.047733914,0.496602535,0.407379478,-0.018127631,0.550749779,0.332511008,-0.067491569,0.563938081,0.455485612,-0.054878574,0.537990987,0.510236502,-0.032601457,0.4382599,0.426907331,-0.037220396,0.50434804,0.368981451,-0.071070172,0.52293402,0.45427072,-0.056565054,0.50051111,0.503011823,-0.036099646
A,0.481043339,0.717346907,-4.09E-07,0.572798967,0.638299823,-0.017339047,0.631399274,0.532831132,-0.027916083,0.659313321,0.443828225,-0.043776501,0.683526456,0.360271931,-0.052798603,0.583504736,0.399915189,0.006476004,0.624872625,0.315645278,-0.028761912,0.632222474,0.40676555,-0.041493006,0.607120812,0.462615937,-0.042334672,0.542241037,0.39669764,-0.002921727,0.589505494,0.314970672,-0.042947672,0.596009314,0.432036996,-0.051556975,0.56967932,0.487227827,-0.046869867,0.493298709,0.402860552,-0.018848674,0.544944942,0.320853472,-0.065833114,0.555424452,0.44010815,-0.05278391,0.531913877,0.502164066,-0.030249014,0.432816058,0.422653556,-0.035753675,0.493908435,0.358712643,-0.069005832,0.512010276,0.440168083,-0.054443892,0.493581265,0.491946399,-0.033871207
A,0.48361516,0.715532303,-1.27E-07,0.571619213,0.636768401,-0.01656262,0.630842805,0.53031224,-0.025962982,0.663408577,0.441308975,-0.040457968,0.686299741,0.360126257,-0.050038293,0.571978927,0.403540403,0.008832249,0.598556101,0.30298537,-0.021179296,0.628330886,0.359197706,-0.038644347,0.626838863,0.416511267,-0.044223689,0.533356607,0.400289387,0.00024857,0.564907432,0.295480847,-0.034046534,0.596899807,0.3841241,-0.049274556,0.590186238,0.454363555,-0.05117958,0.48810032,0.405407757,-0.014061597,0.523085892,0.297275484,-0.0519908,0.556765497,0.393904477,-0.046218138,0.549793541,0.470215619,-0.031169506,0.43382442,0.42440775,-0.030215465,0.48075825,0.339317858,-0.061983049,0.509982884,0.406253308,-0.05408312,0.500858724,0.470378995,-0.03918729
A,0.489106596,0.707086921,1.63E-07,0.57005769,0.646983862,-0.018579192,0.637193918,0.53663516,-0.026124651,0.676699042,0.451476723,-0.036382355,0.704796612,0.38073054,-0.043723956,0.559153974,0.407486498,0.006417703,0.591163158,0.30026719,-0.017643929,0.636826515,0.329887867,-0.037472762,0.648162782,0.377730399,-0.045891859,0.518285751,0.394203484,0.000716303,0.553141415,0.269903541,-0.022684269,0.605102837,0.308295131,-0.042027995,0.618247747,0.368795007,-0.050806202,0.471308112,0.394536793,-0.010189304,0.496421158,0.263019681,-0.032604508,0.552984357,0.298224866,-0.040046033,0.572390318,0.359800786,-0.040527236,0.415484518,0.409952015,-0.023369379,0.431909084,0.302757889,-0.044545598,0.475457847,0.323685884,-0.045397028,0.495274633,0.378656566,-0.041283414
A,0.488079011,0.707134783,5.62E-07,0.575724781,0.6545192,-0.020908199,0.645406604,0.545880079,-0.026920589,0.692877293,0.466637164,-0.035907082,0.728979886,0.405187964,-0.042849381,0.553724051,0.390122473,0.016986787,0.595286787,0.312768996,-0.013516635,0.636908412,0.305936575,-0.044339459,0.666503191,0.328334868,-0.059905179,0.507304311,0.367734253,0.011828597,0.538807333,0.250022978,-0.012618834,0.586340129,0.214560106,-0.03756367,0.630480409,0.225923747,-0.050023142,0.459988922,0.369534045,-0.000979546,0.472929537,0.240118951,-0.02527236,0.518126905,0.197766855,-0.044837486,0.566702545,0.20273526,-0.052572861,0.409676433,0.396323323,-0.016743267,0.40696305,0.294930279,-0.037008889,0.433324337,0.245807707,-0.046963118,0.471791744,0.23477982,-0.049299411
A,0.487826794,0.707995057,6.55E-07,0.575617313,0.661799908,-0.025908131,0.649307907,0.55571723,-0.032893941,0.702125371,0.482215554,-0.041214343,0.746268153,0.43236655,-0.047721751,0.55082947,0.369288981,0.009139554,0.581728399,0.261392295,-0.011954505,0.612984002,0.212820366,-0.034743648,0.645763993,0.185871124,-0.049392287,0.499986798,0.354329437,0.003324129,0.497805178,0.222554833,-0.01181327,0.519748449,0.151236713,-0.031641617,0.549350023,0.108493984,-0.045952484,0.455289006,0.366888165,-0.00967314,0.451556206,0.24430126,-0.029167881,0.480795205,0.185559943,-0.045898963,0.518896103,0.149765074,-0.05624691,0.410996318,0.402303755,-0.026567234,0.392299354,0.307897896,-0.043707196,0.398522496,0.241163597,-0.052375518,0.420744002,0.18894349,-0.057491157
A,0.476571947,0.721586108,5.23E-07,0.577477574,0.666829348,-0.012432313,0.653023481,0.560792923,-0.012296195,0.708203614,0.494545102,-0.016817575,0.756106198,0.4632653,-0.019584468,0.555070639,0.367887408,0.034271069,0.574421823,0.267528892,0.024035992,0.594125509,0.212745234,0.00636276,0.617465377,0.165401846,-0.007597349,0.500984192,0.354097068,0.021739518,0.48789686,0.227634415,0.017731229,0.501703024,0.153762102,0.00603363,0.51997304,0.096487403,-0.002902261,0.457031548,0.367529243,0.002017968,0.434488356,0.25770992,-0.006147155,0.443859875,0.185227051,-0.014269142,0.459297478,0.123363614,-0.020011013,0.418536365,0.405203611,-0.021876626,0.385308743,0.321106941,-0.031990081,0.378254801,0.261897266,-0.034426313,0.381900191,0.205900118,-0.035193134
A,0.478115886,0.727708101,5.45E-07,0.584533095,0.671810567,-0.01148628,0.65816313,0.570037425,-0.008569312,0.713874817,0.511830926,-0.011281685,0.76167953,0.493826509,-0.011899949,0.56740582,0.361709952,0.045089256,0.583607078,0.260165453,0.050288685,0.590063155,0.202690244,0.046681572,0.596899748,0.154152811,0.041938424,0.508904696,0.350395292,0.0349616,0.493853211,0.226419166,0.047560729,0.491661191,0.155112147,0.050751332,0.489751935,0.096624166,0.053107858,0.46258226,0.366258979,0.017346229,0.438213348,0.258791387,0.02047761,0.437795997,0.192785397,0.022870922,0.436635256,0.13407439,0.025177389,0.421523452,0.405443251,-0.005042027,0.388727158,0.325469345,-0.011961361,0.375928134,0.268156648,-0.011701194,0.368864089,0.212937742,-0.008302439
A,0.477687061,0.730591536,4.51E-07,0.583086371,0.675037086,-0.009708017,0.656838953,0.574475408,-0.006585842,0.714591444,0.517098129,-0.00936768,0.761570394,0.495204657,-0.010253873,0.569936574,0.363440335,0.044846795,0.586989343,0.264517933,0.048099805,0.592042923,0.209053412,0.042431764,0.595348716,0.161756426,0.035864148,0.511652589,0.350333244,0.033214208,0.496014714,0.226914823,0.041823089,0.492892981,0.158007324,0.041216347,0.488983512,0.101263285,0.040641919,0.465313166,0.366126508,0.01444578,0.44030121,0.258913636,0.014469729,0.438885987,0.194385171,0.014095685,0.436338842,0.135957062,0.014224728,0.424366593,0.406863987,-0.008681882,0.391531736,0.325683415,-0.017838463,0.376319259,0.266853333,-0.01919787,0.365719944,0.210254431,-0.017310787
A,0.479783237,0.729215086,4.39E-07,0.584422469,0.676654696,-0.011904106,0.658719003,0.575834751,-0.009528792,0.716431856,0.518145025,-0.012407211,0.762474477,0.496717513,-0.013340857,0.572237432,0.361973435,0.040040839,0.590014935,0.261922568,0.041744284,0.594953597,0.206019774,0.035391934,0.597752631,0.159194082,0.028625,0.513817549,0.34973222,0.030057402,0.498864263,0.226255178,0.037300065,0.495588601,0.157481283,0.036284499,0.491445541,0.099826813,0.035409596,0.467220485,0.366180778,0.013048396,0.443486035,0.258444309,0.012559134,0.441282272,0.194051102,0.011868108,0.43799752,0.135070443,0.011666618,0.42575717,0.40756923,-0.008388083,0.392445743,0.327707291,-0.017609924,0.376070559,0.269709468,-0.019145485,0.36393711,0.213821366,-0.017462885
A,0.478343636,0.72746408,4.90E-07,0.583677351,0.677067518,-0.015142482,0.658444047,0.57592541,-0.014955497,0.717380166,0.518883348,-0.019840708,0.766441524,0.502607167,-0.022791676,0.575769722,0.360156804,0.038789444,0.59502691,0.26182887,0.039147343,0.599610031,0.206241846,0.030879255,0.600946784,0.15988186,0.022441549,0.515941501,0.34766975,0.028791359,0.502341568,0.222983077,0.033802666,0.499488503,0.153197467,0.029787702,0.494991541,0.096960783,0.026787149,0.467933685,0.36552307,0.01143829,0.446063548,0.255668759,0.008337694,0.444039673,0.189873964,0.004684016,0.440483809,0.131475538,0.002728484,0.42533797,0.409271538,-0.010525056,0.393570215,0.329412431,-0.021437353,0.376584172,0.271076441,-0.024709092,0.363664329,0.214823157,-0.024306552
A,0.47707957,0.727055967,4.87E-07,0.582257569,0.675352633,-0.01593988,0.658456326,0.577065945,-0.016729141,0.717521548,0.521443069,-0.022360804,0.766651154,0.503572822,-0.026112065,0.575017214,0.360730737,0.035783682,0.591666698,0.260998309,0.035539489,0.596037567,0.205582589,0.027090235,0.598162055,0.158349007,0.019000875,0.515991092,0.34854424,0.026914023,0.503625393,0.223438546,0.033296689,0.500171959,0.152215242,0.030154498,0.494964212,0.093604386,0.027507121,0.467980772,0.365665346,0.01087557,0.447571039,0.256433576,0.010382901,0.444789737,0.188361317,0.007782434,0.440288812,0.128467292,0.005976062,0.424842834,0.408803582,-0.009920005,0.393883228,0.329950631,-0.01793777,0.37838006,0.272012234,-0.019577056,0.366423249,0.216875732,-0.018355833
A,0.477258205,0.727118731,5.97E-07,0.582238436,0.67948252,-0.020475563,0.661326051,0.579544246,-0.022958035,0.722811282,0.522570729,-0.029677972,0.773226619,0.508555889,-0.034016412,0.579263449,0.359690666,0.03429009,0.597578585,0.255057871,0.035299778,0.602004588,0.195978969,0.028805286,0.604009569,0.148061901,0.022636745,0.518566012,0.347592503,0.027663393,0.507792652,0.218608856,0.035575382,0.502995372,0.142677903,0.035328284,0.496360868,0.08238852,0.035807695,0.469027579,0.364716589,0.013257341,0.450543314,0.251478404,0.013823326,0.447527379,0.180692971,0.013765126,0.441858292,0.120777428,0.014804653,0.423660129,0.407896906,-0.006564673,0.394944817,0.329812825,-0.013720655,0.377793491,0.270504534,-0.014348128,0.364258468,0.214187771,-0.011458481
A,0.475229114,0.73188448,5.66E-07,0.581763387,0.679438114,-0.017846733,0.660371661,0.58084625,-0.019221704,0.723373413,0.526758909,-0.025564361,0.773508251,0.509118974,-0.029430846,0.577148676,0.358007729,0.038783386,0.593649387,0.252667338,0.04093552,0.598128617,0.194892481,0.034840375,0.600184381,0.145916313,0.028996965,0.518069685,0.34549588,0.031004289,0.507281125,0.217051834,0.041430812,0.503357232,0.141785949,0.042937346,0.496834457,0.080308586,0.044686444,0.469505399,0.362991244,0.015363072,0.451319218,0.250945926,0.018626953,0.448041409,0.180216163,0.020796653,0.441244185,0.117674321,0.023241987,0.424386859,0.407325953,-0.005720144,0.39399302,0.33061415,-0.011178681,0.376336813,0.27187109,-0.010172654,0.36122483,0.216390967,-0.005847735
A,0.475889057,0.731292129,5.39E-07,0.582487762,0.678335369,-0.01868902,0.662901998,0.579966426,-0.02100322,0.725655138,0.527240515,-0.028018206,0.774083614,0.510072529,-0.032761686,0.577052116,0.357472301,0.034715921,0.592076838,0.252873361,0.034666687,0.596184909,0.195182204,0.026997052,0.598287642,0.146224976,0.020104511,0.517360985,0.344680727,0.0271402,0.506843805,0.215897679,0.035469241,0.503293097,0.140907586,0.035329435,0.497499079,0.07826215,0.035594206,0.468581587,0.362226576,0.011867578,0.451008558,0.248266965,0.013582438,0.448293954,0.177389264,0.014224592,0.442478329,0.113816798,0.015271461,0.423612654,0.407125562,-0.00876452,0.393207014,0.328966886,-0.01547113,0.376347601,0.269684494,-0.015548604,0.36202991,0.213198662,-0.012355275
A,0.474702179,0.731168509,5.30E-07,0.581818283,0.678447008,-0.018770533,0.662097335,0.581804276,-0.021906357,0.725114226,0.527331889,-0.029928759,0.774521708,0.509333849,-0.03577606,0.577428877,0.357897609,0.034699555,0.591629744,0.253206521,0.034698881,0.595210075,0.195320919,0.026670739,0.596672475,0.145712614,0.019151833,0.517886817,0.34443596,0.026508236,0.506953299,0.214461282,0.034499064,0.503163993,0.139063954,0.033792358,0.497159332,0.075077236,0.033288293,0.469209939,0.361571491,0.010627262,0.451319486,0.246505976,0.01203529,0.448290437,0.176303834,0.011839855,0.442255497,0.112371176,0.011979431,0.423670948,0.406666219,-0.010608898,0.392201126,0.327522635,-0.017361937,0.375068247,0.268087029,-0.017877843,0.360414684,0.211701974,-0.015393543
A,0.47318095,0.73055321,5.54E-07,0.579772174,0.678298235,-0.01971749,0.659389138,0.580703735,-0.023328714,0.723176301,0.528004646,-0.031426344,0.771770179,0.510290742,-0.03729685,0.57598716,0.354412854,0.032215547,0.590738654,0.248146638,0.030742742,0.595346928,0.189859957,0.021873262,0.597029865,0.141214937,0.014169468,0.5154863,0.341301143,0.024653643,0.504310966,0.208797008,0.030797044,0.499878079,0.131290942,0.029061647,0.492675483,0.067311436,0.0281292,0.465687156,0.359508038,0.009418768,0.448115587,0.24390994,0.010179465,0.444235623,0.170629919,0.008988514,0.436681151,0.104838103,0.008576959,0.419251561,0.406300485,-0.01113649,0.38779068,0.326417178,-0.017827719,0.368574947,0.265194058,-0.0187799,0.351513356,0.207436621,-0.016610451
A,0.469864845,0.732594967,5.68E-07,0.579318404,0.67837286,-0.019490045,0.658650577,0.581774712,-0.024096819,0.723022878,0.527845323,-0.034113891,0.773065567,0.513976991,-0.041933715,0.577458322,0.354292542,0.03588663,0.591858923,0.248685196,0.034681048,0.594917059,0.189853221,0.025918882,0.595154583,0.141213149,0.018152718,0.516406357,0.341016173,0.026745139,0.504871726,0.207769036,0.034023091,0.499948442,0.130217731,0.033767059,0.492094189,0.067139328,0.034197431,0.465856194,0.359699309,0.009386053,0.448333323,0.241273224,0.009632939,0.443874538,0.167372137,0.010069476,0.435398579,0.101878047,0.011266809,0.419131309,0.407010972,-0.013568654,0.387958556,0.327736259,-0.021943223,0.368928969,0.267569125,-0.022818254,0.351722777,0.210386232,-0.019966738
A,0.472743392,0.734291434,5.08E-07,0.580906749,0.677272558,-0.015350928,0.659110963,0.582075477,-0.018234726,0.722804189,0.531058252,-0.027242105,0.771528363,0.514275134,-0.034451891,0.578603745,0.353515685,0.037788093,0.591746986,0.24793157,0.035821427,0.595775485,0.190496802,0.026762754,0.596657395,0.142890096,0.018780814,0.517841578,0.33982265,0.026367275,0.505048811,0.20716466,0.032296322,0.499359548,0.130205363,0.031148363,0.49034515,0.067897618,0.030758541,0.467246979,0.359611273,0.00697073,0.447709322,0.241296649,0.005986345,0.441751182,0.166539788,0.004899968,0.431936473,0.09927547,0.004640289,0.420749187,0.408951283,-0.017479876,0.386108875,0.330096364,-0.028022412,0.365074813,0.26919204,-0.030767724,0.346287012,0.210622683,-0.029437061
A,0.477179021,0.73210156,4.18E-07,0.582767844,0.677621365,-0.01459277,0.660479963,0.582286835,-0.018072866,0.722184658,0.53065449,-0.027350238,0.770113468,0.515759468,-0.036055852,0.582617283,0.35065797,0.02717275,0.60192436,0.245573655,0.019635366,0.606086552,0.183248118,0.006812879,0.604345918,0.132676899,-0.005070036,0.519745648,0.335553348,0.01262223,0.499253243,0.196384266,0.008829622,0.489341646,0.119750291,0.000782333,0.476512015,0.059624165,-0.005088851,0.468202531,0.358509302,-0.009074839,0.435168773,0.233634263,-0.020357192,0.421028078,0.154231101,-0.030050818,0.405581653,0.080684096,-0.036387283,0.423485368,0.414208233,-0.034687407,0.377807319,0.326312959,-0.05514529,0.352811456,0.261422008,-0.065081432,0.332573414,0.196273446,-0.069360487
A,0.475980997,0.733483195,4.24E-07,0.582620621,0.675211549,-0.015441591,0.659797192,0.578647196,-0.021046329,0.7218647,0.52573061,-0.03306438,0.77080524,0.510864496,-0.044639431,0.579643607,0.349782228,0.027733816,0.598346472,0.245874435,0.020276289,0.602799892,0.183422893,0.007636639,0.601849735,0.132542163,-0.00455168,0.516791463,0.337420791,0.011411011,0.495131016,0.197114438,0.007973167,0.485599816,0.119476944,0.000686165,0.472313553,0.058438331,-0.005095242,0.465952933,0.363057137,-0.012655715,0.4318887,0.236692816,-0.02541198,0.416556358,0.154658109,-0.035416704,0.398828119,0.079470336,-0.042211555,0.422460675,0.418981075,-0.040865004,0.375247717,0.328054816,-0.063639991,0.348664761,0.262567461,-0.074619964,0.32605201,0.196523279,-0.079914562
A,0.478361487,0.733764589,4.33E-07,0.582042396,0.67631042,-0.017095193,0.659122288,0.576975703,-0.02276822,0.720483482,0.521286249,-0.034207013,0.769943953,0.507286251,-0.045206733,0.577371716,0.348916411,0.024292467,0.598366678,0.243679196,0.015519656,0.604940236,0.181175485,0.001349163,0.605673492,0.129227847,-0.012032018,0.514597535,0.335761607,0.009152306,0.493270725,0.194953203,0.004172415,0.483343542,0.117598444,-0.00551055,0.469268978,0.056398988,-0.013258014,0.464000523,0.361416548,-0.013436428,0.429797649,0.234630823,-0.027008303,0.413556576,0.151942194,-0.038972784,0.394950151,0.07641986,-0.047252201,0.420755744,0.418599159,-0.040092506,0.372458756,0.327334464,-0.06253317,0.344741136,0.261849046,-0.073775992,0.321149558,0.195927337,-0.079469182
A,0.477887452,0.734115362,4.74E-07,0.582721472,0.675687253,-0.018530091,0.660514772,0.575993121,-0.024247184,0.722668529,0.519156337,-0.035339613,0.774206519,0.503943563,-0.045735311,0.579495549,0.346872389,0.026025008,0.598700404,0.239974737,0.019935351,0.60203433,0.175855145,0.006754138,0.600578189,0.123016089,-0.006189667,0.514570415,0.334854484,0.012547404,0.495863736,0.193854898,0.010822089,0.487211078,0.115086466,0.001457564,0.474742293,0.05272001,-0.006561812,0.461538553,0.360233217,-0.008325462,0.430177331,0.233550727,-0.018542077,0.416267633,0.153355807,-0.030612728,0.400103301,0.079591125,-0.039647065,0.415999264,0.416965008,-0.03348339,0.372319102,0.326988697,-0.052102476,0.348754406,0.263172805,-0.061959147,0.329092562,0.199093118,-0.06738887
A,0.474066854,0.734558582,4.95E-07,0.581011593,0.675688267,-0.020236457,0.659210563,0.574374557,-0.025687879,0.722271085,0.516725421,-0.036189519,0.774824917,0.501678646,-0.045874946,0.579261482,0.345623702,0.026443442,0.59879756,0.237727493,0.021350222,0.602221727,0.173903137,0.008878006,0.600986958,0.121197194,-0.003539288,0.514117777,0.333764106,0.01437073,0.496336013,0.194111079,0.013864282,0.487866461,0.115186989,0.005283462,0.475597352,0.053004444,-0.002006697,0.460574806,0.359554738,-0.005327423,0.430841327,0.234450072,-0.014507588,0.418097138,0.155805707,-0.025981922,0.40328154,0.083233893,-0.034506805,0.414089441,0.416228473,-0.02954483,0.37127012,0.330289364,-0.047583885,0.348432779,0.26875025,-0.057259936,0.330010056,0.206349254,-0.062354218
A,0.475304961,0.734124064,4.80E-07,0.579433441,0.675738931,-0.02092623,0.657753229,0.574975252,-0.026933799,0.720641255,0.517743468,-0.037576709,0.773330569,0.500704646,-0.047332395,0.577302039,0.345579863,0.02348341,0.597938418,0.237328857,0.01615514,0.60180217,0.17443648,0.002091879,0.60018611,0.121847153,-0.010957062,0.512628734,0.333934367,0.012098958,0.495190263,0.194595948,0.009775659,0.486932367,0.116180301,-0.000249649,0.474532604,0.054350525,-0.008423309,0.459398538,0.359934181,-0.006671208,0.430258453,0.235507846,-0.016416825,0.418819785,0.156543463,-0.027743673,0.405136585,0.084526956,-0.036084376,0.412947357,0.416858524,-0.029939851,0.369489819,0.331196278,-0.047751926,0.346613944,0.269007027,-0.056726884,0.328375787,0.206638396,-0.06113242
A,0.475883633,0.733649313,5.23E-07,0.580623925,0.67564261,-0.022464707,0.658585966,0.57482636,-0.028904693,0.721039236,0.517303944,-0.039859161,0.77369988,0.50372386,-0.049789757,0.577129483,0.345220625,0.02439661,0.596986473,0.237385437,0.019054649,0.600472867,0.173654497,0.006396465,0.599482,0.121119499,-0.006004102,0.51180023,0.334079802,0.013578743,0.494088173,0.194241002,0.01315378,0.485656977,0.115608007,0.004255641,0.473823786,0.053653181,-0.003285672,0.458443433,0.360425264,-0.00487779,0.428913295,0.234953955,-0.013824402,0.41657874,0.156539291,-0.025530517,0.402566075,0.085158408,-0.034193341,0.412338167,0.417450815,-0.028034544,0.368385077,0.332347125,-0.045365673,0.345200866,0.27103284,-0.054746583,0.326983213,0.209218293,-0.059660211
A,0.478833973,0.734161437,5.13E-07,0.582924366,0.674930453,-0.021635005,0.66242516,0.576945961,-0.02841055,0.72515142,0.521822095,-0.039822888,0.777582347,0.505926847,-0.050325274,0.580396652,0.34437272,0.023524366,0.599208832,0.234859511,0.017570771,0.601743042,0.16952455,0.005057435,0.599888921,0.116311908,-0.007197397,0.514306724,0.333798945,0.011697439,0.495027602,0.191793755,0.010187577,0.485630006,0.112142354,0.001410882,0.473327994,0.050375581,-0.005857464,0.460579872,0.361243993,-0.007710769,0.428935379,0.233256549,-0.018406454,0.415353537,0.15439415,-0.03054123,0.400536627,0.082978576,-0.039206702,0.414475858,0.420427084,-0.031602543,0.368370354,0.333994567,-0.051843036,0.343935788,0.272101402,-0.062674105,0.324798048,0.20952031,-0.068175234
A,0.47976473,0.734663844,4.79E-07,0.582373798,0.675077319,-0.02192585,0.661338568,0.576816261,-0.030276589,0.724461734,0.520697355,-0.043152854,0.77858007,0.502969205,-0.055385016,0.580690145,0.344292253,0.018682215,0.600065351,0.234999433,0.009447061,0.603262901,0.169769451,-0.005472477,0.600925565,0.116256297,-0.019305617,0.514878213,0.333607912,0.006271173,0.495050818,0.191209361,0.001342613,0.485405326,0.11154595,-0.009777728,0.472271115,0.048658043,-0.018894669,0.461080462,0.361226827,-0.013435264,0.428683102,0.233293027,-0.026274227,0.415054739,0.152541071,-0.039849378,0.400270939,0.078974634,-0.049756873,0.414784074,0.420888603,-0.037463639,0.366963625,0.332863748,-0.058529381,0.341477394,0.269762158,-0.069720723,0.321172297,0.20647499,-0.075801395
A,0.48018828,0.735487342,4.91E-07,0.583876312,0.675765872,-0.0216791,0.663409412,0.577702761,-0.0294939,0.726892233,0.522476792,-0.041843336,0.780492187,0.504633367,-0.053600837,0.582155764,0.342579454,0.019789422,0.600674629,0.23081851,0.011798751,0.603233457,0.163887024,-0.002241528,0.600705087,0.109188855,-0.015782563,0.51590085,0.332756042,0.007048872,0.494617999,0.188068077,0.002909565,0.484580815,0.107227594,-0.008062814,0.471441597,0.044389278,-0.017197346,0.4621571,0.361547709,-0.013036553,0.427699208,0.231306911,-0.026323667,0.412560225,0.1498757,-0.040973756,0.396573067,0.075760335,-0.051535413,0.416186392,0.422774673,-0.037338119,0.367201477,0.333688229,-0.059851348,0.341716796,0.270792127,-0.072306983,0.321901083,0.207267597,-0.079165302
A,0.478833735,0.735941291,4.92E-07,0.58289206,0.676777005,-0.02379708,0.663513839,0.579201996,-0.033426374,0.727865577,0.523587286,-0.047250152,0.782682002,0.504048884,-0.060620412,0.583313107,0.343797445,0.015219983,0.601913989,0.231342927,0.00467456,0.605091989,0.16376403,-0.010968381,0.602863848,0.108666122,-0.025381574,0.516522527,0.333540201,0.002874336,0.495661527,0.187419087,-0.003706807,0.48514092,0.105972558,-0.015906859,0.471120775,0.042919278,-0.025760351,0.46204254,0.36212939,-0.016849644,0.428059906,0.230997294,-0.031669952,0.413046777,0.148476779,-0.046489216,0.397090673,0.07348603,-0.057110924,0.414937615,0.423299342,-0.040930245,0.36617583,0.332801551,-0.064074285,0.340480328,0.268548429,-0.076423265,0.320216238,0.203681737,-0.083248906
A,0.476549923,0.736140966,5.05E-07,0.582276702,0.676383853,-0.023426456,0.663871109,0.577974737,-0.032605562,0.729634285,0.522199094,-0.046189778,0.784636378,0.504821599,-0.059442081,0.583018303,0.342321813,0.016870979,0.602464199,0.227769256,0.007035365,0.60604763,0.15963757,-0.008547097,0.604306579,0.104362816,-0.023104832,0.515902638,0.332320482,0.004403658,0.495463818,0.186211139,-0.001611431,0.484796911,0.104360968,-0.014228468,0.470523179,0.041011482,-0.02463327,0.46114251,0.360753804,-0.015517643,0.427724719,0.229028672,-0.029719746,0.412691236,0.145584345,-0.044912603,0.396356821,0.069483757,-0.056029119,0.413616419,0.421664834,-0.039836694,0.365379453,0.329292834,-0.062412813,0.339577496,0.263729006,-0.074943841,0.319091618,0.197443843,-0.08213751
A,0.469383299,0.734890282,6.17E-07,0.57597208,0.673867106,-0.033026785,0.660823941,0.576307058,-0.047886707,0.728990853,0.520166993,-0.064789422,0.787648201,0.498065054,-0.081603803,0.578345001,0.343063176,-0.001120149,0.602010667,0.222345427,-0.018675758,0.609588087,0.148735732,-0.040116217,0.612888575,0.086846769,-0.058499288,0.509004593,0.333631933,-0.009904736,0.491040587,0.182283923,-0.024344403,0.481394678,0.093322903,-0.044331979,0.469030917,0.023323774,-0.060075164,0.45212549,0.363482714,-0.025886059,0.421335518,0.232223406,-0.044665128,0.40873909,0.144411713,-0.064731158,0.396387935,0.062801629,-0.079480246,0.404067576,0.424780607,-0.046770006,0.363238156,0.332404852,-0.069418378,0.34117192,0.263697714,-0.083120525,0.324068367,0.192625031,-0.09208566
A,0.470733702,0.736132264,6.25E-07,0.576251268,0.673962474,-0.032692388,0.660780668,0.57644397,-0.047800418,0.728904545,0.519284546,-0.065196283,0.788522899,0.497485161,-0.082442679,0.578206122,0.341801196,0.000548727,0.602120817,0.220325917,-0.016330227,0.609935999,0.146851033,-0.037780017,0.613753974,0.084518433,-0.056340486,0.50887996,0.333027124,-0.008593928,0.491952956,0.181772009,-0.021681659,0.483407676,0.092987359,-0.041744377,0.472070187,0.022448331,-0.057992548,0.451958418,0.363086283,-0.024927333,0.422411263,0.231969491,-0.042710111,0.411130011,0.144696891,-0.063075535,0.400044203,0.063780189,-0.078475825,0.403739631,0.424812913,-0.046196643,0.362240374,0.333725899,-0.068539098,0.340382814,0.265396774,-0.082392961,0.32368958,0.194618732,-0.09163107
A,0.473299354,0.737915158,6.91E-07,0.579781771,0.674788356,-0.033523489,0.663253069,0.577456355,-0.049841233,0.731715798,0.520551026,-0.068694964,0.790615499,0.495112836,-0.087298363,0.583241522,0.342868686,0.000873382,0.609306037,0.219385117,-0.014919107,0.61766398,0.142393589,-0.034766041,0.622109413,0.07713753,-0.052222811,0.513819754,0.335368067,-0.008784552,0.499010175,0.181359917,-0.020153498,0.492560238,0.090360731,-0.03808815,0.483652115,0.018562496,-0.052971832,0.456657946,0.365758657,-0.025919488,0.429602861,0.232016787,-0.04349209,0.420876026,0.144601732,-0.062204141,0.411835432,0.065847546,-0.076414511,0.407136559,0.427042395,-0.048177168,0.366792113,0.333904386,-0.071181983,0.347532898,0.26475969,-0.084360786,0.334440112,0.193540215,-0.092950508
A,0.472264707,0.737772584,6.68E-07,0.579296231,0.676674366,-0.033332299,0.664101958,0.578128994,-0.049301933,0.7319417,0.52295804,-0.06782037,0.788154244,0.494852543,-0.086258084,0.58367914,0.345865816,-0.000965999,0.610499918,0.22427839,-0.019366521,0.619329989,0.148574799,-0.040511224,0.624414682,0.083631337,-0.058404967,0.514252484,0.336419195,-0.011143272,0.500555992,0.181790546,-0.025589662,0.494258642,0.089895517,-0.044574756,0.485080212,0.01719594,-0.059475224,0.456989288,0.366081387,-0.028746171,0.430405706,0.229799405,-0.048929371,0.422286958,0.142883182,-0.067101829,0.413399816,0.064499974,-0.080196619,0.408064485,0.427235723,-0.051375818,0.368813068,0.335144818,-0.076227672,0.350156963,0.265651464,-0.089168772,0.337294579,0.193734616,-0.09699855
A,0.471845567,0.738710642,6.44E-07,0.580035686,0.677627444,-0.03013707,0.664685309,0.577431917,-0.044376239,0.731972754,0.521552205,-0.061615624,0.787715316,0.494019151,-0.07905066,0.585462809,0.346222132,0.000915657,0.610311985,0.224296734,-0.016836343,0.618509591,0.148761332,-0.037441283,0.62321955,0.084608048,-0.055062577,0.515903652,0.336288154,-0.010912136,0.502831697,0.181148529,-0.024958953,0.497924209,0.088816732,-0.043667462,0.489622891,0.016433477,-0.058453858,0.458085835,0.365138829,-0.029958321,0.431666046,0.228420645,-0.050248858,0.424104303,0.141633779,-0.068669811,0.415402591,0.063679039,-0.082005717,0.408352435,0.425888717,-0.053718504,0.369477421,0.332079202,-0.079399399,0.350467563,0.262495667,-0.093121223,0.336726457,0.191450223,-0.101587206
A,0.472449303,0.738450408,6.20E-07,0.579425514,0.678077102,-0.030503392,0.665116012,0.577181041,-0.044290233,0.732489109,0.5212484,-0.060760882,0.788357973,0.494272143,-0.077279806,0.585429907,0.345191419,0.000709802,0.610655367,0.224241301,-0.016997362,0.619331062,0.149415761,-0.037375376,0.624718189,0.086113721,-0.054592323,0.515929759,0.335001916,-0.010042991,0.502939224,0.18139784,-0.023680937,0.497582465,0.091243356,-0.041441999,0.48924768,0.021019489,-0.055347025,0.458084434,0.363577783,-0.028037265,0.432772934,0.226977631,-0.047653873,0.425320327,0.140518308,-0.065085337,0.416829616,0.063590914,-0.077629358,0.408087373,0.423864156,-0.050783183,0.36924696,0.330670536,-0.075760052,0.350207686,0.261290014,-0.088879824,0.336574495,0.190836832,-0.096750192
A,0.454864144,0.728309214,5.89E-07,0.572256088,0.662456095,-0.028802425,0.654637158,0.560329318,-0.042053975,0.718801796,0.499991685,-0.05871135,0.774976254,0.47527194,-0.075997517,0.574848115,0.345788538,-5.30E-06,0.598614573,0.222834885,-0.017518962,0.604665399,0.145376772,-0.036620501,0.606120348,0.079427689,-0.053761855,0.504581928,0.335137665,-0.012701637,0.490156174,0.182280242,-0.029494628,0.482986361,0.092544794,-0.047618724,0.473248959,0.020779938,-0.061389823,0.446602821,0.362799615,-0.032456152,0.420799166,0.22968474,-0.054633595,0.414978862,0.143503308,-0.071715295,0.408162415,0.062553585,-0.083756849,0.396982193,0.420478255,-0.056807227,0.360882521,0.325684696,-0.083285995,0.342345417,0.255449921,-0.096995682,0.329422891,0.182843253,-0.105591632
A,0.453347504,0.725866795,5.52E-07,0.561291695,0.66519773,-0.029391533,0.644293666,0.557247639,-0.039773453,0.707224786,0.491828591,-0.052391257,0.762906969,0.468900919,-0.064895391,0.56811589,0.341166675,0.003556625,0.591379881,0.218857303,-0.010540957,0.5967924,0.141615152,-0.02837516,0.598525286,0.075608909,-0.044936929,0.497082919,0.32987535,-0.005855793,0.482273042,0.180270642,-0.019317383,0.47382617,0.094799101,-0.037166759,0.46268478,0.025698662,-0.05077254,0.439221621,0.357359976,-0.021884855,0.413662523,0.227684572,-0.040186223,0.407793313,0.142856836,-0.056138378,0.400526106,0.064161837,-0.067493811,0.389530122,0.417293519,-0.042509213,0.353406608,0.323711544,-0.063754424,0.336903542,0.25575757,-0.074157909,0.325840771,0.18601869,-0.080442332
A,0.445817739,0.720523238,5.67E-07,0.555620909,0.660046577,-0.029117303,0.636580288,0.552365363,-0.039627172,0.699039042,0.486360818,-0.052749544,0.754575193,0.463734061,-0.065908901,0.560226977,0.337539673,0.005332591,0.582700729,0.214851588,-0.007338321,0.588769734,0.137978405,-0.024037527,0.591413319,0.074029088,-0.039765097,0.489032835,0.327379465,-0.003715302,0.474929333,0.179500148,-0.014808991,0.467649758,0.094096243,-0.031074945,0.458382845,0.026037037,-0.044076562,0.431641072,0.354426861,-0.019721225,0.406758994,0.223943785,-0.036275692,0.40155077,0.137101859,-0.053187922,0.395430803,0.057858706,-0.066017985,0.382916391,0.412509948,-0.040383067,0.345413506,0.320039541,-0.061747205,0.327754378,0.251020312,-0.074194849,0.316473633,0.180300489,-0.08249139
A,0.439022303,0.714839697,5.67E-07,0.55115205,0.654073775,-0.026661227,0.630611122,0.546604753,-0.03649164,0.692224026,0.480673134,-0.049597889,0.748218536,0.458917975,-0.063057847,0.551974654,0.334431142,0.006669113,0.574540675,0.211642444,-0.005025198,0.580952525,0.134456933,-0.020379376,0.583842635,0.071479499,-0.035197411,0.481694698,0.325535834,-0.00382828,0.467762172,0.178320736,-0.01388702,0.461132228,0.0941315,-0.028597692,0.452929974,0.028148979,-0.040697481,0.424987137,0.352311105,-0.021278141,0.399961233,0.222766414,-0.03703982,0.395029724,0.136478812,-0.053163376,0.389339447,0.059105396,-0.065756686,0.376769662,0.408851117,-0.043284424,0.337616503,0.315982342,-0.064757623,0.318584681,0.246520117,-0.077602662,0.306290686,0.176339,-0.086365238
A,0.416390538,0.70105648,7.29E-07,0.532371819,0.635374844,-0.030712051,0.609721422,0.52968502,-0.039964642,0.665751457,0.466278136,-0.052386582,0.719450831,0.442552567,-0.06441015,0.529080629,0.319761097,0.015696397,0.548119426,0.19930093,0.009287487,0.552686036,0.121889144,-0.002249759,0.553480625,0.058956742,-0.014575616,0.457604378,0.312900305,0.006758417,0.440063596,0.165889546,0.002165972,0.433274209,0.078031659,-0.008798503,0.425452352,0.007269859,-0.017643118,0.400374234,0.342894942,-0.010751507,0.370382458,0.213068172,-0.025683422,0.364740193,0.128344089,-0.041610163,0.358694255,0.048901498,-0.052896228,0.351559073,0.401040405,-0.033410024,0.314903051,0.309702814,-0.056250889,0.295172811,0.245046854,-0.070588596,0.282018155,0.177875116,-0.079618387
A,0.416386724,0.701856017,6.19E-07,0.521737576,0.638201833,-0.032627102,0.600955963,0.531578362,-0.04559207,0.659232974,0.463665128,-0.060813814,0.714691877,0.441763699,-0.07567998,0.519702315,0.321215868,0.004296961,0.541711152,0.199573874,-0.009115978,0.548073173,0.123238236,-0.026222264,0.551023543,0.059860319,-0.041863926,0.449489206,0.31306389,-0.003169765,0.434579521,0.168882653,-0.014614302,0.426813066,0.086182922,-0.030398732,0.418049455,0.019867361,-0.042449288,0.393803596,0.341139346,-0.018019091,0.366976559,0.213723183,-0.034672052,0.361533761,0.129577816,-0.050339367,0.35623318,0.052771598,-0.061653249,0.346939206,0.400157392,-0.03793646,0.309433401,0.311059475,-0.058151815,0.291567385,0.245008439,-0.068925835,0.280288219,0.177218199,-0.075573236
A,0.412798196,0.698837161,6.44E-07,0.515311241,0.635582447,-0.031341106,0.596057534,0.531203628,-0.043902751,0.653476954,0.464203954,-0.058551796,0.709050834,0.440737307,-0.072624527,0.515767217,0.318627059,0.004879754,0.537210524,0.196966514,-0.008666799,0.544858754,0.121193141,-0.026004644,0.549727082,0.058305681,-0.041514583,0.444898635,0.309791267,-0.002806951,0.431503862,0.164081469,-0.013398196,0.426433712,0.082425267,-0.029335296,0.420147926,0.017214358,-0.041681834,0.388554752,0.337133437,-0.017648289,0.362033486,0.210005492,-0.033858858,0.355887204,0.124942809,-0.050863117,0.350080669,0.048791796,-0.063214846,0.340639561,0.396189481,-0.03725804,0.3011235,0.306538135,-0.056842957,0.282248378,0.242403865,-0.067792639,0.270320535,0.176952675,-0.074685037
A,0.406792551,0.697796643,7.04E-07,0.510193586,0.633223534,-0.034858994,0.590763509,0.528695107,-0.049296979,0.649605513,0.463286638,-0.065695196,0.704733431,0.438329637,-0.081106737,0.509619772,0.315571904,0.004684047,0.531270027,0.194104776,-0.009279036,0.53947854,0.11764589,-0.026699094,0.545471907,0.054502547,-0.041698601,0.438524902,0.307669401,-0.001542075,0.424246728,0.161968723,-0.011338315,0.418455631,0.078236043,-0.025792804,0.412314385,0.010534167,-0.03659245,0.382278055,0.335530818,-0.015583011,0.35565868,0.208572015,-0.030673774,0.349647939,0.1249336,-0.04504576,0.344039619,0.049927592,-0.055089954,0.334687889,0.394624352,-0.035103846,0.295824349,0.306578547,-0.053669192,0.276649237,0.241899386,-0.063103035,0.264119178,0.175500154,-0.068448782
A,0.401032567,0.696004629,7.43E-07,0.506045997,0.632532358,-0.03796006,0.586946726,0.527229428,-0.053994071,0.646150887,0.46178323,-0.071565315,0.701805174,0.435588419,-0.088203378,0.504105508,0.313615799,0.002059474,0.527412415,0.191035375,-0.012253927,0.536910415,0.112788022,-0.029951239,0.54344821,0.048362195,-0.04530523,0.432717174,0.307440221,-0.003073581,0.417948633,0.161909103,-0.013385789,0.410945892,0.077018946,-0.028496997,0.403985083,0.009598613,-0.039894398,0.376087517,0.335919797,-0.01626833,0.350503325,0.20921208,-0.031501252,0.345024168,0.123529762,-0.046473958,0.339685082,0.047418535,-0.057223648,0.328413486,0.394521773,-0.03528231,0.290252388,0.307574958,-0.054093581,0.27025032,0.242479026,-0.064129151,0.256876707,0.175924316,-0.070121177
A,0.401213109,0.702626467,8.28E-07,0.504340351,0.639964938,-0.040282048,0.586944997,0.53646338,-0.059211399,0.649820328,0.469404101,-0.079478048,0.709723175,0.445029497,-0.098730549,0.505294383,0.316518426,-0.000108038,0.533158183,0.191382125,-0.015375727,0.544785321,0.111137033,-0.034633789,0.553035796,0.044185519,-0.051344309,0.432808995,0.308508933,-0.00518179,0.419198722,0.160588875,-0.015810145,0.413481086,0.073666811,-0.032782704,0.408300817,0.003069639,-0.045876138,0.374593496,0.336298347,-0.018212339,0.350560188,0.20781064,-0.033075295,0.346305192,0.119781941,-0.048942167,0.342824906,0.042200774,-0.060571369,0.325984359,0.396269053,-0.03726849,0.288572133,0.308440506,-0.054698706,0.268240392,0.242480978,-0.063698433,0.254659683,0.176104426,-0.069031835
A,0.400903642,0.708826065,8.30E-07,0.507497191,0.647416353,-0.041771092,0.591835856,0.543572783,-0.060318477,0.65346843,0.475361317,-0.079828724,0.712612152,0.450062841,-0.098317325,0.508731663,0.320233464,-0.000826403,0.537051678,0.194774166,-0.015411019,0.548743129,0.114598274,-0.034332689,0.557415366,0.047417641,-0.050954666,0.436752349,0.312137753,-0.005093655,0.42305398,0.161955297,-0.015022931,0.418646455,0.072252572,-0.031874184,0.413810283,-0.001322329,-0.045354925,0.378754079,0.339668959,-0.017571043,0.353699744,0.21045284,-0.032792158,0.3501876,0.120956898,-0.049587701,0.346271008,0.042020261,-0.062039699,0.329622507,0.398003399,-0.036193155,0.293301821,0.307213634,-0.054735672,0.275061905,0.24073641,-0.064918526,0.26264751,0.173899442,-0.071340725
A,0.40189746,0.705956817,7.73E-07,0.509394467,0.646138906,-0.041368429,0.594048619,0.540755272,-0.059441667,0.656931818,0.475412935,-0.078327879,0.7166695,0.452120662,-0.096468084,0.513073325,0.318164349,-0.004727823,0.541382909,0.193150863,-0.021254558,0.553091526,0.113509148,-0.041022535,0.56214726,0.046717167,-0.058259215,0.440541118,0.309835225,-0.009218879,0.426784307,0.160326168,-0.021830169,0.421602964,0.072489023,-0.039683305,0.416245908,0.002025276,-0.053835157,0.382109344,0.338279039,-0.021750359,0.357353032,0.20863466,-0.039416496,0.353348792,0.120231569,-0.057681952,0.349403203,0.042359352,-0.07111264,0.332842886,0.397643924,-0.040169064,0.295866787,0.308485717,-0.06079429,0.275951922,0.242480606,-0.072670139,0.262109429,0.175416857,-0.080399677
A,0.406752586,0.708093703,7.61E-07,0.513014317,0.648341894,-0.039448209,0.596633613,0.54323864,-0.056088004,0.658938766,0.476419389,-0.073766768,0.718360066,0.453302771,-0.090744585,0.516920924,0.319785267,-0.002233262,0.545212805,0.194479138,-0.018147502,0.556708395,0.114633262,-0.038212355,0.565526485,0.046868056,-0.056000553,0.444421381,0.309974074,-0.007561509,0.430398792,0.158395767,-0.020199584,0.425226659,0.069035262,-0.039523799,0.419384539,-0.004352391,-0.054937564,0.385903716,0.337358356,-0.020589905,0.360768557,0.20778279,-0.03839485,0.356543183,0.121216625,-0.057508152,0.352040172,0.043780923,-0.071571603,0.336161852,0.396183252,-0.039269589,0.298272163,0.306453586,-0.060050551,0.278977334,0.240509033,-0.072268635,0.265922785,0.172465026,-0.080262005
A,0.409426153,0.710386753,7.85E-07,0.514975131,0.648734093,-0.039281871,0.599765539,0.543569446,-0.056728769,0.662917852,0.475073814,-0.075404286,0.722606659,0.450174451,-0.093307421,0.520203531,0.318839371,-2.13E-05,0.550430417,0.192171082,-0.015185419,0.562548697,0.112484604,-0.035204593,0.571328819,0.045080751,-0.052889396,0.447726518,0.309974611,-0.005505677,0.434515446,0.158612713,-0.016660636,0.429942667,0.070148617,-0.035572775,0.424836814,-0.001100063,-0.050848663,0.388540208,0.33797878,-0.018751767,0.365313709,0.206257552,-0.034685768,0.362825215,0.117145449,-0.052608173,0.35998407,0.039131343,-0.066152878,0.337951988,0.397833884,-0.037727747,0.302539766,0.3055363,-0.056251273,0.285492659,0.238894537,-0.066268764,0.274684906,0.172256202,-0.072808236
A,0.405702591,0.70763272,7.13E-07,0.513961375,0.64647305,-0.038910814,0.600301564,0.539884031,-0.055285748,0.661251664,0.472934604,-0.072469898,0.719992161,0.448845237,-0.089144386,0.521617353,0.319730967,-0.004919598,0.549924135,0.19214268,-0.022393836,0.561466813,0.112009048,-0.043358538,0.5705778,0.042930216,-0.061869774,0.448292851,0.310095072,-0.010632879,0.433969289,0.158678159,-0.025804127,0.427834094,0.070414454,-0.046989199,0.421667933,-0.001665086,-0.063715711,0.388938367,0.337836951,-0.023694316,0.364565164,0.207976609,-0.043121077,0.361634284,0.119709402,-0.063189551,0.359207988,0.040780872,-0.078077301,0.338137299,0.396719575,-0.042135928,0.300603628,0.305864155,-0.06374225,0.282817602,0.239864394,-0.076025218,0.272249639,0.172138005,-0.084246553
A,0.405639052,0.709513903,7.38E-07,0.511805892,0.650029421,-0.039558206,0.596628129,0.539641082,-0.056716695,0.658734381,0.467357546,-0.075012691,0.718240201,0.444189936,-0.092689529,0.518941641,0.319168925,-0.004112709,0.547890961,0.192167029,-0.021617472,0.560472131,0.110673457,-0.042183816,0.569979668,0.042046845,-0.060217358,0.445113122,0.309173137,-0.009643416,0.432311267,0.160139486,-0.02387519,0.427186638,0.073862344,-0.043008015,0.421976566,0.004110605,-0.057849988,0.385227144,0.336800635,-0.022779047,0.362465322,0.206030637,-0.040772479,0.360136867,0.117566645,-0.05802254,0.35784781,0.039655924,-0.070912518,0.334168851,0.396823317,-0.041622877,0.297578454,0.307302296,-0.061647881,0.279998749,0.240129903,-0.072145507,0.269119799,0.171641082,-0.078891397
A,0.405545861,0.706961036,7.39E-07,0.510297537,0.647983551,-0.038731858,0.595032811,0.538548827,-0.055560641,0.65713495,0.467724562,-0.073609799,0.715071797,0.443397582,-0.091181494,0.517236412,0.32020241,-0.004820764,0.546936512,0.193756759,-0.022762382,0.558983684,0.113339245,-0.043957017,0.567982674,0.044684589,-0.062535048,0.444221497,0.310525268,-0.011519515,0.430816382,0.157305121,-0.02675952,0.425723046,0.067159921,-0.047799185,0.419943988,-0.006691039,-0.064445607,0.385184526,0.338641077,-0.025608722,0.360933989,0.207879156,-0.045052193,0.358110994,0.119210243,-0.064673476,0.355070859,0.040584594,-0.079260185,0.334533274,0.398758531,-0.045181055,0.298238873,0.306827009,-0.066335179,0.280564725,0.239571288,-0.078071401,0.269037664,0.171199232,-0.086002395
A,0.405283213,0.708225608,7.25E-07,0.509299159,0.646723628,-0.037597325,0.594084084,0.537901282,-0.053761467,0.655122876,0.467613459,-0.071331695,0.712328196,0.440800458,-0.08823172,0.515078962,0.322239876,-0.002904769,0.544460177,0.194694743,-0.020647492,0.556802928,0.113681912,-0.041037876,0.566793203,0.045332521,-0.058553234,0.442545086,0.312091023,-0.009218333,0.429721653,0.160168812,-0.023825509,0.42468977,0.070690602,-0.043580826,0.419933885,-0.002773285,-0.058830936,0.383897215,0.339051783,-0.022908919,0.360531539,0.208795577,-0.041410137,0.357536495,0.120182067,-0.059618797,0.355150282,0.042674571,-0.073014304,0.333676159,0.397979051,-0.042019773,0.296174109,0.308699787,-0.062585153,0.278057754,0.242716447,-0.073458001,0.267099649,0.17616719,-0.0803359
A,0.407128811,0.706442535,7.09E-07,0.509189487,0.6456936,-0.038297407,0.592307925,0.53628397,-0.055060823,0.65328908,0.465864956,-0.072969377,0.710373282,0.437785238,-0.090146899,0.514122367,0.322193444,-0.004473201,0.543240726,0.196063682,-0.02252797,0.55536902,0.116279155,-0.043001838,0.564695299,0.049132317,-0.060495298,0.442041159,0.312754393,-0.010378491,0.428679109,0.162594005,-0.025167322,0.423202962,0.07446456,-0.044629753,0.41758126,0.002929151,-0.059775475,0.383611858,0.340343267,-0.023759913,0.360185862,0.209728807,-0.042353228,0.357462585,0.119775683,-0.060649894,0.355059415,0.041526794,-0.074220359,0.333726615,0.399364263,-0.042586677,0.297353417,0.308253199,-0.062821567,0.278716505,0.24109818,-0.073572487,0.26657477,0.174176842,-0.080588974
A,0.405722052,0.707140446,7.24E-07,0.507503688,0.645968318,-0.037872389,0.590627074,0.536471605,-0.05393279,0.651595354,0.465949059,-0.071207337,0.708211184,0.43726638,-0.08757145,0.51357615,0.323985666,-0.0013475,0.542582631,0.198846683,-0.017549111,0.554915905,0.119976878,-0.036978804,0.564185143,0.053699642,-0.053674899,0.442207366,0.314760298,-0.006830985,0.429379702,0.165606752,-0.01891969,0.42491287,0.07887134,-0.036650147,0.41999355,0.008625567,-0.050554231,0.384338766,0.341756612,-0.019919163,0.361622572,0.21258609,-0.036291581,0.359069824,0.124375015,-0.052768763,0.35630089,0.047594339,-0.065032676,0.334506214,0.399661928,-0.038579587,0.29942888,0.309089571,-0.056967907,0.281594813,0.243891835,-0.066124439,0.269746423,0.178739429,-0.071892887
A,0.406318903,0.704551578,7.48E-07,0.508723974,0.644752383,-0.037926022,0.591047585,0.534940898,-0.054345518,0.651847005,0.462686062,-0.072017148,0.710232735,0.436203629,-0.088972092,0.514484704,0.321982443,-0.00261868,0.543496609,0.197513714,-0.019288447,0.555923939,0.118227214,-0.03930115,0.564710736,0.051582277,-0.056571502,0.443151653,0.312490404,-0.008820518,0.43081665,0.162419334,-0.021376116,0.427518308,0.073723078,-0.039817017,0.422988653,0.00135386,-0.054449569,0.385304213,0.339891315,-0.022531966,0.362673342,0.21055685,-0.039613273,0.359578371,0.122629136,-0.056709673,0.355975062,0.044635832,-0.069483288,0.335266858,0.399167538,-0.0417911,0.300380647,0.308816969,-0.060945969,0.28261441,0.243723527,-0.070598617,0.270344079,0.177438721,-0.076799527
A,0.40616405,0.7069906,7.23E-07,0.5082618,0.646388531,-0.038246397,0.59116888,0.536851645,-0.055171154,0.651465178,0.46528703,-0.073379807,0.70923233,0.436401278,-0.090741135,0.514223456,0.324049652,-0.002148009,0.543397009,0.199011222,-0.019299876,0.555713058,0.119345546,-0.039241426,0.564949512,0.053123891,-0.056272361,0.44254747,0.314325482,-0.008046835,0.429307908,0.16487664,-0.021570832,0.423950613,0.077317715,-0.039950132,0.418572098,0.006454617,-0.054090194,0.384560704,0.341063738,-0.021587217,0.361521214,0.211028099,-0.039035853,0.358713925,0.122573316,-0.055721402,0.356262147,0.045452803,-0.068029374,0.334976017,0.39928934,-0.040712494,0.299085855,0.308704495,-0.059883457,0.281178057,0.242621511,-0.069378868,0.269772798,0.175961226,-0.07533256
A,0.405086011,0.70486784,7.26E-07,0.507883251,0.645269215,-0.037383381,0.590119481,0.53504473,-0.053173531,0.650467753,0.46279332,-0.070213661,0.70876193,0.435193956,-0.086658314,0.513751805,0.323258072,-0.00255301,0.54292506,0.197706208,-0.019256288,0.555541396,0.117812395,-0.039108492,0.564550638,0.050631255,-0.056380089,0.442360878,0.314177454,-0.008764151,0.429990828,0.164741874,-0.022064148,0.425833285,0.076158464,-0.041141778,0.420668274,0.004143953,-0.056283914,0.384429634,0.341453969,-0.022395447,0.361891061,0.211609781,-0.040049534,0.358910143,0.122865796,-0.057831712,0.355680496,0.044379741,-0.071236245,0.33439678,0.399865448,-0.041440502,0.299590558,0.30873701,-0.061257739,0.28245753,0.242753923,-0.071707219,0.271352053,0.17569828,-0.078633241
A,0.402301818,0.699459434,7.13E-07,0.503158927,0.638201416,-0.036595296,0.585870385,0.530844688,-0.053441528,0.645045757,0.459814399,-0.071575426,0.701948106,0.428874731,-0.089124531,0.509112716,0.317813486,-0.005913166,0.538263917,0.192193449,-0.025078721,0.551300049,0.111099362,-0.046380498,0.560479403,0.042728633,-0.064342469,0.436479062,0.309346408,-0.012739188,0.423547506,0.161094338,-0.028222803,0.418407351,0.072810322,-0.048154198,0.413027346,0.00120604,-0.063659035,0.378005743,0.338167787,-0.026565535,0.35563466,0.20859766,-0.044925615,0.352057517,0.120459795,-0.06188922,0.349229217,0.042368501,-0.074727878,0.328522623,0.399522394,-0.045631215,0.293121308,0.309532464,-0.065625235,0.275462419,0.242800057,-0.075315662,0.264482439,0.1746604,-0.081451595
A,0.404203534,0.704285443,8.15E-07,0.501438975,0.640533686,-0.040033177,0.585184991,0.532212138,-0.05998997,0.647621393,0.463056862,-0.081517398,0.704752922,0.429272324,-0.102049842,0.508110046,0.320657313,-0.002309049,0.536861837,0.193742409,-0.019549334,0.549598038,0.113031626,-0.039298665,0.559152603,0.045623928,-0.055848889,0.436385423,0.313352764,-0.008651315,0.423937827,0.16371946,-0.021098506,0.418725938,0.073899657,-0.038343403,0.414282411,0.00137949,-0.051465258,0.37816453,0.341203272,-0.023022899,0.355748862,0.210805357,-0.039038975,0.353118718,0.120056659,-0.053245313,0.351278961,0.041315705,-0.063777737,0.328077108,0.400169909,-0.04346304,0.294290602,0.307394445,-0.061174218,0.276655257,0.24062334,-0.068364881,0.265182018,0.173797265,-0.072464705
A,0.40347892,0.705648839,7.92E-07,0.502225637,0.643618345,-0.039309476,0.585997343,0.534034312,-0.057812218,0.648152113,0.46336475,-0.077670708,0.704574466,0.430248678,-0.096593656,0.50910759,0.320919573,-0.002328699,0.538300633,0.193514809,-0.019396761,0.551099837,0.112959921,-0.039517164,0.560381293,0.04541257,-0.056628931,0.437189698,0.313388377,-0.00857308,0.423711002,0.16285558,-0.021340137,0.419361413,0.073428333,-0.039652884,0.415265173,0.000832081,-0.053864677,0.379081339,0.341770649,-0.022637835,0.355380177,0.211842701,-0.039075218,0.352701068,0.121554017,-0.054692838,0.350447983,0.04190129,-0.066398479,0.329580724,0.4015885,-0.042585544,0.296096742,0.308706701,-0.060853124,0.278154552,0.242418364,-0.06905672,0.265715361,0.175641537,-0.074080266
A,0.40286538,0.705976367,7.81E-07,0.50408119,0.645194173,-0.038632948,0.587507606,0.533811271,-0.056057006,0.648136497,0.461158782,-0.075051367,0.704880834,0.429787993,-0.093123391,0.510379672,0.321125209,-0.000698718,0.539560616,0.194425255,-0.016832171,0.552388132,0.113388717,-0.036204766,0.561683416,0.04603979,-0.052895878,0.43827948,0.313192457,-0.007039568,0.4254466,0.162567541,-0.018871007,0.421663225,0.073531926,-0.036031101,0.418224275,0.001372248,-0.049382024,0.38013804,0.341136664,-0.021258866,0.357297003,0.210063159,-0.037178472,0.354991734,0.119846314,-0.051982999,0.352776855,0.040342629,-0.063136481,0.330426514,0.40049082,-0.041369312,0.297423422,0.307176441,-0.059528548,0.27984044,0.240821764,-0.06754116,0.267404199,0.174172059,-0.072409987
A,0.404398829,0.705972433,7.71E-07,0.504016936,0.645383835,-0.039165754,0.587631226,0.534966409,-0.057486866,0.648441374,0.462104738,-0.077213496,0.705576599,0.431134701,-0.09617126,0.511694908,0.323222846,-0.002651538,0.541120768,0.196812093,-0.020242445,0.554017425,0.116493881,-0.0410011,0.563582838,0.049069703,-0.058779538,0.439587712,0.314387709,-0.009115934,0.426739037,0.163168192,-0.022925749,0.422174156,0.074127793,-0.042454299,0.418160409,0.001818448,-0.057691623,0.38110441,0.341932654,-0.023241367,0.358624876,0.210366964,-0.040690806,0.356810153,0.120529801,-0.057293996,0.355360985,0.041706979,-0.069807991,0.330946445,0.401450753,-0.043120548,0.29804635,0.307703853,-0.061825793,0.281197488,0.241167471,-0.070395447,0.270003557,0.174462944,-0.075930126
A,0.402302831,0.705597281,7.64E-07,0.503435493,0.64462471,-0.036700845,0.587055206,0.533773303,-0.053503882,0.648245692,0.46143052,-0.072131842,0.705331504,0.430234641,-0.090090409,0.51123035,0.323089361,-0.001005775,0.541150451,0.195975348,-0.017829968,0.554229259,0.115217268,-0.03761695,0.563543916,0.047561139,-0.054594897,0.439444602,0.314399868,-0.008447316,0.427779436,0.16252774,-0.021316513,0.424608141,0.072312891,-0.039740998,0.42104876,-0.000736445,-0.054131281,0.381328166,0.341948241,-0.023395872,0.359221876,0.210563198,-0.040266901,0.357753158,0.120386779,-0.056184318,0.35604167,0.041467279,-0.068128273,0.331298351,0.401188284,-0.04389675,0.297880173,0.3074193,-0.062682986,0.280842423,0.24063468,-0.071164571,0.269310176,0.173725814,-0.076449946
A,0.400880963,0.70379746,7.37E-07,0.502259314,0.641822815,-0.037058137,0.585354447,0.531199574,-0.054109152,0.646232069,0.460857511,-0.072779335,0.702788115,0.428159684,-0.090826668,0.509881735,0.321351647,-0.002868309,0.539615571,0.194752634,-0.020338086,0.552177668,0.113764882,-0.040025625,0.561537504,0.046253294,-0.056963533,0.437574625,0.313002139,-0.010192275,0.424952686,0.162690118,-0.024363389,0.419978708,0.073045343,-0.043019902,0.415399998,0.001592398,-0.057466317,0.379086912,0.341168016,-0.025066484,0.356484771,0.209659711,-0.043285232,0.354150563,0.119500726,-0.059959661,0.352352649,0.040658951,-0.072435796,0.329083711,0.40065968,-0.045384664,0.294629067,0.308599979,-0.065912865,0.277053505,0.241699651,-0.075924933,0.265822232,0.173656181,-0.082266994
A,0.403611362,0.704585493,7.60E-07,0.501768589,0.642506421,-0.037664779,0.585018098,0.532815933,-0.055342887,0.646790445,0.461645544,-0.074578449,0.704016566,0.42905283,-0.092933439,0.509117603,0.321969628,-0.001746885,0.539591253,0.195242599,-0.018566851,0.552561164,0.11466372,-0.038164813,0.561980247,0.046888411,-0.054945052,0.437164336,0.313625634,-0.008366776,0.425668061,0.164387032,-0.020991307,0.421351105,0.076369047,-0.038695175,0.417443365,0.006090313,-0.052437369,0.378796726,0.341163248,-0.022597579,0.356820762,0.209938139,-0.038757294,0.354771852,0.119486094,-0.05370903,0.353479892,0.040936083,-0.065064609,0.328739464,0.400096834,-0.042493332,0.295000374,0.307450593,-0.060408659,0.278108418,0.24048616,-0.06818372,0.267696917,0.173447296,-0.07293506
A,0.403972298,0.70448947,7.62E-07,0.502072752,0.642176628,-0.039082561,0.58553642,0.533712924,-0.058284707,0.646784425,0.463574052,-0.078608863,0.703335762,0.430139333,-0.098091297,0.509369195,0.322224498,-0.006259052,0.539963961,0.195019186,-0.025727822,0.553112268,0.11440289,-0.047186822,0.562544942,0.04628706,-0.06509506,0.437361747,0.314162165,-0.012874593,0.424566448,0.162532121,-0.028546294,0.420435756,0.073170155,-0.048419107,0.416640371,0.000712931,-0.063611351,0.379346937,0.343036592,-0.026984893,0.355773777,0.211649761,-0.045713361,0.35359025,0.120070368,-0.062646583,0.35239017,0.039914578,-0.075107545,0.330224574,0.403530598,-0.046666693,0.29667604,0.309178799,-0.066413827,0.278831184,0.241564423,-0.075312637,0.266884983,0.174106792,-0.080779679
A,0.403917581,0.705894113,7.71E-07,0.501710892,0.643073082,-0.039503627,0.586104631,0.534006894,-0.058667522,0.64802599,0.464622438,-0.07886669,0.704563797,0.431683272,-0.098149903,0.510917425,0.323254406,-0.006520467,0.541208029,0.195511252,-0.026088681,0.554435253,0.114555717,-0.047232315,0.564301848,0.046809703,-0.064693913,0.438571185,0.314875603,-0.013033697,0.426083237,0.161512226,-0.028562723,0.422762036,0.070938647,-0.047869429,0.419907629,-0.00279355,-0.062471718,0.380349666,0.343213916,-0.0271903,0.357057482,0.211035267,-0.046147391,0.355444521,0.119077832,-0.063091144,0.354982376,0.038663447,-0.075369827,0.3308779,0.403090268,-0.046974041,0.297622144,0.308782756,-0.067070089,0.280138254,0.241306379,-0.076199017,0.268582433,0.173844531,-0.0817338
A,0.403190613,0.706804812,7.29E-07,0.502202392,0.644543409,-0.03688338,0.586818457,0.534024775,-0.053417265,0.648661554,0.464102209,-0.071289696,0.704437435,0.431462437,-0.088391691,0.511856973,0.323804498,-0.003354555,0.542039335,0.196152523,-0.021190569,0.554586411,0.115810305,-0.041278731,0.563975334,0.048244476,-0.058340766,0.439760178,0.314795822,-0.010573676,0.426797628,0.161365494,-0.025079876,0.421899021,0.071109682,-0.044177167,0.417409688,-0.001621962,-0.05893901,0.381452262,0.342563897,-0.02523895,0.358163953,0.20973511,-0.043671682,0.356272578,0.119502902,-0.060823765,0.35531953,0.040724576,-0.073528066,0.331431985,0.401631236,-0.045270566,0.297686517,0.307116091,-0.065410443,0.280988991,0.240479007,-0.075052097,0.270951301,0.173397437,-0.08119493
A,0.405207992,0.706664801,7.26E-07,0.504014254,0.644203544,-0.0375023,0.588017762,0.535254657,-0.055282794,0.649639547,0.465061218,-0.074315146,0.706381857,0.432184994,-0.092667118,0.512669802,0.323738724,-0.0053428,0.5434376,0.195983216,-0.024231615,0.556278765,0.115492105,-0.045264378,0.565707743,0.047115862,-0.063119598,0.440600485,0.315060645,-0.012489134,0.427574992,0.162705332,-0.028136099,0.422775298,0.073536962,-0.048193417,0.418462634,0.001614749,-0.063806124,0.382098526,0.343246311,-0.026956456,0.358942807,0.210514024,-0.046074562,0.35760197,0.119470209,-0.063605212,0.35737282,0.040104181,-0.076730333,0.332060516,0.402790129,-0.046756346,0.298156738,0.308090925,-0.067038864,0.281885862,0.24057734,-0.076552123,0.272310913,0.172980115,-0.08272972
A,0.404572576,0.706212997,7.45E-07,0.502618492,0.643906534,-0.0374524,0.587205827,0.535197973,-0.055194844,0.649524212,0.465840936,-0.074168831,0.706007898,0.432424992,-0.092318706,0.512560487,0.32397759,-0.004421976,0.54358983,0.196171314,-0.022940297,0.556776047,0.116129398,-0.043750688,0.56642133,0.048276424,-0.061294883,0.440610617,0.315157056,-0.011487704,0.428423285,0.162694037,-0.026440883,0.424982309,0.072896183,-0.046206657,0.421595812,0.000554115,-0.061562344,0.382374674,0.343100011,-0.025929751,0.359254271,0.210687727,-0.044362564,0.357995749,0.119635314,-0.061550643,0.357640326,0.040332228,-0.074388824,0.332529962,0.402645767,-0.045754179,0.298961461,0.307751685,-0.065381795,0.282638431,0.240618438,-0.074425764,0.272826791,0.173365742,-0.080209821
A,0.404303014,0.707084179,7.46E-07,0.503164172,0.644245982,-0.037389025,0.588097513,0.534876347,-0.054661065,0.650370121,0.465208501,-0.073200494,0.707058549,0.432274342,-0.090912424,0.513670385,0.323739469,-0.003452111,0.544460952,0.195978507,-0.021142634,0.557538271,0.115507662,-0.041419096,0.566884041,0.047508597,-0.058657151,0.441358447,0.31496644,-0.010529396,0.429074764,0.161820754,-0.024469087,0.424980909,0.071924776,-0.043513652,0.42087698,-4.07E-05,-0.058362871,0.382813513,0.342840761,-0.025069129,0.360457927,0.209709138,-0.042730864,0.359426349,0.118908733,-0.059523348,0.359108895,0.039755344,-0.072154358,0.332543969,0.402050942,-0.045061935,0.298926055,0.307161927,-0.064278372,0.282441229,0.240024418,-0.073240213,0.272515535,0.172376871,-0.07900203
A,0.404969811,0.705751657,7.21E-07,0.503778219,0.643931031,-0.038125664,0.588761032,0.535459876,-0.05587849,0.650643468,0.465915233,-0.0745041,0.707173944,0.432928026,-0.092418961,0.513364851,0.325078636,-0.007237968,0.544798553,0.196651205,-0.026634464,0.55807656,0.115964115,-0.047871642,0.567626953,0.047252536,-0.06569238,0.441245437,0.315988868,-0.013857818,0.429117888,0.162940606,-0.029648844,0.42487359,0.073873848,-0.049690194,0.420590401,0.002750218,-0.065272592,0.382742882,0.343763173,-0.027728761,0.360204041,0.21063605,-0.046730451,0.358918309,0.119491279,-0.064139843,0.358659387,0.040155798,-0.077160962,0.332472324,0.402979404,-0.04694606,0.298023283,0.307716191,-0.066871293,0.281651974,0.24023217,-0.076035611,0.27224499,0.172577545,-0.081943452
A,0.404673964,0.706720591,7.49E-07,0.503453493,0.643726051,-0.037932672,0.5877105,0.535177827,-0.055962987,0.650668383,0.466023266,-0.075298995,0.70767194,0.432705939,-0.093823001,0.513561726,0.324839741,-0.003508518,0.544423819,0.197098106,-0.021152155,0.557347119,0.116821289,-0.041505985,0.566696465,0.048858702,-0.058888078,0.441714585,0.316019297,-0.010338233,0.429663986,0.164437801,-0.024314836,0.424850911,0.075447053,-0.043415628,0.420372844,0.004682958,-0.058339652,0.383255988,0.343536913,-0.024706092,0.360971928,0.210867852,-0.042218558,0.35942167,0.119918168,-0.058851529,0.358813614,0.040949553,-0.071452774,0.333121359,0.402317047,-0.044605996,0.299207747,0.307690591,-0.063585468,0.282332212,0.240359604,-0.072388813,0.272245735,0.172954842,-0.078102961
A,0.405998498,0.706224084,7.33E-07,0.504180312,0.643482268,-0.036421269,0.587976933,0.534841776,-0.053907193,0.650327325,0.464938939,-0.072897241,0.707349956,0.431873381,-0.091204584,0.514024675,0.323981345,-0.003524154,0.545642257,0.196073964,-0.021146072,0.558730841,0.115467846,-0.041093577,0.567587912,0.047538877,-0.058219645,0.442243308,0.315331072,-0.011116202,0.430831552,0.163776398,-0.025249477,0.426933259,0.075883567,-0.043924678,0.422890484,0.006441683,-0.058494657,0.383740276,0.343332648,-0.026054248,0.3624686,0.209814504,-0.043817323,0.361063004,0.118474215,-0.06021728,0.360106021,0.039033264,-0.072652578,0.333359748,0.402964354,-0.046287645,0.29960376,0.308066934,-0.065820873,0.282542169,0.239881292,-0.074832641,0.271888494,0.171136335,-0.080588937
A,0.40442279,0.706608474,7.49E-07,0.5029549,0.643930793,-0.037403513,0.58793366,0.535230815,-0.055099722,0.650347531,0.466251403,-0.074087024,0.706908584,0.432737738,-0.09224131,0.51346314,0.324213982,-0.003435794,0.544773996,0.196358964,-0.021033589,0.557936668,0.115899295,-0.041210979,0.567282617,0.048046321,-0.058431529,0.44171682,0.315603077,-0.010558892,0.430115223,0.163788334,-0.024441553,0.426229507,0.074608356,-0.043293647,0.422513515,0.004250169,-0.05802606,0.383300364,0.343336314,-0.025183763,0.361445189,0.210097194,-0.042560603,0.360137224,0.119177997,-0.059008081,0.359713078,0.040101171,-0.071532682,0.333098292,0.402352959,-0.045284443,0.299726129,0.307976663,-0.064362399,0.283022404,0.240764216,-0.073234878,0.272935987,0.173041567,-0.078986101
A,0.404695421,0.704597235,7.22E-07,0.503963947,0.642154992,-0.03629145,0.587686598,0.532906413,-0.052938182,0.649865091,0.463733077,-0.070797101,0.706790924,0.431722671,-0.088090636,0.513118267,0.324351966,-0.005325125,0.545149028,0.196912974,-0.024007741,0.558545947,0.115932733,-0.044655856,0.567607164,0.04780075,-0.062119193,0.441149503,0.315101892,-0.012696355,0.430264235,0.162739828,-0.027854448,0.427274317,0.073574483,-0.047375411,0.423711687,0.002905428,-0.062579475,0.38269943,0.342895269,-0.027236735,0.361454219,0.209239483,-0.045769904,0.359814674,0.117763609,-0.063160248,0.35874933,0.03801614,-0.076302193,0.332479715,0.40235877,-0.046937808,0.298186719,0.308110505,-0.067027286,0.281261623,0.240512624,-0.076603726,0.270977378,0.172213838,-0.082819484
A,0.404652089,0.706670284,7.55E-07,0.503142536,0.643851101,-0.038666438,0.587261438,0.53550005,-0.057309825,0.64897716,0.46613577,-0.077064931,0.706147313,0.433043987,-0.09611582,0.512418747,0.324414849,-0.00544194,0.543655276,0.196238503,-0.024113914,0.5568977,0.115269631,-0.045380224,0.565908074,0.046485245,-0.063386373,0.440633714,0.316157281,-0.012353087,0.429000974,0.164374083,-0.027257591,0.425035179,0.074564934,-0.047467191,0.420820743,0.003096879,-0.063239299,0.382134557,0.344289333,-0.026681934,0.360279799,0.211205795,-0.044788297,0.359399617,0.119773299,-0.061936166,0.359233499,0.040354192,-0.074894436,0.331689477,0.404032916,-0.046534702,0.29726088,0.308396697,-0.065992787,0.280784547,0.240475938,-0.074881457,0.27110824,0.172673076,-0.080575205
A,0.406122506,0.705883265,7.48E-07,0.503666878,0.643662691,-0.038547952,0.58768028,0.536046743,-0.057065941,0.64939177,0.466363311,-0.076475725,0.706467569,0.433678716,-0.095203534,0.511591077,0.325029612,-0.006688482,0.543171167,0.196937487,-0.026001276,0.556279659,0.116436958,-0.047720388,0.565425217,0.047412455,-0.066123843,0.439864248,0.316380411,-0.013492326,0.428250581,0.164341286,-0.029313145,0.424891531,0.075460017,-0.050145969,0.421728015,0.004603297,-0.066442519,0.381559134,0.344548047,-0.027554907,0.35919857,0.211416319,-0.046358377,0.358019173,0.119819254,-0.0640883,0.358159333,0.03987053,-0.077508569,0.331679165,0.404521406,-0.047016237,0.297477365,0.309041649,-0.066695943,0.281382978,0.241231948,-0.075782597,0.272393733,0.173159003,-0.081765689
A,0.405853331,0.704990447,7.51E-07,0.503754795,0.642716765,-0.039694376,0.588170409,0.534979582,-0.058855958,0.649898112,0.466650546,-0.078581899,0.706393719,0.433757782,-0.097564436,0.511542618,0.324797451,-0.010154208,0.543206334,0.196629122,-0.031467378,0.556730986,0.115614325,-0.054133769,0.566264212,0.046586484,-0.072782576,0.439485013,0.316039085,-0.016523577,0.427586317,0.16280432,-0.034089833,0.424574614,0.072456568,-0.055312287,0.421585411,-0.000292659,-0.071550295,0.381182224,0.344633579,-0.030183399,0.358148664,0.211577594,-0.050385103,0.356600344,0.119440317,-0.068595223,0.356422365,0.038442343,-0.081966385,0.331916422,0.404966235,-0.049277619,0.297906101,0.310057193,-0.070182562,0.280117869,0.241668567,-0.079976335,0.268681586,0.172939524,-0.086155787
A,0.407180786,0.705506384,7.42E-07,0.505741358,0.64368248,-0.039919998,0.590934098,0.536397338,-0.059418466,0.652545571,0.468537509,-0.079325281,0.708722174,0.435707867,-0.09861923,0.513564229,0.32604897,-0.012957971,0.545147538,0.196965635,-0.0357951,0.559146464,0.115468711,-0.059512231,0.569007277,0.045799017,-0.078743331,0.441183329,0.317436963,-0.019438524,0.428973943,0.163120627,-0.038476218,0.426149607,0.071530044,-0.061002553,0.422821105,-0.002808332,-0.078274049,0.38261795,0.345946133,-0.032981571,0.359880805,0.212413475,-0.054273669,0.358900368,0.120060951,-0.073172629,0.359095156,0.038685322,-0.086992413,0.33288312,0.40609625,-0.051861372,0.299846649,0.309567243,-0.073294394,0.28336373,0.240770072,-0.083136849,0.273246408,0.171953991,-0.089366332
A,0.407368064,0.705101848,7.44E-07,0.50536859,0.642974019,-0.038488626,0.590500474,0.535976946,-0.057410017,0.652343154,0.467360079,-0.077172868,0.708275557,0.434335411,-0.096356384,0.515367568,0.325530112,-0.009691183,0.546072841,0.196421891,-0.03062553,0.559539258,0.114767343,-0.052563358,0.569116056,0.04577142,-0.070555672,0.442959666,0.316761017,-0.016746374,0.430773139,0.162279308,-0.033838253,0.427426785,0.071675181,-0.054236352,0.424132228,-0.000443697,-0.069724172,0.384238899,0.345056981,-0.030935772,0.362370431,0.209701523,-0.050926201,0.360348344,0.117214382,-0.068317935,0.359719962,0.036965996,-0.081000239,0.333692193,0.405599952,-0.050396033,0.29972893,0.309276342,-0.071057305,0.282753021,0.241132632,-0.080031164,0.272551,0.172869414,-0.085487194
A,0.406297445,0.706033826,7.35E-07,0.504754364,0.644404769,-0.039031725,0.589898407,0.536408901,-0.057739425,0.652212262,0.466701388,-0.077171721,0.70925051,0.433398426,-0.095910624,0.515073538,0.324469358,-0.008122859,0.546351433,0.195371628,-0.027673356,0.55967617,0.113579243,-0.048927147,0.568692923,0.044605732,-0.066766292,0.442705303,0.315865934,-0.014585127,0.430629641,0.163422167,-0.030339759,0.426467389,0.075176507,-0.050129056,0.422609568,0.005575776,-0.065449342,0.383710682,0.343715012,-0.028363751,0.36248225,0.209587216,-0.047025401,0.361154795,0.117768735,-0.06404458,0.361168444,0.038027525,-0.076905869,0.332820654,0.403241485,-0.047572743,0.298520863,0.308070093,-0.067216791,0.281945407,0.240334168,-0.076092489,0.272636831,0.172141939,-0.081800625
A,0.404106319,0.704398274,7.47E-07,0.503901362,0.641274095,-0.036860283,0.588233173,0.533198774,-0.054953117,0.650734901,0.464349538,-0.074174963,0.708265603,0.431036234,-0.093114562,0.512316823,0.320946723,-0.008214862,0.544820547,0.192352712,-0.028555073,0.557971418,0.111008644,-0.050789922,0.566320002,0.041745782,-0.069562353,0.439923882,0.311693728,-0.016427089,0.429523826,0.157958761,-0.033536434,0.426832318,0.06773752,-0.055590976,0.423330188,-0.003872961,-0.072799817,0.380801558,0.340706497,-0.031561654,0.358735204,0.205166817,-0.051832475,0.356466323,0.113669157,-0.071289495,0.355409056,0.03278029,-0.085971929,0.329877257,0.40283221,-0.051687222,0.294012427,0.307612121,-0.073275991,0.277001262,0.239474133,-0.084005803,0.267392606,0.169513851,-0.09110228
A,0.405337691,0.706867754,7.46E-07,0.504302442,0.643939853,-0.038730983,0.589893103,0.537170947,-0.058313303,0.652458906,0.46832937,-0.078648329,0.709211588,0.434286982,-0.098708287,0.51115185,0.323037326,-0.011647448,0.543323457,0.192633525,-0.033865325,0.557249248,0.110372603,-0.057525918,0.566972375,0.039231539,-0.077134527,0.438999653,0.314484477,-0.01925326,0.428003013,0.159114361,-0.037883256,0.424926758,0.066879332,-0.06094655,0.421670496,-0.008051097,-0.079056934,0.380168319,0.343591034,-0.033794113,0.357552111,0.208091736,-0.054777596,0.356600463,0.114269406,-0.074333094,0.357594937,0.031861037,-0.08917103,0.329420388,0.404745609,-0.053518776,0.293325365,0.306706905,-0.074990526,0.277984023,0.237715572,-0.085062176,0.270787686,0.168567002,-0.091823876
A,0.406271636,0.704777837,7.46E-07,0.505104423,0.642067671,-0.039208882,0.590609968,0.534763396,-0.058648236,0.65225935,0.46563834,-0.078498878,0.709912121,0.433310747,-0.097954869,0.511456788,0.321577936,-0.013364845,0.544672668,0.191741526,-0.03655725,0.559102833,0.109365046,-0.060589299,0.569403231,0.038710594,-0.080277994,0.438734055,0.312810302,-0.02041701,0.427698106,0.158022687,-0.040176637,0.425856411,0.066147178,-0.063418493,0.423871011,-0.008202255,-0.081436247,0.379713893,0.342146665,-0.034350041,0.357125819,0.206665739,-0.056415118,0.35582459,0.113115251,-0.076417178,0.35662654,0.030684799,-0.091328695,0.329389781,0.403886288,-0.053395636,0.293808699,0.307707667,-0.075866155,0.277579606,0.23902151,-0.086619861,0.269051939,0.169772521,-0.093661964
A,0.399904579,0.701849043,7.61E-07,0.500341535,0.638059616,-0.03922984,0.584055245,0.532656133,-0.059875451,0.644986451,0.465249598,-0.081386462,0.703814209,0.432042331,-0.102796458,0.508189797,0.319664061,-0.012236835,0.541443944,0.190583542,-0.035422787,0.556052685,0.108124077,-0.059802536,0.566228092,0.037006587,-0.080165036,0.436737627,0.311941147,-0.020593179,0.425672293,0.157111064,-0.041098673,0.423106223,0.065517992,-0.0654523,0.421349645,-0.008127809,-0.084346242,0.378056586,0.34226653,-0.03596342,0.356163681,0.205971539,-0.059442222,0.35465005,0.112704933,-0.08043804,0.355824947,0.029588461,-0.096034616,0.32733655,0.404550284,-0.056405973,0.291327536,0.308080256,-0.080589764,0.275008142,0.239489093,-0.092337742,0.266927361,0.168586001,-0.100180976
A,0.403728575,0.705350876,8.07E-07,0.500161111,0.639598429,-0.041028395,0.584589243,0.533734441,-0.063319668,0.646922886,0.464877754,-0.086382955,0.706296802,0.428941786,-0.109050073,0.506664813,0.320347786,-0.011206513,0.539545059,0.190790042,-0.0339843,0.554176092,0.108517975,-0.058355208,0.565328956,0.037326276,-0.078624047,0.435349137,0.311866254,-0.018932136,0.4252702,0.155904263,-0.038280271,0.423715562,0.063354254,-0.062187657,0.424237967,-0.012543231,-0.080826052,0.376786321,0.340794086,-0.033965521,0.356057018,0.203993857,-0.055897199,0.356010348,0.110013068,-0.0756239,0.35911271,0.026738346,-0.090510197,0.325825155,0.402440399,-0.054456703,0.290794045,0.304248452,-0.077181831,0.275934637,0.233482853,-0.087792873,0.26954338,0.160678491,-0.094854586
A,0.402032703,0.707041562,7.49E-07,0.500752985,0.643299103,-0.038506288,0.587146521,0.53512311,-0.058619149,0.64951086,0.465462863,-0.079799555,0.707261443,0.434666872,-0.100709043,0.508062065,0.323468655,-0.011192193,0.539914072,0.191549078,-0.034289967,0.5551278,0.109593034,-0.057981979,0.567067266,0.040292263,-0.077283703,0.436482489,0.315800816,-0.019132359,0.42523998,0.160085246,-0.039017912,0.423403352,0.069697797,-0.062173054,0.422634006,-0.003812611,-0.079963014,0.377925247,0.344784439,-0.034097694,0.356263489,0.209243968,-0.05636169,0.356703341,0.114639044,-0.075995259,0.359371126,0.032883286,-0.090474099,0.326501966,0.405671477,-0.054195527,0.292919815,0.306360811,-0.076106139,0.277979255,0.235531628,-0.08613839,0.270317644,0.165478989,-0.092816554
A,0.407014519,0.707977295,7.95E-07,0.504458904,0.643424392,-0.038854182,0.587758124,0.534567654,-0.060006894,0.649958491,0.46315527,-0.082620099,0.710739434,0.430580318,-0.104997195,0.511551917,0.319527596,-0.007999117,0.542956114,0.189698473,-0.029474473,0.557925522,0.109363168,-0.053225461,0.569470704,0.040391028,-0.073327512,0.439546615,0.312186778,-0.016680624,0.427668422,0.158477992,-0.035328496,0.425717354,0.067115128,-0.059782088,0.424971431,-0.008596241,-0.079070739,0.380143195,0.34242487,-0.032516498,0.359673977,0.208080903,-0.054381892,0.360397428,0.115119219,-0.075281337,0.362645119,0.03262651,-0.091064572,0.328580588,0.405602843,-0.053576954,0.295650542,0.307768464,-0.076230638,0.279138237,0.238035828,-0.087478086,0.268879473,0.167162523,-0.09519136
A,0.413814038,0.716570497,7.03E-07,0.520327032,0.656299472,-0.035302822,0.603894889,0.547942698,-0.052829232,0.666501999,0.479516029,-0.071786001,0.724960446,0.450915068,-0.091398105,0.529325724,0.330035299,-0.015467972,0.560654163,0.200727895,-0.039287951,0.574168563,0.117202252,-0.063325882,0.583920598,0.044797778,-0.083558902,0.458277732,0.319707274,-0.026086714,0.451228261,0.160737097,-0.047334164,0.452891141,0.064596325,-0.070504911,0.452035904,-0.013793826,-0.088489428,0.398112625,0.349112123,-0.043194182,0.380121589,0.20628871,-0.069440581,0.382848144,0.109891027,-0.092388794,0.385552555,0.024297953,-0.108751781,0.344770312,0.411116302,-0.064681068,0.309645414,0.309980601,-0.093631715,0.293714702,0.235388294,-0.109160684,0.283837318,0.159920886,-0.119269878
A,0.414195716,0.715955138,7.34E-07,0.518157363,0.655852556,-0.0414843,0.603158593,0.553971291,-0.06351123,0.66820842,0.485357821,-0.085819989,0.729189515,0.449586242,-0.108377159,0.530913591,0.329456568,-0.019353397,0.563626289,0.200210869,-0.045810904,0.578936696,0.117513657,-0.073003717,0.591103137,0.044589937,-0.09548343,0.45963186,0.318230331,-0.027256627,0.448673964,0.159974188,-0.050702989,0.448785454,0.066493452,-0.077024147,0.449414045,-0.010827333,-0.097713672,0.399656266,0.346978635,-0.042144183,0.378561497,0.208093092,-0.068907253,0.379487008,0.115078956,-0.091919258,0.383180231,0.029787987,-0.108849622,0.346900374,0.407571852,-0.062114064,0.31235522,0.30717811,-0.089525215,0.298485458,0.235280693,-0.103543341,0.292450339,0.160751149,-0.113031209
A,0.414689541,0.715059638,7.46E-07,0.519185305,0.654067755,-0.041988775,0.60412246,0.554785967,-0.06468527,0.668946266,0.487984449,-0.087710738,0.729544938,0.450173557,-0.110707417,0.532437027,0.328568816,-0.018960122,0.564971089,0.200675771,-0.045391738,0.580270708,0.117698282,-0.072122775,0.592640758,0.044979393,-0.093886793,0.460678697,0.316780984,-0.026276492,0.450255811,0.160274565,-0.048992228,0.450188845,0.066917568,-0.073634118,0.45095852,-0.010392517,-0.092774384,0.400373399,0.345291942,-0.040814627,0.378557384,0.207406938,-0.06657099,0.378511965,0.115078539,-0.087755151,0.381563187,0.03050983,-0.103196837,0.347892344,0.405881912,-0.060654167,0.313676178,0.306468278,-0.087102078,0.299277574,0.233773723,-0.100172624,0.292624772,0.15856275,-0.108708337
A,0.41544044,0.715207815,7.61E-07,0.520111799,0.655569434,-0.04356451,0.604883611,0.556663692,-0.066760138,0.670038342,0.490092844,-0.090110376,0.730878115,0.453344464,-0.113086201,0.533431351,0.331307262,-0.018747127,0.566034615,0.20349437,-0.044181347,0.581225038,0.121353,-0.069847219,0.59394902,0.049795002,-0.090902597,0.462169707,0.319245934,-0.025164615,0.451756239,0.163302526,-0.047230709,0.451700777,0.06919834,-0.070737302,0.452134848,-0.007388651,-0.08904206,0.402335763,0.346982211,-0.039215792,0.379772067,0.208187789,-0.064908825,0.379369497,0.115615517,-0.086140864,0.381881535,0.032167643,-0.101540141,0.350458801,0.405925512,-0.058754168,0.316318691,0.30687198,-0.085400574,0.301932305,0.233520746,-0.09924829,0.295444816,0.158262238,-0.108460665
A,0.418057621,0.715979874,7.46E-07,0.521728277,0.656576872,-0.041565757,0.606870055,0.55963099,-0.063768528,0.673467278,0.497372419,-0.086453848,0.733735681,0.461279511,-0.108871602,0.532755733,0.33176738,-0.014583012,0.56702137,0.205931574,-0.03742978,0.582257152,0.126133204,-0.062234975,0.594244957,0.056846619,-0.08325813,0.463434517,0.321920782,-0.022045994,0.453816116,0.166082442,-0.041559827,0.452924579,0.074039191,-0.065123156,0.45280531,0.000211209,-0.084351964,0.404573709,0.350384176,-0.037099522,0.384951532,0.212795794,-0.061028056,0.385738909,0.123128414,-0.083066419,0.388991475,0.040983111,-0.099859819,0.352539659,0.408603609,-0.057477012,0.319399327,0.310247123,-0.083578281,0.305007786,0.238381878,-0.098097764,0.298110336,0.163454697,-0.108428903
A,0.416029751,0.71539402,7.74E-07,0.521320283,0.654686451,-0.040029965,0.607685864,0.557220578,-0.062246986,0.674780846,0.495451629,-0.085477725,0.734852731,0.459427655,-0.10835582,0.533036768,0.329183519,-0.012712045,0.566171587,0.203528941,-0.03548282,0.581886292,0.123497456,-0.059307247,0.59468925,0.056263924,-0.078830466,0.462424368,0.319683075,-0.02087017,0.454087913,0.163722903,-0.039065178,0.45460543,0.07170096,-0.060048863,0.456054866,-0.000664562,-0.076733172,0.402876407,0.348502696,-0.036735084,0.384474099,0.209841684,-0.058677584,0.385862797,0.118597776,-0.078124374,0.389681518,0.037454963,-0.092900425,0.350653976,0.408075601,-0.058039345,0.318611652,0.310960472,-0.082242005,0.304064095,0.237919152,-0.094987065,0.296474814,0.163108751,-0.103689335
A,0.417905629,0.715510845,7.58E-07,0.521714032,0.656032205,-0.04138409,0.608387232,0.559334695,-0.063427813,0.675946355,0.498206615,-0.086119138,0.735520005,0.461625844,-0.10832575,0.532683194,0.328418642,-0.012285423,0.566167593,0.201726034,-0.034241956,0.581248164,0.121700883,-0.057601999,0.593752325,0.054491401,-0.077083841,0.462350905,0.319311321,-0.019163644,0.452643871,0.165274799,-0.037380461,0.452082753,0.075110495,-0.058670212,0.453246921,0.004930735,-0.075660869,0.40312475,0.34787932,-0.033885092,0.383667499,0.210074365,-0.05605188,0.384901941,0.119331837,-0.076137312,0.389183462,0.038175941,-0.091421634,0.351138413,0.40663296,-0.054109108,0.318776488,0.310725212,-0.078767173,0.304810166,0.238676146,-0.092297457,0.298134834,0.164262235,-0.101616129
A,0.421695709,0.71648097,7.30E-07,0.523112535,0.659507632,-0.039787322,0.610132933,0.563728333,-0.059939735,0.677827775,0.499574006,-0.080510773,0.737638235,0.465127021,-0.100598596,0.534429371,0.328773618,-0.009882576,0.569357634,0.202163115,-0.030558504,0.583731651,0.1228517,-0.053775132,0.594261646,0.054813027,-0.073437035,0.464118451,0.318777293,-0.016259639,0.455118924,0.165084809,-0.03358236,0.454096675,0.077791423,-0.05579982,0.45349285,0.008604765,-0.073652476,0.404481202,0.346880019,-0.029910246,0.386004508,0.210329562,-0.051157463,0.387363195,0.120883673,-0.071671091,0.390808582,0.04057005,-0.087238148,0.351686507,0.406142235,-0.048711102,0.320132196,0.308961064,-0.07162486,0.306792617,0.238600954,-0.083818063,0.300852597,0.166503355,-0.092166118
A,0.422018647,0.716986537,7.20E-07,0.52402091,0.659286261,-0.04028343,0.611795902,0.565019011,-0.061955217,0.679685473,0.501008511,-0.084117107,0.740281343,0.466846257,-0.105902642,0.537231207,0.331198215,-0.012139336,0.571330547,0.203836292,-0.034238968,0.585436165,0.125202209,-0.058644217,0.59583503,0.056392431,-0.079180464,0.466959953,0.320790976,-0.018858999,0.456401229,0.166483358,-0.037927147,0.453677177,0.07842955,-0.061757617,0.451672763,0.007522881,-0.080797121,0.407116532,0.348377824,-0.0326172,0.387977332,0.212638885,-0.054742921,0.38828966,0.122523278,-0.075492628,0.390933216,0.041463554,-0.091189459,0.353729457,0.4076612,-0.051508795,0.321371377,0.308973491,-0.074193448,0.307499051,0.238420427,-0.085669182,0.300959438,0.166147262,-0.093545347
A,0.42524153,0.719278216,7.38E-07,0.526969373,0.663349628,-0.039397687,0.61401999,0.567591667,-0.060448185,0.680974483,0.502467096,-0.082220919,0.741536975,0.469408453,-0.10362795,0.538140297,0.333668947,-0.011151382,0.573953927,0.205998823,-0.033626616,0.589196503,0.126273274,-0.058065008,0.600455523,0.056931794,-0.07847625,0.467739105,0.322450101,-0.018301468,0.458788365,0.166837305,-0.03789239,0.457942367,0.077648968,-0.061607733,0.457452357,0.006836772,-0.080248751,0.408030659,0.349516362,-0.03244137,0.388390183,0.212073386,-0.054831214,0.390117466,0.120599926,-0.075208239,0.394065708,0.040197641,-0.090399198,0.355053723,0.409038275,-0.051671069,0.322020411,0.309815496,-0.074487306,0.308453977,0.237828761,-0.085837185,0.302310646,0.165389165,-0.093390234
A,0.425531596,0.719038367,7.13E-07,0.527871549,0.66208303,-0.039605267,0.616166711,0.566521347,-0.060879711,0.683532596,0.502790987,-0.082631901,0.74410522,0.470114768,-0.104241051,0.540175021,0.334399551,-0.013667209,0.574813247,0.206952348,-0.037028387,0.589794636,0.127950072,-0.061985239,0.601445615,0.059171259,-0.082815565,0.469562113,0.323866785,-0.02086316,0.458879203,0.168649927,-0.041775487,0.45761925,0.080237865,-0.066446789,0.457551628,0.009434581,-0.085975528,0.409675956,0.351191252,-0.034960765,0.388756514,0.215040952,-0.058724564,0.390182495,0.123870462,-0.08027304,0.394649506,0.04270187,-0.096352525,0.35638237,0.410068274,-0.054032072,0.323193848,0.309728742,-0.078125149,0.309746087,0.237403661,-0.090577662,0.304255873,0.163713485,-0.099119224
A,0.427666426,0.718934774,7.38E-07,0.529535174,0.663140535,-0.038863882,0.617416441,0.568138242,-0.059902024,0.684673488,0.503576696,-0.081662036,0.745181322,0.470912397,-0.103276424,0.541014493,0.334615648,-0.013047188,0.577337444,0.207217515,-0.036468036,0.593062818,0.1273745,-0.061529607,0.60435605,0.057528615,-0.082341976,0.470389932,0.323005468,-0.020733194,0.462590158,0.167655766,-0.041122355,0.463038862,0.077609718,-0.065670691,0.463216335,0.004704595,-0.085103564,0.410493851,0.349859715,-0.035165336,0.391904354,0.213007256,-0.058173224,0.393690616,0.120834351,-0.079397336,0.397350669,0.038853407,-0.095353961,0.357065737,0.409745216,-0.054556981,0.323552817,0.311198443,-0.078077085,0.309477657,0.239040315,-0.090040021,0.302501112,0.165926248,-0.098109886
A,0.427949786,0.720641255,7.03E-07,0.531211436,0.664476335,-0.0384827,0.61899811,0.567267418,-0.058632903,0.686104715,0.503059208,-0.079541638,0.74627775,0.471577406,-0.100243598,0.543719351,0.33598271,-0.011132077,0.578870118,0.208399206,-0.033435952,0.593915462,0.129139513,-0.057567671,0.605506897,0.060536325,-0.077912375,0.473460644,0.325254917,-0.018551914,0.463152528,0.171126917,-0.038654171,0.462005347,0.083197057,-0.062718496,0.461902738,0.013141096,-0.081719711,0.413878947,0.352238506,-0.032892298,0.393823564,0.216155067,-0.056154184,0.39568454,0.123968065,-0.077611633,0.400018305,0.04259479,-0.093625538,0.360828578,0.410814345,-0.052127097,0.327467799,0.311894476,-0.076067694,0.313307524,0.239531606,-0.088627979,0.306848615,0.166588157,-0.097208761
A,0.430749148,0.72355926,7.15E-07,0.534715354,0.662517786,-0.036016934,0.621831477,0.566568375,-0.055960394,0.688631654,0.497188568,-0.077242337,0.750377893,0.459602475,-0.098349206,0.54484874,0.337252259,-0.007651418,0.583643556,0.209627971,-0.030829916,0.602358818,0.131359696,-0.05699005,0.618522525,0.060789138,-0.079110451,0.477302134,0.326616675,-0.016574197,0.469989359,0.176151946,-0.03803011,0.47334522,0.086751461,-0.065147087,0.478506148,0.014004946,-0.086969413,0.419012576,0.352829903,-0.032262448,0.402353317,0.216363922,-0.056428861,0.409895629,0.123870492,-0.079113699,0.420956939,0.041454315,-0.096374474,0.367022097,0.409667015,-0.05263675,0.337573826,0.306537211,-0.077700444,0.32826978,0.229006514,-0.091204524,0.327575564,0.151335835,-0.10068471
A,0.429282725,0.720155597,7.27E-07,0.532109141,0.657043815,-0.034491792,0.617356718,0.55126673,-0.053925712,0.683332324,0.475969523,-0.075041309,0.747028053,0.435216039,-0.096180864,0.536990702,0.336129785,-0.010849328,0.57529974,0.20970583,-0.040478244,0.601762474,0.13354972,-0.069718689,0.629088402,0.067787856,-0.092407629,0.472635895,0.323875278,-0.02055577,0.471800566,0.17537725,-0.047835458,0.485535264,0.085900366,-0.076584004,0.503431201,0.013632983,-0.09851446,0.417324632,0.349058211,-0.037132412,0.405184388,0.21379362,-0.065580025,0.420779258,0.122368872,-0.088580318,0.442798078,0.044183761,-0.105212897,0.36655876,0.405143082,-0.058175776,0.339401871,0.302411735,-0.085375033,0.334078193,0.225159317,-0.099382997,0.338768899,0.149670422,-0.10901311
A,0.42851156,0.718989491,6.56E-07,0.531937301,0.652767777,-0.031808674,0.61318469,0.536312342,-0.048180651,0.676157951,0.456919611,-0.06699805,0.739292264,0.412278891,-0.085622162,0.530850649,0.33440727,-0.006864125,0.564756274,0.210948139,-0.039531078,0.595813274,0.145878792,-0.069957331,0.632837594,0.095144838,-0.092574358,0.469965518,0.323332131,-0.017925572,0.468250394,0.181936309,-0.049476467,0.487148374,0.100213379,-0.078900568,0.516307712,0.039046675,-0.100638494,0.416086525,0.346877903,-0.036766324,0.405899286,0.215121657,-0.06972675,0.430603623,0.131806642,-0.094716303,0.467122942,0.065795481,-0.112058066,0.364207864,0.398651242,-0.059898842,0.338044822,0.297981322,-0.089821011,0.339035511,0.223706931,-0.106887832,0.354895502,0.153975248,-0.119068727
A,0.434614033,0.714043856,7.05E-07,0.532666028,0.64760983,-0.032265719,0.609720111,0.525440514,-0.047950879,0.670659244,0.440066606,-0.065759003,0.730939031,0.393990487,-0.083370939,0.524271607,0.337159485,-0.009414845,0.550315499,0.220474407,-0.044805948,0.585322857,0.176951095,-0.077507131,0.624138713,0.159682393,-0.098612614,0.467584014,0.322782815,-0.017384063,0.48060146,0.184026599,-0.045562435,0.517594576,0.109348953,-0.072361089,0.564828992,0.068218797,-0.091868117,0.414749354,0.34203881,-0.033329256,0.409708649,0.2063777,-0.064268433,0.444321275,0.134458274,-0.089703619,0.495249718,0.097535342,-0.106230229,0.360097826,0.389114022,-0.053433347,0.335378975,0.282910198,-0.081210077,0.351062596,0.218966633,-0.097306974,0.388218701,0.182050496,-0.107606322
A,0.433714032,0.715668321,-2.86E-07,0.528791547,0.620059967,-0.010697457,0.586372554,0.494487077,-0.022400891,0.632267714,0.395283431,-0.041331626,0.678840876,0.324743629,-0.057691969,0.525536239,0.359811246,0.00372502,0.542565167,0.239976406,-0.028110724,0.585887134,0.292478442,-0.050333526,0.5971241,0.34990412,-0.061897956,0.480653524,0.355385333,-0.012158266,0.497332424,0.206108734,-0.046289131,0.545435965,0.28846854,-0.063307069,0.551085889,0.362590283,-0.068556264,0.430408239,0.367219627,-0.032578707,0.441333413,0.220534489,-0.067053959,0.490296811,0.29999277,-0.064651631,0.496841341,0.376023084,-0.055218872,0.372817457,0.395669788,-0.054578613,0.396245897,0.282503366,-0.081843451,0.439999551,0.332522035,-0.0748934,0.448515743,0.39612323,-0.064137936
A,0.433406621,0.715434432,-3.35E-07,0.52704978,0.616935313,-0.012662388,0.581520915,0.494280308,-0.023775378,0.618778408,0.396212995,-0.041210473,0.655959845,0.315210313,-0.053575654,0.522636712,0.361779332,0.002756603,0.54037261,0.251365721,-0.028176829,0.575917006,0.319779456,-0.042723581,0.578779876,0.375983149,-0.04773159,0.479058206,0.359326869,-0.011202762,0.502653539,0.230130285,-0.049048387,0.539132237,0.335835308,-0.060699489,0.531649113,0.407027185,-0.059843931,0.429361165,0.370515078,-0.029945629,0.451568425,0.2370359,-0.07004074,0.48835355,0.34334448,-0.058741212,0.48089394,0.418266863,-0.040230662,0.371157706,0.397685438,-0.050137732,0.404273212,0.29574281,-0.080818273,0.43850106,0.362272024,-0.06836807,0.43202585,0.422562093,-0.051309671
A,0.440698594,0.712442875,-4.40E-07,0.532468915,0.615986049,-0.024839705,0.582569242,0.493691891,-0.041172326,0.606435895,0.395525515,-0.061306316,0.635496855,0.307888359,-0.073221542,0.529499054,0.362959862,-0.005372842,0.558274448,0.268160522,-0.044577867,0.571232975,0.371132255,-0.059230439,0.556320846,0.419273555,-0.06345655,0.483365864,0.362051308,-0.014397279,0.521052778,0.262949228,-0.058319036,0.539500713,0.387979835,-0.066464879,0.522704184,0.43397969,-0.062821396,0.430160195,0.373834312,-0.030152433,0.470373243,0.267056078,-0.081527174,0.491690129,0.397369176,-0.064635888,0.474437416,0.455539405,-0.04072658,0.369351745,0.402059287,-0.047452759,0.418426603,0.329140663,-0.08406806,0.441777915,0.418233126,-0.067696571,0.427002013,0.468429327,-0.04649898
A,0.446773678,0.704158902,-3.64E-07,0.532713473,0.612744451,-0.029333638,0.582904458,0.495929122,-0.045501504,0.604816496,0.397859782,-0.0633967,0.616010308,0.303837419,-0.071960971,0.519723535,0.360973567,-0.007566987,0.561300755,0.283260167,-0.045114532,0.572297633,0.391253084,-0.055813406,0.55113256,0.420082271,-0.058481675,0.475617498,0.361745358,-0.014049474,0.52500838,0.279498607,-0.059141509,0.539093494,0.405426085,-0.066291302,0.513118207,0.43120721,-0.061976269,0.424306989,0.375036418,-0.027332628,0.477849543,0.285454988,-0.080453262,0.495435327,0.415847331,-0.061969507,0.468067825,0.45465216,-0.037424829,0.36286059,0.402581066,-0.042256221,0.425641656,0.349961817,-0.07868953,0.44718197,0.439788014,-0.061045717,0.425329447,0.477014571,-0.03922483
A,0.45214209,0.705580771,-4.46E-07,0.531578958,0.616474032,-0.031097969,0.587374747,0.49819389,-0.04969402,0.606094062,0.391458839,-0.069824368,0.567427397,0.315112859,-0.081858844,0.527670085,0.36104399,-0.00200854,0.5796417,0.301116824,-0.043198679,0.581067979,0.407515585,-0.061760094,0.549548328,0.429925352,-0.071070388,0.479116827,0.358175188,-0.008108843,0.53467983,0.293024242,-0.051138625,0.543357491,0.423125803,-0.058680363,0.512116015,0.433992058,-0.05613713,0.42749384,0.373540074,-0.022148456,0.486679524,0.301114082,-0.073815159,0.501902223,0.429847419,-0.055568229,0.469333559,0.456388324,-0.032935645,0.36760217,0.404774845,-0.038306676,0.435056329,0.363856465,-0.072646976,0.453064382,0.451862007,-0.054866251,0.425915658,0.47946623,-0.034489907
A,0.456043422,0.699503362,-4.01E-07,0.533358216,0.613449812,-0.030866131,0.587195992,0.498353213,-0.050843351,0.604950488,0.394290596,-0.072346263,0.565424562,0.322020352,-0.085540392,0.522545993,0.361220628,-0.005608369,0.572780609,0.300556093,-0.048550799,0.57774508,0.40707013,-0.065914162,0.549372554,0.433692217,-0.072999217,0.474106699,0.361104906,-0.01248195,0.530535221,0.293318212,-0.058922563,0.54049629,0.425349921,-0.065681621,0.509358108,0.438639194,-0.060585059,0.424589872,0.377653778,-0.027104387,0.484885752,0.307106555,-0.080756262,0.499889731,0.434529632,-0.062022727,0.46716997,0.460223347,-0.037499715,0.368391454,0.409779519,-0.043674674,0.435428441,0.364523858,-0.077880643,0.452381104,0.449405193,-0.059113864,0.42390129,0.476789534,-0.037275061
A,0.456809103,0.697127461,-4.28E-07,0.531849444,0.615376115,-0.030342566,0.58597064,0.498649418,-0.050246969,0.603074312,0.394695789,-0.071656264,0.561426699,0.324908763,-0.084904641,0.52248019,0.362487823,-0.005522072,0.572792947,0.301348269,-0.049872957,0.575959027,0.408268958,-0.069236353,0.546006262,0.435474098,-0.077853821,0.474005461,0.362140238,-0.012824155,0.529807448,0.291396916,-0.060291983,0.540244341,0.424187601,-0.067927405,0.508636773,0.438276798,-0.063380145,0.424461663,0.379599243,-0.027843146,0.482872814,0.306164861,-0.081839517,0.499954492,0.434148192,-0.062947527,0.467389524,0.459846199,-0.038507864,0.368583262,0.412564754,-0.044781849,0.434835553,0.36591807,-0.07859008,0.452570319,0.451111794,-0.059576411,0.423790932,0.47813189,-0.037902012
A,0.459750563,0.697018206,-4.24E-07,0.532319129,0.615137637,-0.030806182,0.586335778,0.49854219,-0.051413771,0.60291785,0.394886792,-0.073155873,0.560099006,0.326463819,-0.086763941,0.521783829,0.360794395,-0.008097726,0.57363677,0.302622974,-0.052193038,0.575842798,0.407820106,-0.071251646,0.544759035,0.435027093,-0.079832487,0.4727332,0.360412359,-0.015347887,0.529942393,0.290779054,-0.062019784,0.540369272,0.422803819,-0.068993568,0.508555174,0.437785327,-0.064278625,0.42312023,0.378020227,-0.030156165,0.482227802,0.305822521,-0.083244771,0.49976632,0.433241129,-0.064232759,0.467268586,0.459600747,-0.040068742,0.367825001,0.412200034,-0.046971552,0.434018523,0.366633803,-0.080608137,0.452453852,0.451102078,-0.061832774,0.424049348,0.478173137,-0.040459298
A,0.451610565,0.691603541,-4.33E-07,0.524828911,0.611402392,-0.031576861,0.580824912,0.495700657,-0.052714456,0.598783135,0.392133385,-0.075266078,0.554878235,0.325434983,-0.089887738,0.517842233,0.360299557,-0.00708255,0.569018006,0.299042672,-0.05369433,0.572061121,0.402123868,-0.074527144,0.541841388,0.433196962,-0.083366401,0.469343752,0.36072135,-0.014632896,0.52583921,0.286055744,-0.064723797,0.535816789,0.418958873,-0.073144987,0.503125727,0.438364923,-0.068035595,0.419685125,0.37756139,-0.030138893,0.477241844,0.303192377,-0.086372539,0.493232131,0.431535542,-0.06802924,0.460222632,0.460901648,-0.042821713,0.363503188,0.410306811,-0.047648121,0.428010076,0.361281574,-0.082496822,0.445293456,0.446978748,-0.063343428,0.416647851,0.476565301,-0.041073386
A,0.453729838,0.693042099,-4.35E-07,0.525574267,0.610749006,-0.030682568,0.580685914,0.492750347,-0.05058011,0.597195327,0.389187664,-0.071681254,0.553008318,0.322409332,-0.084757067,0.518303096,0.360052645,-0.006378161,0.570225239,0.300675273,-0.050621644,0.571374238,0.40472132,-0.070307374,0.540266931,0.43033433,-0.079453975,0.470026672,0.359231681,-0.013754334,0.525905788,0.286817253,-0.061218545,0.535604298,0.418620527,-0.068844117,0.504252374,0.433711559,-0.064281307,0.420026422,0.376334429,-0.028795561,0.476731718,0.301096618,-0.082773104,0.494274884,0.428621113,-0.063857973,0.462616861,0.455260128,-0.039378695,0.363205999,0.409547031,-0.045811526,0.427610159,0.361541033,-0.079665609,0.44682619,0.445938855,-0.060524985,0.420004636,0.473291099,-0.03884415
A,0.451469004,0.690237761,-4.11E-07,0.523661315,0.606569529,-0.03023351,0.578387022,0.489772469,-0.051250786,0.595172048,0.386706471,-0.073640287,0.550762892,0.321517766,-0.088149108,0.514076471,0.356797993,-0.008229944,0.566795945,0.295672059,-0.053717684,0.570156515,0.399226636,-0.074045211,0.540037811,0.428519636,-0.083061546,0.465386301,0.357362837,-0.016250936,0.523718834,0.282590985,-0.063823625,0.534175456,0.414367318,-0.070863098,0.501946568,0.432215154,-0.065848708,0.41546151,0.375148088,-0.031937025,0.475191802,0.301387578,-0.085655317,0.492168546,0.427471995,-0.06655588,0.459340632,0.455056787,-0.04198445,0.359599292,0.40910238,-0.049601577,0.425972134,0.361329198,-0.083062127,0.444248974,0.445234835,-0.063533939,0.415718496,0.473557115,-0.041626811
A,0.449540049,0.69415158,-4.38E-07,0.521785796,0.608803034,-0.031343896,0.577277303,0.490392029,-0.051720314,0.594534755,0.386952728,-0.072889827,0.551510572,0.319246083,-0.085984506,0.513709784,0.357547045,-0.00770916,0.569449723,0.300246894,-0.051278781,0.570377469,0.403921604,-0.07059779,0.537643135,0.428305805,-0.080034353,0.465284079,0.357012123,-0.014720472,0.523620486,0.284082264,-0.061665595,0.533409476,0.415431082,-0.0692195,0.500921369,0.430988491,-0.065226153,0.415178776,0.374920726,-0.029270809,0.473818481,0.300671577,-0.082447566,0.49110046,0.427460313,-0.063505627,0.457791805,0.454112649,-0.039738692,0.358626157,0.409259468,-0.045882564,0.424349844,0.363073468,-0.07943283,0.442922115,0.44663164,-0.060648222,0.413767487,0.473205388,-0.039704625
A,0.448612124,0.694237113,-4.22E-07,0.521156967,0.607560933,-0.030911895,0.576570451,0.489853024,-0.051683832,0.594592214,0.385885566,-0.073735818,0.55011493,0.319432199,-0.087795012,0.514386117,0.357389063,-0.006364545,0.568684399,0.299038231,-0.05024698,0.569981873,0.402442425,-0.07016325,0.537789583,0.427542329,-0.079784952,0.465370655,0.356880277,-0.013859206,0.523629487,0.284466863,-0.060693815,0.533483386,0.415688246,-0.06831976,0.5014534,0.430696279,-0.064262882,0.414881796,0.374442786,-0.02901007,0.473690599,0.299446106,-0.082264684,0.491165191,0.426380277,-0.063173234,0.45868963,0.453614444,-0.039069287,0.357895702,0.408330202,-0.046258453,0.42389819,0.361552656,-0.079679959,0.442502916,0.445538223,-0.060449965,0.414395928,0.472781032,-0.038994703
A,0.442100435,0.688933015,-4.33E-07,0.516345263,0.605902672,-0.029373908,0.573641241,0.488774329,-0.048285693,0.593668759,0.384210169,-0.069165796,0.548166513,0.318930805,-0.081995577,0.518747449,0.357834101,-0.002839874,0.569152534,0.288619876,-0.048919134,0.573801041,0.39322567,-0.070485242,0.548383534,0.428405344,-0.079716437,0.468884587,0.357668251,-0.010897948,0.521351576,0.27827549,-0.06107771,0.532420278,0.409466952,-0.070245124,0.504719913,0.434928507,-0.065350652,0.416179031,0.375133306,-0.026991924,0.471711963,0.296047747,-0.082410209,0.488913447,0.422465712,-0.064594597,0.460042804,0.455271244,-0.039576478,0.357721508,0.40895173,-0.045115013,0.423127919,0.355949342,-0.079778016,0.440844178,0.440992415,-0.061196133,0.414409876,0.472423404,-0.039199114
A,0.440656245,0.691239953,-4.15E-07,0.517375469,0.609750748,-0.030215286,0.575269401,0.491233289,-0.048812795,0.592078686,0.385023862,-0.068810716,0.546539307,0.317788601,-0.080697991,0.517626524,0.358613133,-0.003484068,0.565633833,0.289141864,-0.048487563,0.569400549,0.393267155,-0.069424041,0.544273138,0.425398946,-0.078400217,0.468554944,0.356647402,-0.010552084,0.520594358,0.277910948,-0.058995467,0.531272948,0.408746183,-0.067891568,0.503828466,0.432223737,-0.062954627,0.416187167,0.371632785,-0.025545733,0.471832633,0.292545021,-0.080509365,0.488729268,0.420527428,-0.063399039,0.460442126,0.453865945,-0.038733117,0.357534021,0.403118014,-0.042523697,0.422150522,0.354648113,-0.078469612,0.441328704,0.442938149,-0.060954567,0.417692602,0.476189762,-0.039196413
A,0.435754508,0.692132473,-3.53E-07,0.514014721,0.608742595,-0.033296306,0.569264293,0.489284575,-0.053195547,0.582717419,0.383433998,-0.074819602,0.543276846,0.307821572,-0.087952405,0.515484869,0.356752098,-0.001098053,0.566530466,0.284431636,-0.048110541,0.573915958,0.384619117,-0.069841288,0.551464796,0.422170013,-0.078097463,0.465692848,0.356443882,-0.006859492,0.520644844,0.277186155,-0.056845438,0.531758308,0.40657863,-0.066487134,0.504636407,0.432538301,-0.061271172,0.413064063,0.370467812,-0.021576481,0.470671535,0.29177931,-0.079520196,0.486586034,0.42059502,-0.063572742,0.458243906,0.457578808,-0.038399391,0.354304552,0.400620252,-0.038525544,0.421181947,0.352264225,-0.077403136,0.439198732,0.441560477,-0.061182797,0.41427967,0.477694869,-0.039369602
A,0.434455693,0.689176023,-3.82E-07,0.513887346,0.605284691,-0.032149173,0.569174588,0.48738727,-0.051423848,0.582084477,0.382708341,-0.072760671,0.54450345,0.305904686,-0.085828111,0.52287817,0.357573032,-0.002248527,0.574551165,0.284149915,-0.049625546,0.57867831,0.383742779,-0.071147405,0.555119038,0.423579395,-0.079280309,0.471181393,0.355747461,-0.008699365,0.526982188,0.27857244,-0.059931912,0.5335747,0.409258664,-0.069922343,0.504934132,0.438819528,-0.064753823,0.4163225,0.368358731,-0.023907056,0.475126326,0.292074144,-0.082895525,0.486758232,0.423468202,-0.066946328,0.456706285,0.462396622,-0.041533262,0.354866385,0.397004694,-0.041172706,0.423455417,0.35115701,-0.080813438,0.439044565,0.44265765,-0.064462565,0.412365884,0.478579164,-0.042379461
A,0.435825109,0.688852787,-3.78E-07,0.514406979,0.605746269,-0.032553665,0.569058716,0.48723796,-0.051893782,0.580511093,0.383153886,-0.073156334,0.544067979,0.305390596,-0.086078525,0.523495555,0.357241631,-0.002664767,0.574976742,0.287991047,-0.049421396,0.577640593,0.387199461,-0.070465453,0.553486705,0.424200892,-0.078623638,0.472320557,0.354620218,-0.008817528,0.526983082,0.283319861,-0.058626324,0.533126712,0.413043439,-0.067526728,0.505576968,0.437629163,-0.062447675,0.417888433,0.365759104,-0.023826024,0.476036042,0.29078868,-0.083185405,0.486786842,0.423803329,-0.066964619,0.456855178,0.461440474,-0.041721281,0.355915338,0.392685503,-0.040851284,0.423772424,0.350568354,-0.081998892,0.438462019,0.444071978,-0.066311337,0.411723316,0.479277074,-0.044708248
A,0.43811965,0.688424468,-3.56E-07,0.514801502,0.607984841,-0.033567213,0.567686617,0.490231693,-0.053881768,0.579551816,0.386365294,-0.075895086,0.54497242,0.306651354,-0.089411803,0.521687627,0.36095193,-0.006435816,0.56916666,0.287433445,-0.053209748,0.577684343,0.384877026,-0.072171941,0.555723071,0.426017731,-0.077899426,0.470664322,0.358986408,-0.01195752,0.522784293,0.285271883,-0.061922278,0.531442344,0.416368335,-0.069640197,0.502367854,0.4419083,-0.063152492,0.416986525,0.36980319,-0.026181113,0.473499537,0.292768121,-0.085336819,0.486309737,0.424871743,-0.068529941,0.455515206,0.462392777,-0.042659849,0.355184615,0.396222919,-0.042422645,0.423167944,0.352741599,-0.083612643,0.439340115,0.445215136,-0.067606822,0.412178755,0.480769515,-0.045456965
A,0.439426363,0.689334989,-3.75E-07,0.516358376,0.60723269,-0.031903941,0.571123123,0.490225673,-0.051374536,0.585123479,0.385400981,-0.072545528,0.549513817,0.306082517,-0.085492082,0.51968497,0.361971796,-0.007073903,0.570399642,0.290204287,-0.051373832,0.578438282,0.387601197,-0.067865722,0.554984093,0.427869588,-0.072310679,0.469219446,0.36050269,-0.012999788,0.523464441,0.285608709,-0.061406609,0.53282398,0.415750414,-0.067917086,0.503201663,0.444296777,-0.060965743,0.416162193,0.371899545,-0.027102442,0.474812061,0.293113142,-0.084003165,0.488938719,0.423999578,-0.066287488,0.458012193,0.463920593,-0.040405959,0.355197668,0.399064749,-0.043110557,0.425168753,0.351072729,-0.082514212,0.442912638,0.441991836,-0.065947346,0.41614309,0.478885055,-0.043851148
A,0.437232107,0.688530087,-4.08E-07,0.51447624,0.61088258,-0.033304088,0.570860624,0.491754591,-0.052283403,0.585166216,0.384577811,-0.072628811,0.548526466,0.305441558,-0.084355436,0.522305846,0.365417898,-0.007208798,0.573164284,0.292786956,-0.052073509,0.580134869,0.391088068,-0.068389185,0.556613445,0.430067092,-0.072729476,0.471177012,0.36276409,-0.012554811,0.525231361,0.285723954,-0.062053911,0.533345997,0.417151392,-0.068140127,0.503197908,0.444211543,-0.06050957,0.418039173,0.373823375,-0.026367465,0.476181805,0.292923927,-0.084191807,0.489176571,0.425389379,-0.065787911,0.457870185,0.464295745,-0.039171565,0.356959343,0.400152832,-0.042256303,0.42647323,0.352073044,-0.08158607,0.442927212,0.442659676,-0.064906001,0.415544778,0.477584094,-0.042875174
A,0.439410657,0.687489033,-3.65E-07,0.51600343,0.610671699,-0.033720765,0.57122761,0.49278751,-0.053967722,0.585540712,0.385605991,-0.07551039,0.55008328,0.303999782,-0.088697217,0.521816671,0.363227606,-0.008402339,0.57165277,0.290215373,-0.05442863,0.580406845,0.388862312,-0.071945757,0.557844162,0.429171532,-0.076715082,0.470192134,0.360942215,-0.013829329,0.524160087,0.283946991,-0.063738376,0.532680273,0.416011155,-0.070774771,0.502122819,0.443095475,-0.063533269,0.417002171,0.372357339,-0.02763374,0.475854278,0.293438494,-0.08615341,0.488871604,0.426110268,-0.068374626,0.457054019,0.463567138,-0.041831259,0.356408358,0.399282336,-0.043376315,0.426831126,0.353148222,-0.08348342,0.443825841,0.444804221,-0.066539183,0.416627496,0.480056524,-0.043841578
A,0.437127709,0.687458813,-3.87E-07,0.515050352,0.609580755,-0.033250947,0.571093619,0.491639614,-0.052457754,0.586890697,0.384709388,-0.072949678,0.552741826,0.303080618,-0.084965363,0.52141875,0.364201754,-0.008016184,0.572298586,0.29245165,-0.05268712,0.580287576,0.389989525,-0.068798572,0.55613333,0.429558665,-0.072779931,0.469855011,0.361929119,-0.013321982,0.523254097,0.285803795,-0.062390622,0.532034039,0.416268975,-0.068784229,0.50121969,0.443594307,-0.061439652,0.416813701,0.372966379,-0.026911255,0.47488904,0.292518526,-0.084616385,0.488752097,0.424602777,-0.066584878,0.457203954,0.463634551,-0.040169541,0.356321961,0.399257362,-0.04247348,0.426589459,0.351242244,-0.082221977,0.444069773,0.442507327,-0.065536395,0.417224705,0.478727251,-0.043208301
A,0.436212778,0.686112165,-3.36E-07,0.514912605,0.608926535,-0.033433419,0.57068491,0.491995305,-0.053891774,0.586006999,0.385397285,-0.076021656,0.553032696,0.302004337,-0.090056606,0.518328786,0.363992155,-0.009034715,0.567938745,0.286343068,-0.054951157,0.582493246,0.38110745,-0.072162062,0.561807513,0.425969243,-0.07598044,0.467138946,0.362382352,-0.014251484,0.520679593,0.284273207,-0.062912457,0.531641126,0.414363503,-0.069677494,0.500306249,0.443256974,-0.062425423,0.415191442,0.373563528,-0.027769376,0.473843426,0.293085307,-0.084965795,0.488215327,0.423616797,-0.067247391,0.455804467,0.46325767,-0.040923614,0.355843276,0.400121897,-0.043308467,0.426460117,0.351869851,-0.083052561,0.444507033,0.441067457,-0.066331401,0.417233348,0.477846295,-0.043731526
A,0.433557272,0.68335247,-3.39E-07,0.511427879,0.605622172,-0.034333423,0.567729533,0.488883555,-0.05325089,0.58737278,0.384159803,-0.073016308,0.562901616,0.297102213,-0.084086038,0.516332209,0.359369218,-0.010743244,0.561277628,0.283573151,-0.054083467,0.57444644,0.381375015,-0.070231266,0.552856684,0.423833907,-0.074061356,0.465710074,0.358562142,-0.014220816,0.514843702,0.280960351,-0.060955696,0.528306723,0.406787455,-0.068034038,0.499524444,0.437315315,-0.061854716,0.413091838,0.370359153,-0.025661189,0.467517674,0.290129572,-0.081245042,0.485219657,0.418971926,-0.064566389,0.456547081,0.460811883,-0.039495852,0.353993028,0.397651672,-0.039210685,0.422659695,0.349644423,-0.078756161,0.442627192,0.438455135,-0.063558742,0.418500006,0.477578253,-0.042133126
A,0.432362437,0.682655632,-3.38E-07,0.510802031,0.603788376,-0.033047505,0.568607688,0.487910211,-0.050566219,0.592208982,0.38564083,-0.068641119,0.572504878,0.299780428,-0.078292303,0.51752156,0.355805606,-0.011914697,0.561431348,0.283255368,-0.052252445,0.571546316,0.382731557,-0.067212634,0.548127711,0.419261128,-0.071424946,0.467549175,0.356120557,-0.015057576,0.515935719,0.278950185,-0.05947822,0.530037165,0.402573824,-0.066045627,0.502925634,0.43346864,-0.060382571,0.414212734,0.369614065,-0.02546278,0.467677593,0.293314099,-0.077906996,0.4860695,0.420127183,-0.061083183,0.458821595,0.462309062,-0.036825068,0.354860723,0.397541314,-0.03795987,0.421912253,0.351130128,-0.074777737,0.442304075,0.438169926,-0.059383571,0.419219643,0.477455884,-0.038507886
A,0.428370714,0.68023026,-3.40E-07,0.50697571,0.605483711,-0.032098155,0.569464624,0.489394724,-0.048343636,0.595664799,0.388434231,-0.065153338,0.580268919,0.303371131,-0.073341571,0.514372289,0.356140673,-0.011503311,0.552539349,0.279752254,-0.051248331,0.565519154,0.378047198,-0.065168358,0.545844853,0.417651474,-0.067917064,0.467047602,0.357520282,-0.014404247,0.511669278,0.279552341,-0.058560692,0.527219176,0.399879426,-0.065117396,0.502258956,0.433407009,-0.059162483,0.415386379,0.370268732,-0.024453012,0.466744184,0.29292354,-0.076407619,0.4852615,0.419341803,-0.059956931,0.460382551,0.464576721,-0.035604555,0.357190549,0.397728086,-0.036563564,0.422816843,0.350078344,-0.073233567,0.442455679,0.437137902,-0.058620621,0.420702368,0.47815004,-0.037991419
A,0.429502189,0.679632425,-2.93E-07,0.505917907,0.607199073,-0.030638142,0.570750296,0.490453243,-0.046177201,0.601947308,0.391965926,-0.062371574,0.590762019,0.307400942,-0.070019297,0.512326598,0.353496313,-0.011678191,0.550312042,0.275274724,-0.050310787,0.566546142,0.370771348,-0.063763142,0.548074901,0.410637528,-0.066202104,0.465565979,0.354927242,-0.015068404,0.511282206,0.276594043,-0.058262251,0.528483272,0.394191504,-0.065145686,0.503944814,0.428062648,-0.059680283,0.413632691,0.368224919,-0.0252841,0.466829836,0.291083992,-0.075927489,0.48642984,0.415829301,-0.060170013,0.462264597,0.461173415,-0.036687374,0.355720609,0.396539092,-0.037515081,0.422148705,0.351105034,-0.073845223,0.443049788,0.436815232,-0.060024273,0.422445834,0.477591276,-0.04013218
A,0.429945886,0.680571914,-2.99E-07,0.507617116,0.607595563,-0.029433632,0.572957695,0.490608782,-0.043466941,0.605655193,0.394797236,-0.05834689,0.602216661,0.309002608,-0.064780213,0.514148235,0.355744779,-0.010742899,0.551620483,0.274316609,-0.048932426,0.568449318,0.368324101,-0.062279746,0.550915003,0.414931774,-0.064277694,0.467192709,0.356198549,-0.01452039,0.511931956,0.272817791,-0.058644075,0.530290782,0.389792562,-0.066676632,0.508120656,0.434847265,-0.061267495,0.413904458,0.368997663,-0.025018292,0.465299338,0.286187887,-0.075587139,0.486982048,0.409778923,-0.060928229,0.466214389,0.462251455,-0.037693474,0.354347885,0.39830336,-0.037441242,0.420314401,0.347088069,-0.074107811,0.441535592,0.432146817,-0.061001819,0.422295153,0.476630211,-0.041392852
A,0.42645815,0.67096591,1.37E-07,0.506922185,0.603903651,-0.023628665,0.573109686,0.492409229,-0.03811311,0.609925926,0.404630959,-0.055788007,0.628937006,0.3182621,-0.069246165,0.503740251,0.366086304,-0.006262515,0.538319588,0.254403234,-0.043680519,0.575218201,0.291382134,-0.067734793,0.580568016,0.349461943,-0.076460227,0.456862718,0.362953216,-0.013034183,0.486861706,0.234737575,-0.054269549,0.53449285,0.302855134,-0.076070011,0.541638494,0.377441972,-0.081376337,0.407418847,0.374529004,-0.025353586,0.435640693,0.245397344,-0.067134097,0.485777199,0.327555746,-0.069153987,0.492373735,0.404908448,-0.059677266,0.356290638,0.402936816,-0.039684664,0.402252018,0.319506109,-0.075773023,0.44048363,0.374328762,-0.075142734,0.440725088,0.435439378,-0.065698899
A,0.424966812,0.675268292,1.50E-07,0.505421638,0.610496581,-0.021575237,0.573153853,0.491610914,-0.033019744,0.611378551,0.402689993,-0.048509929,0.630303621,0.323574185,-0.060767099,0.502852678,0.363415211,-0.000716226,0.531579614,0.246233478,-0.036679894,0.571137905,0.272566319,-0.063981496,0.583908379,0.325422466,-0.076048784,0.456249595,0.35724926,-0.008885236,0.482061356,0.219306529,-0.047867309,0.534021556,0.270141572,-0.073294029,0.549042225,0.341104746,-0.082406439,0.407224476,0.365751624,-0.022570454,0.425664365,0.223716974,-0.062206525,0.479474187,0.293335944,-0.069992401,0.494178116,0.371523261,-0.065757059,0.356999844,0.39001587,-0.038387693,0.393320143,0.296303809,-0.073590346,0.436998814,0.343235344,-0.076578721,0.449168265,0.408038467,-0.070767097
A,0.420972109,0.677443445,1.67E-07,0.503885806,0.612359107,-0.024168024,0.572522759,0.493923545,-0.034590397,0.611112893,0.399465591,-0.047632188,0.630351424,0.322567344,-0.057814177,0.498506606,0.357572883,0.002001747,0.523206651,0.240771458,-0.027841544,0.562611461,0.256036878,-0.05344763,0.578144789,0.305488616,-0.065459624,0.45505029,0.348366588,-0.003244727,0.473146021,0.204359338,-0.035467938,0.523858309,0.234831676,-0.061501428,0.543352604,0.302257538,-0.072629154,0.409137666,0.354894489,-0.014003446,0.414709657,0.204369411,-0.046918761,0.468240082,0.2439318,-0.060736593,0.489163578,0.316046834,-0.06285616,0.358491302,0.376799852,-0.027207837,0.382145792,0.270002842,-0.057796516,0.425555855,0.301161706,-0.064163968,0.44438991,0.366092563,-0.062348537
A,0.422101229,0.68237716,3.26E-07,0.504783809,0.616258383,-0.028872464,0.571934402,0.497307509,-0.042024195,0.610612035,0.402018726,-0.057517301,0.633921146,0.325012147,-0.070356764,0.491688371,0.349047363,-0.001615692,0.50559324,0.234470218,-0.033816166,0.550757527,0.235577181,-0.060744327,0.575570822,0.277476251,-0.073179945,0.448670536,0.340851039,-0.006505196,0.455247253,0.192298695,-0.039997116,0.510558009,0.201673552,-0.067621797,0.537849844,0.263982177,-0.079879336,0.403517842,0.351215601,-0.017515039,0.401307046,0.202795342,-0.0532258,0.460377663,0.220878556,-0.070458852,0.488854796,0.287641525,-0.073995985,0.352594435,0.379331589,-0.031353045,0.365543842,0.263564587,-0.065507099,0.412285268,0.274499387,-0.075135551,0.438417792,0.331300676,-0.074700572
A,0.414871633,0.699666142,7.50E-07,0.499547094,0.615850568,-0.031735923,0.566207588,0.50423938,-0.044234853,0.604024708,0.410342723,-0.058269709,0.639728189,0.327911079,-0.070874125,0.47525394,0.349525899,0.008906755,0.50610292,0.250650227,-0.019430457,0.542891741,0.203031316,-0.04787349,0.580705285,0.171037778,-0.066124223,0.427858442,0.33179009,0.004423653,0.444184482,0.204259992,-0.018799283,0.48394984,0.144707382,-0.041570362,0.530934989,0.118369073,-0.056657467,0.381855875,0.343827784,-0.008784812,0.382256895,0.207490116,-0.042351596,0.423008949,0.16148439,-0.062292024,0.473476321,0.155651584,-0.071004786,0.332932591,0.377888113,-0.025608398,0.333361983,0.269715041,-0.060295463,0.368419826,0.232949063,-0.073635757,0.413094699,0.237322763,-0.077415198
A,0.412382156,0.698660731,7.67E-07,0.498874664,0.615002871,-0.028310668,0.565876007,0.499404013,-0.039478999,0.606589973,0.405568272,-0.052760296,0.639138281,0.323441982,-0.064573146,0.471319675,0.344354749,0.007127938,0.505057931,0.242280006,-0.020276649,0.544287324,0.19494091,-0.047835443,0.584086537,0.163399234,-0.065698288,0.422285765,0.327866077,0.000632301,0.431352973,0.195727512,-0.023302712,0.472125739,0.131534427,-0.046205495,0.520956755,0.098842114,-0.061255522,0.376938224,0.342946291,-0.013823798,0.370696902,0.206321657,-0.045625698,0.411968052,0.15921095,-0.065822355,0.464119345,0.148582041,-0.07519047,0.331115603,0.380732298,-0.031801596,0.323503256,0.272402644,-0.064534217,0.357932329,0.227500573,-0.078675427,0.406624854,0.219193339,-0.083650291
A,0.412522495,0.698880315,8.02E-07,0.498762339,0.614801764,-0.029392336,0.565929949,0.499729007,-0.04247012,0.605988324,0.405712068,-0.058006532,0.639424801,0.320217431,-0.072091654,0.47124511,0.340387821,0.006337664,0.506066501,0.237174496,-0.022559362,0.545298219,0.188022107,-0.051243518,0.58570838,0.153873444,-0.070195578,0.420956254,0.324985236,-0.001151606,0.4285357,0.190857545,-0.027227782,0.468249172,0.1232858,-0.05186582,0.517488003,0.08368659,-0.068334065,0.374559879,0.341891766,-0.016816868,0.367257029,0.203014135,-0.051026933,0.407828093,0.156621367,-0.072137259,0.460188717,0.143666089,-0.082006976,0.328416646,0.38170743,-0.036124751,0.322116345,0.271755755,-0.070736468,0.355952561,0.224750146,-0.08586514,0.404303074,0.211697042,-0.091659121
A,0.415533245,0.703622937,7.93E-07,0.504578531,0.621954441,-0.028517682,0.568229675,0.49306798,-0.036493976,0.603031874,0.390333027,-0.04670649,0.640659809,0.310395718,-0.05517232,0.47634235,0.337282836,0.021033011,0.512251735,0.231589466,-0.004551114,0.548918247,0.174333692,-0.033907421,0.588004351,0.129006535,-0.054304007,0.424957573,0.320507139,0.013971355,0.436750472,0.184833124,-0.007386334,0.468638152,0.103081197,-0.032666467,0.510354698,0.040011793,-0.050508447,0.377667189,0.333763778,-0.002270742,0.386452198,0.200815022,-0.030108342,0.420360446,0.12599805,-0.051918544,0.464411557,0.070549518,-0.064807355,0.330025792,0.371174872,-0.022605669,0.324706674,0.26997292,-0.049306933,0.349534959,0.209721893,-0.061752602,0.38850832,0.165218636,-0.068254225
A,0.416036695,0.706886292,7.41E-07,0.506049037,0.624222875,-0.025275005,0.56513685,0.490441442,-0.029680839,0.594158828,0.384101957,-0.036859047,0.623015881,0.309452772,-0.0428119,0.477035612,0.339297533,0.022173058,0.512088716,0.228880867,-0.003031006,0.549015164,0.16645129,-0.032202106,0.58584702,0.111956716,-0.052774962,0.427380174,0.320555985,0.013514219,0.441161245,0.180303067,-0.007097266,0.466882646,0.092380792,-0.032819681,0.496917009,0.016430348,-0.051602002,0.381888002,0.330551565,-0.003928313,0.392056763,0.193917006,-0.030400522,0.420529008,0.112395525,-0.052612767,0.453825682,0.045880616,-0.066430539,0.334958553,0.363606304,-0.025316032,0.335428894,0.254347056,-0.050356243,0.359304368,0.189130768,-0.062253244,0.392989635,0.135074347,-0.069105461
A,0.4144575,0.706172705,6.31E-07,0.506000757,0.629729569,-0.022285424,0.558568418,0.478348583,-0.019832315,0.572636962,0.366808832,-0.019334195,0.587898791,0.307526529,-0.018143469,0.48393786,0.333176494,0.024319526,0.516181767,0.221012622,0.006065752,0.54509902,0.155051872,-0.01795301,0.571113765,0.096635908,-0.036574975,0.434568167,0.316622198,0.016080705,0.451025337,0.171398908,0.000822227,0.470493764,0.080103338,-0.022108577,0.48845011,-0.001927853,-0.03947461,0.38898772,0.327731103,-8.34E-05,0.401937008,0.186886191,-0.021241138,0.421441019,0.096748978,-0.042614102,0.439436287,0.01651305,-0.057574704,0.339824647,0.3629013,-0.019694362,0.343390703,0.259243429,-0.040293615,0.354272425,0.188118234,-0.051272225,0.367506176,0.117549866,-0.059381567
A,0.415272593,0.703992188,5.16E-07,0.504509091,0.625221848,-0.02206732,0.549531281,0.470694602,-0.017021183,0.556861639,0.359256864,-0.014069475,0.5716362,0.296601832,-0.009778027,0.492421299,0.324567109,0.028104493,0.517620504,0.21142827,0.014330853,0.537995279,0.147058412,-0.005777592,0.554303229,0.08872354,-0.022041155,0.443221748,0.309966892,0.02116454,0.455924779,0.167035952,0.009724405,0.469247282,0.080531389,-0.009336718,0.47991094,0.00483942,-0.02361298,0.397745132,0.323668957,0.006032689,0.40609929,0.184891954,-0.011861308,0.416328341,0.098308146,-0.030022779,0.424690485,0.020716369,-0.042452242,0.348600984,0.362408727,-0.012855152,0.352772355,0.25617373,-0.030632921,0.357588649,0.186080217,-0.039404646,0.362451255,0.115832537,-0.045756824
A,0.414125562,0.706858575,3.41E-07,0.501255631,0.621605039,-0.019070031,0.539938986,0.480340004,-0.013117341,0.541929603,0.372419983,-0.010146078,0.548702359,0.303035676,-0.005073139,0.492216527,0.334337741,0.037676353,0.510757148,0.219165638,0.028422231,0.520434082,0.155176058,0.010468334,0.523676574,0.093605936,-0.004848913,0.449962497,0.321268559,0.032011189,0.468557388,0.190718114,0.026132435,0.47857067,0.117263049,0.010745646,0.4836272,0.05213207,-0.001598316,0.407605857,0.330385208,0.017989054,0.419803321,0.200743064,0.007345779,0.425845474,0.12326768,-0.004663441,0.426807106,0.052880347,-0.013630973,0.359775931,0.360771209,-0.000178292,0.36600405,0.257766873,-0.011116344,0.369093388,0.192166343,-0.015152263,0.369028181,0.12754041,-0.018322051
A,0.418305069,0.704271317,4.10E-07,0.505867779,0.62291491,-0.020548427,0.547053874,0.483807087,-0.014647376,0.545281589,0.375214189,-0.01114711,0.545177877,0.299495071,-0.005523263,0.494888961,0.332890987,0.038620997,0.513474643,0.218035832,0.029319882,0.521474719,0.150721446,0.011325437,0.523618996,0.089813411,-0.003679662,0.451388448,0.319923043,0.033080012,0.469775349,0.188656941,0.026895372,0.478348643,0.112286627,0.010246029,0.481589377,0.046062201,-0.002589364,0.408573091,0.329189658,0.019015232,0.422570169,0.200919181,0.007633596,0.429214716,0.122742802,-0.00604497,0.430710316,0.050734997,-0.015806615,0.361468643,0.360805392,0.000849103,0.368729681,0.258090913,-0.01171492,0.374036491,0.193672493,-0.017092042,0.376724899,0.129272848,-0.02072458
A,0.419119686,0.701957107,4.23E-07,0.506008089,0.620285451,-0.021681715,0.547498882,0.484957159,-0.017720608,0.54724288,0.378450423,-0.016043535,0.547249675,0.300701618,-0.012310281,0.496172369,0.335236341,0.034868374,0.514405906,0.220628232,0.023771329,0.523854196,0.154536203,0.00504606,0.527461648,0.093434155,-0.010294895,0.454057515,0.322687507,0.029578591,0.473745227,0.192538232,0.021743963,0.484109044,0.118693739,0.005064551,0.489805311,0.053985566,-0.007640144,0.411584675,0.332058847,0.015719721,0.425952196,0.20388414,0.002842777,0.432220399,0.1240924,-0.010863885,0.434322149,0.049913645,-0.020532558,0.36404869,0.363561034,-0.002263888,0.371868223,0.262421966,-0.015760435,0.377129883,0.198856622,-0.021177741,0.379837126,0.134955019,-0.024766708
A,0.420858741,0.700740039,4.23E-07,0.506452024,0.622742355,-0.022320934,0.548354447,0.488366038,-0.018285953,0.548366427,0.38330996,-0.016226618,0.548166692,0.307212144,-0.011938331,0.499958962,0.336387157,0.034386832,0.517243922,0.221056059,0.024155537,0.524105132,0.153387025,0.006180747,0.525374293,0.091737926,-0.008546993,0.456896216,0.322932333,0.029511111,0.474252254,0.190293327,0.022278588,0.480645239,0.111484498,0.005387007,0.482014358,0.043081254,-0.007404716,0.414241642,0.331725746,0.016258406,0.427829593,0.204680815,0.004341763,0.433191806,0.12562865,-0.009685602,0.433906615,0.053174853,-0.019585885,0.367454618,0.361932397,-0.001188539,0.375200152,0.262499154,-0.013917301,0.379146516,0.200116158,-0.019309316,0.380201101,0.137677133,-0.022839162
A,0.419870079,0.701309323,4.18E-07,0.504534006,0.625088394,-0.023773897,0.544573665,0.486653626,-0.01996058,0.544149101,0.378815085,-0.0175501,0.547356963,0.3020432,-0.012875607,0.499572545,0.336480796,0.031070376,0.516841352,0.221451551,0.019952713,0.524653196,0.154968128,0.001700245,0.526518524,0.094653338,-0.012924304,0.45703882,0.321817458,0.027095297,0.47450465,0.187173054,0.01927967,0.480767608,0.105767965,0.002421902,0.481641501,0.034686595,-0.010212455,0.414972842,0.330760419,0.014726701,0.427931726,0.204795644,0.002298354,0.433635056,0.126255363,-0.011976191,0.434605926,0.05500108,-0.021841615,0.368368924,0.361321867,-0.00186883,0.376239479,0.262620032,-0.014760812,0.380529463,0.200386018,-0.020324877,0.381733686,0.138648361,-0.023961201
A,0.419686615,0.701303482,4.09E-07,0.504712462,0.62354815,-0.022862716,0.544615746,0.485339969,-0.01876476,0.544822752,0.37750265,-0.016421275,0.547521353,0.299205065,-0.011712668,0.499903828,0.334534585,0.034207039,0.516979218,0.220105603,0.023989493,0.524882436,0.154355332,0.005965724,0.52730602,0.094519973,-0.008701786,0.45756793,0.319867343,0.029890506,0.474662513,0.186338484,0.023306891,0.481585741,0.106153011,0.00681178,0.483879954,0.035521358,-0.005907778,0.415396214,0.328966677,0.017025923,0.428422004,0.202612385,0.005636707,0.434585482,0.124379575,-0.008396983,0.436439514,0.052873224,-0.018478543,0.369153112,0.35992229,-0.000113842,0.376613498,0.261295259,-0.012480294,0.380699456,0.199007228,-0.01806123,0.381921351,0.13690567,-0.021928428
A,0.419115722,0.700648308,3.97E-07,0.505076528,0.622061014,-0.020987442,0.544579804,0.483277529,-0.015814913,0.544874549,0.375897378,-0.012787711,0.547767282,0.298198432,-0.007540354,0.49914974,0.334943175,0.035822205,0.516514897,0.220178038,0.025908506,0.525071025,0.154780269,0.008112581,0.528239489,0.095361114,-0.006474741,0.457023144,0.320143759,0.030687433,0.474461973,0.187058121,0.024104631,0.482179254,0.107463926,0.007411459,0.485369891,0.037593275,-0.005535939,0.41492179,0.328895122,0.017118081,0.427911341,0.202881262,0.005732224,0.434505105,0.124361962,-0.008628981,0.437053144,0.052287906,-0.019074788,0.368792325,0.359338135,-0.000553574,0.376072109,0.260223478,-0.012928734,0.380296826,0.197605267,-0.018771427,0.381982714,0.135000825,-0.022990262
A,0.418850809,0.698531628,4.04E-07,0.505316079,0.620820343,-0.022434536,0.546393037,0.485569537,-0.018339911,0.546152532,0.37914905,-0.01614557,0.546832323,0.300573945,-0.011730264,0.499977291,0.334390372,0.034468159,0.517107189,0.221087188,0.023930112,0.525302768,0.155955255,0.005753454,0.52846086,0.096372157,-0.009117528,0.457132578,0.320040345,0.029706061,0.474033058,0.188017324,0.022315195,0.481712043,0.109519988,0.005370187,0.485444427,0.040356964,-0.007632215,0.414615124,0.328898996,0.016402273,0.427628964,0.202680439,0.0039423,0.434147328,0.124039441,-0.010557367,0.437300116,0.051441818,-0.020890504,0.368309766,0.359679639,-0.001081125,0.376022369,0.260935426,-0.014455414,0.381290615,0.19866474,-0.020538235,0.384568036,0.136081249,-0.024753768
A,0.418457448,0.698081613,4.06E-07,0.504298806,0.6249547,-0.022746498,0.547456682,0.492177188,-0.018980656,0.549627423,0.387197047,-0.01681059,0.548922658,0.308649451,-0.012368776,0.502287149,0.340024173,0.030515468,0.519787192,0.223410785,0.019063123,0.527435422,0.155882686,0.001129346,0.529354751,0.095218092,-0.013012609,0.460264444,0.324129641,0.025792293,0.477923155,0.187032446,0.017550336,0.484627485,0.102653354,0.000729611,0.4862988,0.029652983,-0.011824762,0.418158889,0.331618637,0.012824318,0.43222183,0.203570291,0.000211695,0.439023733,0.12369588,-0.014416472,0.441297472,0.051413625,-0.024568016,0.371539831,0.360731572,-0.004279516,0.380172193,0.26162684,-0.017868873,0.385040283,0.198650807,-0.024109051,0.386996061,0.136197805,-0.028175071
A,0.418658137,0.700107455,3.79E-07,0.505040765,0.622636616,-0.020367337,0.546276391,0.485421717,-0.015175916,0.547314763,0.380320311,-0.012142194,0.548887551,0.304358125,-0.006897913,0.502863586,0.339137733,0.033182502,0.521335661,0.22158438,0.022610281,0.528871596,0.154561117,0.00493805,0.530194938,0.093850017,-0.009261114,0.461390018,0.323768914,0.027751625,0.479620904,0.18858254,0.020186411,0.485699475,0.105626285,0.003219762,0.486021578,0.033425361,-0.009651213,0.419686884,0.331086904,0.014305443,0.434504032,0.203444317,0.002686277,0.44072172,0.124398887,-0.01141536,0.441396058,0.053165257,-0.021437114,0.372991383,0.359788775,-0.003124161,0.381302714,0.260593951,-0.015703106,0.38524583,0.197036982,-0.021384319,0.385566235,0.134628594,-0.0251716
A,0.418659806,0.700222611,3.92E-07,0.503902197,0.623467267,-0.021390444,0.545280576,0.486117482,-0.016878631,0.547359228,0.380036622,-0.014337464,0.550021827,0.303284526,-0.009446027,0.503093183,0.3370381,0.033267703,0.521151543,0.220323384,0.023403943,0.528622925,0.153766707,0.006006735,0.530031383,0.09355852,-0.008025828,0.461366981,0.322077692,0.028543219,0.479756385,0.187243462,0.022359518,0.485831141,0.106255651,0.006204594,0.486300737,0.036259651,-0.006211204,0.41950202,0.329992235,0.015694808,0.434270442,0.203805998,0.005610004,0.440202087,0.125465006,-0.007627903,0.4408755,0.055038303,-0.017329171,0.372808158,0.359359324,-0.001327863,0.381309122,0.260423809,-0.012338623,0.385281026,0.197335809,-0.017066855,0.385775626,0.135365695,-0.020355361
A,0.416495711,0.699880302,3.78E-07,0.503218412,0.622235417,-0.021216458,0.545720994,0.48538208,-0.016400719,0.54743427,0.379023969,-0.01357847,0.550174356,0.301959336,-0.008313546,0.502661109,0.335930854,0.034876209,0.520905495,0.220751047,0.025725605,0.529172063,0.155699298,0.008508646,0.531946182,0.095935971,-0.005703879,0.460879296,0.321674287,0.030472055,0.479311585,0.190526605,0.024928229,0.487278819,0.113776296,0.009234681,0.490647197,0.046762437,-0.003056173,0.418859899,0.329644591,0.017785288,0.43356365,0.204186648,0.007956496,0.439977318,0.125831455,-0.004956534,0.44175005,0.053966582,-0.01461044,0.372334778,0.35901767,0.000885802,0.381132036,0.260283828,-0.009940797,0.385114998,0.197566256,-0.014610408,0.3857539,0.135269016,-0.017998455
A,0.415326238,0.700005531,4.04E-07,0.500706196,0.622595668,-0.021117855,0.542160511,0.485787153,-0.016888825,0.544911087,0.380282342,-0.014968642,0.547532797,0.303546786,-0.010900071,0.500901818,0.334821939,0.034539338,0.519871533,0.221146286,0.02354921,0.52805227,0.155174255,0.004908414,0.529979348,0.095110208,-0.010068358,0.458992928,0.320446789,0.028823109,0.478086352,0.189027354,0.021361804,0.484843403,0.109803468,0.004402698,0.485878676,0.040400386,-0.008501005,0.416615814,0.328984529,0.014743495,0.432202965,0.204000905,0.003169319,0.438846827,0.126021385,-0.010068035,0.440571249,0.054726958,-0.01958471,0.369013101,0.359138668,-0.003542274,0.378931671,0.260579258,-0.015706876,0.384658396,0.197685242,-0.020406747,0.387301147,0.134850711,-0.02359299
A,0.413790166,0.698570728,4.16E-07,0.500299752,0.620756686,-0.0225478,0.542626798,0.482833087,-0.018559875,0.543962419,0.376237094,-0.016753705,0.546997488,0.299772382,-0.012719721,0.498799145,0.331523269,0.035878774,0.517093778,0.219675884,0.025726125,0.525653839,0.154793411,0.007091308,0.529042304,0.094504386,-0.00831631,0.455735117,0.317476898,0.030997451,0.474128753,0.189552799,0.024212996,0.482489318,0.113913894,0.00705049,0.486516178,0.046813488,-0.00623366,0.412808836,0.325887322,0.01753309,0.426967084,0.202165857,0.00632903,0.433556587,0.125240862,-0.006920313,0.436430514,0.053538918,-0.016593141,0.365189254,0.35630697,-0.00031077,0.373699486,0.257963538,-0.011910413,0.379328787,0.195253775,-0.016460974,0.382912308,0.131870717,-0.019747222
A,0.414570481,0.696992159,4.03E-07,0.502745807,0.62027657,-0.0217878,0.547528088,0.48629564,-0.017626401,0.5487023,0.380669653,-0.015515509,0.54805696,0.304723203,-0.011270792,0.498918682,0.335023582,0.034431793,0.51735127,0.222850278,0.023946907,0.526424646,0.15724498,0.005502339,0.530090988,0.096115202,-0.00985888,0.455316871,0.320794463,0.029507548,0.475144356,0.193657637,0.021965837,0.485630482,0.120533198,0.005131247,0.491529524,0.056747884,-0.007728406,0.412053257,0.328586817,0.016246494,0.426723778,0.203824863,0.00396381,0.433501989,0.124870479,-0.009701276,0.436546922,0.051342726,-0.019435193,0.36513859,0.358687937,-0.00114027,0.373188049,0.259651601,-0.01385776,0.378240019,0.196691409,-0.018990472,0.381274611,0.133379877,-0.022520535
A,0.417703211,0.697357297,4.40E-07,0.504909456,0.619884253,-0.023367798,0.549486756,0.48692441,-0.020736348,0.550719082,0.381449342,-0.019923603,0.548585653,0.302995741,-0.016898563,0.500298858,0.336374432,0.032227434,0.518930316,0.223410532,0.020335801,0.527992547,0.156552702,0.001303865,0.532014489,0.094845086,-0.014248333,0.456594586,0.322738826,0.027477382,0.476175129,0.194704816,0.018523425,0.486629575,0.119321555,0.001213067,0.492717266,0.053979814,-0.011758888,0.413317293,0.331286788,0.01424928,0.428501964,0.204574794,0.000613721,0.436037272,0.124885738,-0.013325834,0.43973586,0.05160594,-0.022993073,0.366826952,0.362079799,-0.003195313,0.375855088,0.263536096,-0.017478283,0.381590873,0.200239584,-0.023390338,0.38492465,0.137141079,-0.027182527
A,0.416556627,0.695298433,4.83E-07,0.50516659,0.625402808,-0.028048811,0.552813649,0.494416893,-0.027404424,0.557201803,0.386651129,-0.027237702,0.557967365,0.306552917,-0.024723437,0.50552839,0.338896364,0.02402824,0.526349008,0.225116149,0.010184675,0.536679208,0.155915335,-0.009633053,0.541894913,0.092541307,-0.025376581,0.461129099,0.323284507,0.02196864,0.482961118,0.192648023,0.011717753,0.495695025,0.113558918,-0.005135466,0.504496694,0.045760602,-0.017492494,0.417119056,0.332073033,0.011410786,0.433501482,0.203851536,-0.003385293,0.442210197,0.123728573,-0.016884992,0.447326779,0.051016331,-0.025834274,0.369785249,0.363844573,-0.003611389,0.380567819,0.265741676,-0.018950036,0.387129873,0.20201166,-0.025076475,0.391501427,0.138499022,-0.028597053
A,0.417512238,0.699638844,4.79E-07,0.50598067,0.627145171,-0.026921313,0.553652227,0.49330914,-0.025855381,0.558915496,0.383515805,-0.025846424,0.559565783,0.303041667,-0.023535825,0.508041024,0.340334326,0.027757594,0.529103816,0.229501247,0.014576962,0.540554285,0.161618248,-0.004930588,0.546915829,0.098835111,-0.020659905,0.463976026,0.322967708,0.024842262,0.487804502,0.196021155,0.015546962,0.502737403,0.121429592,-0.000312799,0.513871312,0.055773169,-0.012086984,0.419609606,0.329348445,0.013093514,0.436980724,0.20251359,-0.001049442,0.446032494,0.122500718,-0.013929538,0.452076077,0.049029678,-0.022727702,0.371061653,0.358767182,-0.003216997,0.381073982,0.260441512,-0.017804716,0.388184696,0.197166726,-0.023410391,0.394074529,0.13390401,-0.026891042
A,0.417009801,0.699997962,5.05E-07,0.506050885,0.629708171,-0.029390443,0.555751562,0.499739826,-0.030133024,0.562257648,0.390638947,-0.031405106,0.56080842,0.308507591,-0.030287325,0.510861218,0.341270059,0.023803182,0.531769097,0.229378045,0.009602446,0.542398512,0.160190091,-0.010181588,0.548313856,0.096680105,-0.02592436,0.465792209,0.323310107,0.021761324,0.489383578,0.193939254,0.011596239,0.503995359,0.118549168,-0.00418751,0.515432,0.052555174,-0.015750321,0.420538157,0.329657763,0.010858113,0.437648356,0.200517282,-0.004091539,0.446577489,0.120316625,-0.016794605,0.453242242,0.047334403,-0.025278173,0.371078402,0.359604537,-0.004766273,0.381071419,0.260489345,-0.020093419,0.388811976,0.197573096,-0.025755588,0.395898342,0.13493064,-0.029048016
A,0.417382091,0.697389722,4.99E-07,0.507609606,0.626906872,-0.030208519,0.559447527,0.49995923,-0.031119879,0.565179169,0.391488552,-0.03243893,0.56335628,0.310685664,-0.031524785,0.514518559,0.341664732,0.024009751,0.53532207,0.230114311,0.010449634,0.546150744,0.162366539,-0.009239382,0.551757216,0.099308431,-0.025123866,0.469112664,0.3241871,0.022782426,0.493963748,0.196672499,0.012456531,0.5109182,0.126003683,-0.003711514,0.524304092,0.065424651,-0.015525249,0.423261315,0.330562085,0.012595251,0.43951416,0.201709464,-0.00265776,0.448483318,0.120786041,-0.016124997,0.455930352,0.047261894,-0.025114335,0.372759253,0.360356688,-0.002330234,0.381958097,0.259997368,-0.017263182,0.389124602,0.196833506,-0.023058424,0.395920992,0.134173006,-0.026652306
A,0.419917941,0.69412154,5.12E-07,0.509537935,0.628347933,-0.035215907,0.562438369,0.50465107,-0.039485663,0.570236981,0.394862235,-0.042929184,0.574765861,0.310655922,-0.043765288,0.522874296,0.343376756,0.015991973,0.544013321,0.231335655,0.001211535,0.552481413,0.161665425,-0.018409029,0.555795789,0.096929371,-0.034230605,0.475993752,0.325095922,0.017056189,0.499702454,0.194631279,0.006351366,0.514316142,0.1217421,-0.008769147,0.525677025,0.058907568,-0.019929461,0.428697169,0.331448793,0.009095318,0.4442963,0.20247227,-0.006956739,0.452745408,0.121848106,-0.019707441,0.459350497,0.048244774,-0.028157046,0.377473146,0.361585885,-0.003888938,0.386668563,0.26370436,-0.020185495,0.393142879,0.20049268,-0.026414229,0.398518085,0.13740918,-0.030088697
A,0.422197461,0.696703076,4.75E-07,0.513504088,0.63407743,-0.037209705,0.570135355,0.505605221,-0.040608328,0.577495039,0.394114852,-0.042077094,0.585911751,0.311458886,-0.041049927,0.529867649,0.344908178,0.01148264,0.550283015,0.231727466,-0.003839115,0.557982624,0.160952225,-0.023873962,0.56191802,0.094850987,-0.040393263,0.481148899,0.326214492,0.013891351,0.502463639,0.194770828,0.001612085,0.515318096,0.117294312,-0.015950846,0.524963617,0.049607873,-0.029087648,0.433061361,0.333716184,0.007591218,0.447617352,0.20547612,-0.010491232,0.455931962,0.125103474,-0.026383556,0.461304009,0.050502688,-0.037036031,0.382002175,0.364713162,-0.003568997,0.392072499,0.268947095,-0.022718133,0.398513496,0.207157776,-0.031994857,0.402822495,0.144298792,-0.037805442
A,0.444206059,0.713293433,5.87E-07,0.538656354,0.656971693,-0.043787841,0.59823823,0.543515742,-0.054945171,0.614833713,0.437794894,-0.064282812,0.623037517,0.344528139,-0.07050363,0.565560937,0.360361576,0.001689937,0.587563753,0.241916865,-0.017856209,0.596132219,0.163853601,-0.039766565,0.599116802,0.093454599,-0.055910461,0.509931386,0.341401935,0.004293919,0.524114847,0.198022977,-0.009182858,0.530332685,0.106495678,-0.026192443,0.532711148,0.029457599,-0.038180273,0.456686795,0.352045715,-0.00205619,0.466528386,0.222174227,-0.019162653,0.472216129,0.140879542,-0.032245029,0.473287851,0.070359111,-0.040238455,0.402017176,0.387949377,-0.014442701,0.41056639,0.287816942,-0.032297272,0.413164258,0.221909001,-0.039423089,0.41250059,0.158578798,-0.042623509
A,0.442762971,0.712494373,5.36E-07,0.534835458,0.655789793,-0.043405212,0.597765267,0.543035746,-0.05612018,0.616326034,0.432939023,-0.066888623,0.623887062,0.338756502,-0.074892886,0.563469768,0.357426703,0.000221315,0.587431192,0.238448501,-0.019014074,0.594184637,0.163362518,-0.041308038,0.596314251,0.096446663,-0.058226649,0.509670377,0.338136733,0.002521493,0.524512172,0.197018132,-0.01061296,0.530029297,0.110391438,-0.029404137,0.531459212,0.034363389,-0.043974169,0.45794934,0.348229647,-0.003725637,0.466505527,0.221672326,-0.019782903,0.471767873,0.141393661,-0.033747755,0.472042292,0.067840248,-0.043971416,0.403841972,0.383427918,-0.015701488,0.408548087,0.287136078,-0.032850929,0.411353558,0.221286431,-0.040466428,0.410610557,0.156635165,-0.045196939
A,0.445192873,0.712389112,4.83E-07,0.537472665,0.65741092,-0.039114252,0.598395348,0.543867588,-0.049960487,0.616506279,0.435785472,-0.059064034,0.631094694,0.3445701,-0.065693416,0.565976799,0.364154786,-0.003870975,0.591985881,0.242154285,-0.025746947,0.600567043,0.167641401,-0.048431348,0.603469014,0.102241457,-0.065055691,0.512520075,0.343461573,-0.003185317,0.529798508,0.199532747,-0.019842356,0.536002398,0.109798044,-0.039159689,0.535342634,0.03471005,-0.053544432,0.461118132,0.352639019,-0.010234443,0.470789701,0.223316029,-0.028970219,0.477809846,0.144102633,-0.043212328,0.478737056,0.073024601,-0.053190287,0.407956183,0.387746245,-0.022321483,0.4152596,0.293054283,-0.041447002,0.420821428,0.22805123,-0.050005514,0.422073752,0.163905382,-0.055129342
A,0.441120207,0.714337826,4.57E-07,0.527546704,0.655862749,-0.04110929,0.586862445,0.55653888,-0.054694861,0.60535723,0.456891388,-0.067040764,0.617870629,0.368026674,-0.077222355,0.562159777,0.378720522,0.001196123,0.587856174,0.267659843,-0.021621224,0.597865403,0.201542243,-0.047707558,0.603227615,0.137987077,-0.067131773,0.514489591,0.357909769,0.001849356,0.534466803,0.219378516,-0.015528467,0.541971385,0.135304123,-0.037788801,0.544279277,0.062792152,-0.054706279,0.467436224,0.365320832,-0.005976613,0.484153032,0.240101159,-0.025176303,0.491794169,0.163936526,-0.040227894,0.494036704,0.093890399,-0.050680771,0.416537941,0.397073954,-0.019333301,0.43091476,0.302306533,-0.038018737,0.439039648,0.237426579,-0.045626547,0.44224003,0.172666088,-0.050251063
A,0.44163537,0.716124535,5.18E-07,0.529922724,0.654833496,-0.041989192,0.585715055,0.557601452,-0.0573924,0.60210526,0.458664775,-0.071925409,0.611584961,0.36856693,-0.084352292,0.557919741,0.382028341,0.002445963,0.582868636,0.269283712,-0.020928448,0.592859626,0.204079822,-0.04729731,0.598764658,0.144232422,-0.06665884,0.511537433,0.364016593,0.003292787,0.533281267,0.230340034,-0.014771109,0.541602492,0.146166176,-0.038464505,0.545805037,0.071670592,-0.056535963,0.465337157,0.372468978,-0.004735986,0.484272808,0.248826966,-0.024280783,0.49444136,0.170438915,-0.041673813,0.499316305,0.100056469,-0.053999085,0.41513136,0.404859781,-0.018259244,0.431194663,0.311319202,-0.037266463,0.441973686,0.244972497,-0.047141254,0.448780715,0.17917648,-0.053789571
A,0.443842918,0.712831914,4.90E-07,0.527044296,0.655718505,-0.038303785,0.582223237,0.557832837,-0.052270558,0.596924067,0.461679608,-0.065412827,0.607275248,0.376497835,-0.076546185,0.55534184,0.386483222,-0.000550051,0.581301332,0.273997635,-0.024418224,0.592239499,0.210416421,-0.049210966,0.59789896,0.153908968,-0.06674549,0.51097554,0.369785249,-0.001156701,0.53437686,0.234569207,-0.019705214,0.543508708,0.151978344,-0.041224152,0.547375679,0.080452651,-0.057001483,0.466448456,0.378206462,-0.009982831,0.486751616,0.253592879,-0.02997298,0.497872323,0.17458567,-0.045973584,0.503301203,0.104234457,-0.056829132,0.417626858,0.409333467,-0.023769228,0.435106397,0.314952254,-0.043133244,0.445475757,0.249476165,-0.052098468,0.45093748,0.184803799,-0.057658169
A,0.450831324,0.72006917,4.32E-07,0.533983767,0.667987585,-0.032041796,0.589327812,0.573799908,-0.043811921,0.606523216,0.481201053,-0.055532623,0.624210775,0.401065737,-0.065915123,0.566716254,0.408315003,-0.002208645,0.596616924,0.295555621,-0.025469461,0.608302772,0.229923978,-0.048907839,0.612772882,0.16784212,-0.065985657,0.524187148,0.390423179,-0.005882191,0.55323875,0.254736543,-0.025278408,0.564178228,0.170602232,-0.046469379,0.567365468,0.098699749,-0.061988626,0.479525864,0.39733839,-0.016413689,0.505232811,0.27229619,-0.03721286,0.519193888,0.193847671,-0.053135615,0.525380731,0.124589503,-0.063832678,0.42992118,0.425987661,-0.031075591,0.451108515,0.332898378,-0.051561795,0.462567121,0.267594814,-0.060591653,0.468315601,0.205144152,-0.065887854
A,0.478194863,0.683099866,6.09E-07,0.546576619,0.658948064,-0.040990461,0.592884779,0.567551017,-0.057456914,0.606151819,0.477986932,-0.070757315,0.623222232,0.40280503,-0.083177283,0.575213969,0.412204981,-0.029755291,0.602089763,0.301160157,-0.059637967,0.614011526,0.22884655,-0.083786488,0.619086683,0.165879726,-0.100052111,0.532769859,0.392299145,-0.029978091,0.558852315,0.262180388,-0.056585371,0.572518826,0.174743176,-0.079015516,0.581846178,0.102966934,-0.093258299,0.488607049,0.401065707,-0.035946481,0.508995652,0.274651945,-0.064098962,0.522512794,0.198373586,-0.081324399,0.534290433,0.133678973,-0.090504862,0.439097494,0.433603466,-0.045628317,0.454053134,0.335494697,-0.072590858,0.466475904,0.274273783,-0.083042592,0.479330063,0.218403339,-0.087205082
A,0.468607575,0.709595323,5.45E-07,0.543121576,0.67454344,-0.040497616,0.597626448,0.580098391,-0.055839598,0.610595882,0.485779464,-0.068364561,0.629576445,0.407928884,-0.07916829,0.575575113,0.414529115,-0.016253052,0.604705453,0.306227207,-0.041249309,0.615624607,0.237990737,-0.064329267,0.62041223,0.176089019,-0.080958016,0.533912122,0.395316243,-0.016001785,0.562209547,0.265486419,-0.037653305,0.575583458,0.178768843,-0.058723338,0.582168579,0.106770933,-0.073062018,0.490956515,0.402868271,-0.022496423,0.513734996,0.279488266,-0.045715719,0.528578341,0.199638486,-0.062291,0.537659526,0.129888535,-0.072474338,0.443649769,0.43328473,-0.033308692,0.464415073,0.34036094,-0.056463387,0.476086557,0.276352346,-0.066679604,0.483689785,0.21513468,-0.071845889
A,0.464683622,0.717271745,5.38E-07,0.54404515,0.671869516,-0.037218984,0.597738087,0.579519391,-0.052288517,0.61359787,0.484940439,-0.065972708,0.630231678,0.401859045,-0.078002773,0.575981975,0.415265143,-0.007112399,0.605705261,0.304234266,-0.030986596,0.616823494,0.238038152,-0.054050073,0.62158972,0.178135067,-0.070575669,0.534604907,0.397298843,-0.008272386,0.563438356,0.267361045,-0.027589465,0.577044249,0.184821874,-0.047824994,0.584185302,0.11169377,-0.062384389,0.491633475,0.404478848,-0.016776768,0.514419854,0.281737775,-0.037944458,0.529284537,0.202634022,-0.053219434,0.537370026,0.131243438,-0.06332726,0.444639176,0.433332026,-0.029680023,0.465625197,0.341073126,-0.051040836,0.479380578,0.277798355,-0.060260855,0.487532288,0.215832934,-0.065475188
A,0.461445391,0.722462416,5.46E-07,0.542319536,0.67372632,-0.038035557,0.59820044,0.581581175,-0.053325661,0.614075482,0.487242401,-0.067459762,0.629960477,0.401176333,-0.079985954,0.574347615,0.414330691,-0.005059525,0.605781555,0.303162754,-0.030112157,0.617352068,0.237639293,-0.055156294,0.622118831,0.177004218,-0.073108345,0.532945096,0.39639169,-0.006508534,0.56402272,0.267777383,-0.026919961,0.578065395,0.185385227,-0.049464464,0.585173666,0.112208158,-0.065893382,0.49004519,0.403803498,-0.015691383,0.515430152,0.281529456,-0.038094539,0.530421495,0.201756403,-0.055427969,0.538142979,0.130304694,-0.066941977,0.443421066,0.433774263,-0.029381342,0.467151731,0.340551734,-0.051531039,0.481370181,0.277175725,-0.061652593,0.489073098,0.215828091,-0.067625962
A,0.456302017,0.716234028,4.69E-07,0.534726918,0.665845811,-0.035106756,0.588277459,0.571456373,-0.046570361,0.600732267,0.478529155,-0.057164431,0.614148855,0.395385981,-0.066275835,0.56435132,0.410036951,-0.002152648,0.591958046,0.301038742,-0.025960311,0.60477078,0.237920016,-0.049555227,0.613122821,0.180177003,-0.066601343,0.524308324,0.393672526,-0.003658651,0.55076474,0.266464561,-0.024066666,0.56292218,0.185299426,-0.046695393,0.570578098,0.112596899,-0.063342147,0.483473808,0.402248681,-0.012648998,0.505563915,0.282595307,-0.035790846,0.51861161,0.206222489,-0.054172512,0.5272879,0.136869431,-0.066355191,0.436574012,0.432091653,-0.025721448,0.455468893,0.34422344,-0.048294794,0.469544888,0.283637106,-0.059686046,0.479934603,0.222489551,-0.066914275
A,0.455545098,0.715425849,4.89E-07,0.532444715,0.664237082,-0.036769394,0.584276795,0.567772508,-0.04926699,0.597447991,0.474089235,-0.060720645,0.612727702,0.391281635,-0.070514731,0.561253428,0.408444226,-0.001478249,0.590435803,0.30068323,-0.025517939,0.602403343,0.237711489,-0.050144155,0.608379483,0.180233657,-0.067670077,0.521939337,0.392224342,-0.002031954,0.549423218,0.268213272,-0.021669138,0.559999168,0.187750131,-0.044384129,0.564798772,0.11535269,-0.060994651,0.48181653,0.400183856,-0.010311544,0.504107952,0.283726275,-0.031838287,0.516558647,0.207474977,-0.049430992,0.523221731,0.13827306,-0.061138075,0.436783284,0.428907543,-0.023025036,0.457826287,0.340260595,-0.043370385,0.471689999,0.280020654,-0.053178228,0.480771363,0.220127046,-0.059323393
A,0.454056531,0.712163746,4.60E-07,0.52900821,0.66214776,-0.035442892,0.579608381,0.563914299,-0.04655597,0.592973292,0.470761657,-0.056663707,0.60863626,0.38942045,-0.065174684,0.556773961,0.407577693,-0.001848792,0.585083485,0.300405443,-0.025236307,0.596800148,0.237489671,-0.049008813,0.602975965,0.179336876,-0.066070378,0.518438339,0.391808391,-0.002551312,0.544588387,0.269130588,-0.022182506,0.554942727,0.18886447,-0.044451647,0.559601545,0.116622537,-0.060724214,0.479590565,0.399925321,-0.010705701,0.500422597,0.284588516,-0.032228418,0.511830091,0.209361926,-0.049310058,0.518031836,0.140643388,-0.060575172,0.435993701,0.428266138,-0.023152003,0.455646127,0.339687109,-0.043553777,0.469036996,0.279634953,-0.053285874,0.478244245,0.219487607,-0.059326693
A,0.451501936,0.71197778,4.70E-07,0.526655793,0.663423836,-0.036395852,0.576856196,0.56624645,-0.04815371,0.590650201,0.471946001,-0.058709394,0.605202556,0.390132487,-0.067579314,0.554085612,0.408917487,-0.002923575,0.58171463,0.301218748,-0.02593107,0.592307925,0.238314986,-0.049199834,0.597003341,0.180286556,-0.065858938,0.516002119,0.39306128,-0.003094934,0.54223454,0.270282537,-0.02195075,0.552056193,0.190189362,-0.043279722,0.555794954,0.117720962,-0.058900245,0.477330685,0.401442617,-0.010784245,0.498178095,0.286573291,-0.031613484,0.508952916,0.212031886,-0.048027795,0.513953447,0.144153357,-0.058848526,0.434008926,0.429617882,-0.022887582,0.453472197,0.341250926,-0.042981196,0.466593802,0.281391144,-0.052487664,0.475050032,0.222096816,-0.058311462
A,0.448194563,0.708514512,4.39E-07,0.523909807,0.657110214,-0.032708693,0.573238432,0.559385955,-0.042769205,0.585161805,0.468605578,-0.05226317,0.599313319,0.389206439,-0.060370989,0.547886789,0.406399816,-0.001133971,0.573569775,0.300438076,-0.023396807,0.58411634,0.238073334,-0.045979016,0.589422524,0.179475963,-0.062459942,0.510213315,0.392417729,-0.002950706,0.535610974,0.271323055,-0.022013137,0.546042919,0.191522956,-0.04341634,0.550794184,0.118786842,-0.059223078,0.471972525,0.402017891,-0.011868264,0.492458284,0.287235558,-0.03295036,0.503258944,0.214131817,-0.049443036,0.508791506,0.147344857,-0.0603383,0.428934872,0.431184411,-0.024790263,0.446719497,0.343767673,-0.045245767,0.459586024,0.283670932,-0.055124789,0.468826562,0.223720238,-0.061288733
A,0.447618484,0.705631793,4.69E-07,0.52052778,0.657032907,-0.035066161,0.568772793,0.558430493,-0.046002761,0.582542777,0.465326935,-0.055968836,0.596275449,0.384338588,-0.064362966,0.545814753,0.405379951,-0.00225587,0.572752714,0.299593091,-0.024427321,0.582761526,0.236148998,-0.046879608,0.587093771,0.177448839,-0.063248582,0.508270919,0.389878422,-0.002925323,0.533685029,0.26908052,-0.021280933,0.543586016,0.190217793,-0.041961763,0.5477947,0.118828833,-0.057159677,0.470119476,0.398455381,-0.010915008,0.49004361,0.28446722,-0.031423777,0.500420034,0.210857466,-0.047460891,0.505449653,0.143857807,-0.058130387,0.428063393,0.427083641,-0.023184136,0.446174413,0.34055832,-0.043327786,0.458568692,0.282045126,-0.052845269,0.466800034,0.224037915,-0.058706395
A,0.446401626,0.7050457,4.77E-07,0.519371748,0.657052815,-0.03661719,0.567221403,0.559352815,-0.04896716,0.580676734,0.466109663,-0.060031626,0.594446421,0.384910554,-0.069526151,0.545092583,0.404668987,-0.004973626,0.571480513,0.298207253,-0.028242767,0.580955327,0.234684944,-0.051313937,0.585143745,0.176379472,-0.067981489,0.506928682,0.389596641,-0.00531724,0.53179425,0.267236054,-0.024474544,0.541250229,0.188149393,-0.04566909,0.545287967,0.116368532,-0.061152566,0.468375683,0.398919016,-0.013003634,0.487633288,0.284013301,-0.034193009,0.497475445,0.209570855,-0.050880995,0.502113521,0.141748965,-0.061954748,0.426119119,0.428860039,-0.025038838,0.444365352,0.341279805,-0.045523752,0.456926525,0.282335162,-0.055435501,0.465104252,0.223946393,-0.061632652
A,0.44479686,0.703913808,4.74E-07,0.517898977,0.654801905,-0.035761949,0.565946281,0.556955099,-0.047825385,0.579484344,0.464484215,-0.058827683,0.592235148,0.383262664,-0.068276055,0.543270588,0.402490169,-0.004011933,0.569960117,0.296700805,-0.027262706,0.579198658,0.233863622,-0.050424073,0.582769811,0.176360905,-0.067078516,0.50523454,0.387334615,-0.004806701,0.530345917,0.265439838,-0.023768723,0.53966707,0.186037987,-0.044956844,0.543331563,0.113719255,-0.060556978,0.466609508,0.396714479,-0.012960742,0.486121416,0.282206714,-0.033825461,0.495809495,0.208102286,-0.050396964,0.50019443,0.140620798,-0.061530057,0.424027324,0.426441491,-0.025421988,0.442129046,0.339105606,-0.045587916,0.455066293,0.279950082,-0.055438928,0.463841289,0.221155256,-0.061724
A,0.440113544,0.699524641,4.49E-07,0.513907075,0.649002135,-0.033601195,0.561907768,0.549987137,-0.042797368,0.571940839,0.457015514,-0.050921261,0.582797408,0.376724571,-0.057565905,0.53597784,0.396295577,-0.0015349,0.558112264,0.292024851,-0.022492928,0.568034232,0.229252383,-0.043908168,0.574852347,0.169513464,-0.060070008,0.497357458,0.382088482,-0.002704613,0.518590689,0.260986447,-0.020741941,0.529748797,0.181086361,-0.041044835,0.537896574,0.107911527,-0.056206204,0.458790541,0.392838836,-0.01105824,0.475020558,0.277431279,-0.032235157,0.48563394,0.205064267,-0.048767745,0.493392378,0.137868196,-0.059748661,0.416004807,0.424766421,-0.02344732,0.429842174,0.339632243,-0.044693358,0.44174397,0.281593472,-0.055322196,0.451773703,0.222358093,-0.062115379
A,0.436492413,0.698670924,4.63E-07,0.509852707,0.649652123,-0.035775363,0.557584643,0.549540222,-0.046638958,0.569920003,0.456351519,-0.056195784,0.581043661,0.375669032,-0.064257614,0.533240616,0.396721989,-0.004961322,0.558597684,0.291281253,-0.027871227,0.567910314,0.227169767,-0.050683729,0.572785258,0.166561604,-0.06763944,0.49573952,0.381909728,-0.00559574,0.519664943,0.261149704,-0.025375253,0.529207885,0.181955457,-0.046790734,0.534053266,0.109097123,-0.062651873,0.457184672,0.39155966,-0.013483086,0.475794166,0.277444124,-0.035526946,0.48572582,0.204147413,-0.052295852,0.49139896,0.136082292,-0.063429199,0.414285719,0.4209629,-0.025638713,0.431223035,0.333444655,-0.047275294,0.443857074,0.274082005,-0.057950452,0.453570634,0.213837877,-0.064722203
A,0.434390008,0.697612762,4.53E-07,0.507693648,0.647905827,-0.035011698,0.555271745,0.548024774,-0.045329124,0.56725049,0.454933643,-0.054493006,0.579048097,0.374273777,-0.062120765,0.531726837,0.395154059,-0.003143769,0.556864142,0.290613413,-0.025517169,0.565731049,0.226740018,-0.048094179,0.570156455,0.166181147,-0.064933702,0.493857861,0.380256474,-0.004000792,0.517586946,0.260433495,-0.02334971,0.527575135,0.180942148,-0.044366512,0.533105314,0.107958347,-0.059887204,0.455242634,0.389883757,-0.012171931,0.473693132,0.275644958,-0.033890199,0.484255314,0.202562273,-0.050146975,0.490955472,0.134485662,-0.060849611,0.412616551,0.41947338,-0.024598576,0.429065526,0.332002342,-0.046109173,0.441541374,0.272616982,-0.056477677,0.451488703,0.21210292,-0.062915199
A,0.432531714,0.696569562,4.65E-07,0.506069183,0.646406054,-0.036060482,0.553912818,0.546396852,-0.047100119,0.565125883,0.452522695,-0.056846485,0.575898468,0.370907664,-0.065060727,0.530625582,0.393687099,-0.004574399,0.555996954,0.288987339,-0.027138051,0.564960599,0.224927828,-0.049720425,0.56950748,0.164099365,-0.066611901,0.492765874,0.379020751,-0.005344318,0.516742289,0.258531123,-0.02480837,0.526642978,0.179042488,-0.045928959,0.53222692,0.105973512,-0.061610248,0.453904688,0.388926536,-0.013493231,0.472849846,0.274302006,-0.035387229,0.483669341,0.201008245,-0.052084897,0.490804136,0.132764518,-0.063230857,0.410697639,0.418552011,-0.025976533,0.426993877,0.330595195,-0.047874123,0.439699948,0.271096319,-0.058765586,0.450132489,0.210427701,-0.06567207
A,0.430893332,0.696430504,4.56E-07,0.504885614,0.646257281,-0.034750462,0.552705348,0.544352949,-0.044809796,0.564666748,0.449693799,-0.053908762,0.576603115,0.3683272,-0.061532013,0.529669523,0.39317134,-0.002280322,0.555183291,0.28856039,-0.024125408,0.564168215,0.224607199,-0.046348806,0.56860131,0.163784862,-0.063121453,0.491838902,0.377950966,-0.003564763,0.516011298,0.257527828,-0.02246272,0.52609086,0.177863151,-0.043541659,0.531589925,0.103886992,-0.059295774,0.452886581,0.387285262,-0.012203782,0.471613973,0.272760987,-0.03375094,0.482239813,0.199283734,-0.050589211,0.488955051,0.130764335,-0.061921328,0.409718245,0.416284382,-0.025083689,0.425900489,0.328500986,-0.046702422,0.438520193,0.26878804,-0.057626694,0.448795557,0.208006054,-0.064677514
A,0.427471966,0.695583344,4.84E-07,0.500615954,0.644299746,-0.035683103,0.548374116,0.543013275,-0.046538278,0.560804665,0.448670745,-0.056270886,0.571152925,0.367174953,-0.064603753,0.525496066,0.392535865,-0.005138824,0.552057385,0.286391646,-0.029139828,0.562224269,0.220577657,-0.052753497,0.567449689,0.159206182,-0.07010854,0.487941027,0.376442969,-0.006358584,0.51274693,0.253558636,-0.02708468,0.523507774,0.1710383,-0.049235441,0.529577911,0.096480548,-0.065387711,0.449061185,0.385406375,-0.014881926,0.467967689,0.268021315,-0.037431419,0.478951871,0.191781864,-0.054839522,0.486175746,0.12227571,-0.066310391,0.405819058,0.414546669,-0.027688766,0.421887368,0.32579872,-0.049682677,0.434161782,0.264539629,-0.060715329,0.444166809,0.203422889,-0.067625418
A,0.426187992,0.695680976,5.02E-07,0.500414789,0.64457202,-0.036742672,0.548114002,0.543454766,-0.048122585,0.558752477,0.448955446,-0.058236931,0.565866888,0.366649002,-0.066764228,0.524676681,0.390405983,-0.004305212,0.550906777,0.283196777,-0.027951945,0.561210454,0.218747646,-0.051719446,0.566397071,0.159109771,-0.068992108,0.487181365,0.374467611,-0.004933621,0.513445318,0.250111759,-0.024651632,0.524474859,0.168427765,-0.046922401,0.530440271,0.094276875,-0.063265815,0.448310494,0.383312047,-0.013112873,0.468502969,0.26604259,-0.034631494,0.4794707,0.189561293,-0.053056505,0.485984862,0.120094508,-0.065439157,0.405455858,0.411969244,-0.025753172,0.423329353,0.322601408,-0.046685345,0.434739769,0.261104256,-0.058146819,0.442871869,0.199380279,-0.065705381
A,0.423483968,0.695873857,4.74E-07,0.498123437,0.64223671,-0.035117276,0.546436548,0.539107978,-0.045392711,0.557935476,0.444372445,-0.054871365,0.567646801,0.362336636,-0.062909164,0.520595849,0.388331801,-0.001727071,0.547138274,0.281908244,-0.024819406,0.557605684,0.216678828,-0.048400469,0.562973261,0.155615717,-0.065881819,0.483632177,0.373113543,-0.002979851,0.509514213,0.250796586,-0.022728082,0.520318627,0.16956389,-0.045193803,0.526059628,0.09539783,-0.061903749,0.445011258,0.382146835,-0.011756219,0.464849889,0.266171992,-0.033656094,0.475289851,0.190468952,-0.051921219,0.480895519,0.121294588,-0.064298637,0.402080625,0.410669267,-0.024840198,0.419395924,0.322487831,-0.04641803,0.430352449,0.26150009,-0.057952221,0.437639475,0.200112313,-0.065574721
A,0.422145873,0.695442438,4.92E-07,0.496788293,0.641403913,-0.035315733,0.543257296,0.538321435,-0.045828704,0.55428195,0.444082379,-0.055399887,0.564842343,0.363498241,-0.063521035,0.517773449,0.386726588,-0.002907147,0.543696821,0.280553758,-0.026630038,0.554443061,0.215152264,-0.050608773,0.559823573,0.153484404,-0.068254478,0.480765224,0.371659368,-0.00410183,0.506946981,0.248648763,-0.024408488,0.518238187,0.167064816,-0.046779219,0.524137855,0.09268102,-0.063128673,0.442092508,0.380998522,-0.012750874,0.462136447,0.264560372,-0.035020258,0.473268002,0.188685164,-0.052915856,0.479511768,0.119496226,-0.064711981,0.398999959,0.410104275,-0.025720708,0.416820318,0.321786046,-0.047146987,0.428103328,0.260706514,-0.05815766,0.435581744,0.199447781,-0.0651896
A,0.420825034,0.694402456,4.76E-07,0.495315343,0.639169872,-0.032635048,0.541229069,0.534981728,-0.042294513,0.552611947,0.441970408,-0.051572349,0.562539339,0.361418366,-0.059577115,0.516251385,0.385145247,-0.000506336,0.541264772,0.279680967,-0.023784509,0.551834166,0.21650584,-0.047585554,0.557285786,0.157876611,-0.064905457,0.478568017,0.370900124,-0.002927424,0.503993571,0.247010455,-0.022515619,0.515575171,0.165940464,-0.044403747,0.521825612,0.092469215,-0.060440429,0.439092755,0.380921841,-0.012699247,0.458833456,0.26415962,-0.034204226,0.470090091,0.187983528,-0.05166667,0.476307273,0.118580818,-0.063287027,0.395587236,0.410629988,-0.026590141,0.414116681,0.32081145,-0.047368634,0.425213128,0.259234548,-0.057789825,0.432116181,0.197364762,-0.064497776
A,0.418975443,0.692987442,4.61E-07,0.494021744,0.637676239,-0.032135207,0.540930986,0.535175145,-0.041920885,0.552184582,0.443490595,-0.051320445,0.561067939,0.363598824,-0.059550509,0.514851987,0.386106819,-0.001766493,0.538306773,0.280271322,-0.025158983,0.548971295,0.217907622,-0.048742041,0.555212617,0.159931391,-0.065864898,0.476494342,0.372504234,-0.004452422,0.500014484,0.246484935,-0.02442883,0.511218548,0.165630579,-0.046476789,0.517376244,0.091975898,-0.062561475,0.436910123,0.382946521,-0.014243343,0.455576479,0.264545143,-0.03645464,0.465726137,0.187889919,-0.054293618,0.470698267,0.117812127,-0.065968432,0.393513888,0.413222522,-0.027978577,0.412110597,0.322006106,-0.049428489,0.422897667,0.259664178,-0.060253773,0.429218352,0.196690515,-0.067138307
A,0.402475238,0.687657118,4.82E-07,0.476762831,0.625537753,-0.028608916,0.519537449,0.518547535,-0.037634466,0.534356236,0.423552424,-0.047309328,0.551559806,0.350891203,-0.056023307,0.492523909,0.382331938,0.002163561,0.516876996,0.277195454,-0.021002138,0.527179897,0.21217218,-0.044484641,0.532687843,0.150322974,-0.062072072,0.454737663,0.369498819,-0.002718116,0.479091257,0.244733155,-0.023104392,0.490931392,0.163368344,-0.043903321,0.498461038,0.08651486,-0.059154548,0.415330023,0.380934715,-0.014562429,0.435982913,0.259422719,-0.037598047,0.446421295,0.183640227,-0.05217493,0.452192158,0.112967789,-0.061390392,0.370141238,0.412612885,-0.030112775,0.387912035,0.321995944,-0.051670052,0.398640096,0.259506226,-0.06005222,0.404904783,0.196611494,-0.065031976
A,0.394973576,0.679857254,4.51E-07,0.46864292,0.62124145,-0.029776284,0.511888206,0.514336526,-0.038701043,0.524450779,0.4210172,-0.047412876,0.539400339,0.343606353,-0.055532649,0.488279462,0.374425977,-0.002900122,0.51013571,0.271121621,-0.026166826,0.518556595,0.207375214,-0.049125958,0.522306323,0.148279786,-0.066069059,0.448260307,0.362430513,-0.006893104,0.470991045,0.239803702,-0.027557058,0.481018424,0.160138816,-0.048582699,0.486920476,0.086296558,-0.063825555,0.40699929,0.374984682,-0.017517701,0.425670177,0.257073462,-0.040949736,0.435519427,0.18158558,-0.056825627,0.441907614,0.111697972,-0.066932425,0.36056307,0.408106089,-0.031678673,0.376948595,0.317941338,-0.054134764,0.388936758,0.257481962,-0.063526511,0.398468643,0.196199894,-0.069052361
A,0.38585487,0.674477816,4.76E-07,0.459443897,0.614886642,-0.03133497,0.502769947,0.510323524,-0.041029923,0.516251743,0.417152464,-0.050369252,0.531553626,0.339713812,-0.058820918,0.474538594,0.370489001,-0.001875324,0.496351689,0.266074479,-0.025017777,0.504554212,0.202369109,-0.048052382,0.508214235,0.143099278,-0.064996392,0.43535465,0.358212233,-0.00498752,0.457618117,0.235032514,-0.025386697,0.468661785,0.155224502,-0.046533365,0.475987554,0.081531465,-0.061801158,0.395169526,0.370136768,-0.015017483,0.413941443,0.251531124,-0.038569573,0.424633324,0.176750526,-0.054509141,0.431953102,0.107919216,-0.064523697,0.350054979,0.402721435,-0.028729104,0.365519792,0.313866556,-0.051262006,0.377347559,0.253934562,-0.060541347,0.386548549,0.19347249,-0.065937229
A,0.37844944,0.669520617,4.80E-07,0.451690853,0.612562656,-0.032462612,0.495957941,0.509143114,-0.042847183,0.510511816,0.416717172,-0.05256813,0.523352146,0.341276795,-0.061447505,0.465890408,0.365720928,-0.005116677,0.485622585,0.260266483,-0.028730264,0.492469728,0.195710078,-0.05207862,0.495145768,0.135268837,-0.069318965,0.425747395,0.354148954,-0.007828518,0.446329206,0.229965732,-0.028598255,0.45619601,0.149768144,-0.04990644,0.462600589,0.076064706,-0.065330014,0.385095954,0.366735905,-0.017265989,0.402348489,0.247698903,-0.040707219,0.412078023,0.172405019,-0.05673651,0.418572158,0.103645772,-0.066934474,0.340247929,0.399920315,-0.030514179,0.354720056,0.310694903,-0.052908458,0.365792096,0.250642627,-0.062384441,0.374485433,0.190375149,-0.067987159
A,0.37229234,0.666101933,4.94E-07,0.445032388,0.609979451,-0.032650452,0.489994615,0.505934954,-0.041900475,0.504560173,0.414830446,-0.050573763,0.51455754,0.340571582,-0.058203522,0.456713617,0.359851718,-0.001887653,0.474902898,0.254769146,-0.024082774,0.482125223,0.190686405,-0.04704351,0.485381424,0.130635828,-0.064271353,0.416709274,0.348576516,-0.004247158,0.435638517,0.224470183,-0.024001563,0.445893139,0.143839657,-0.045831859,0.4531416,0.070129454,-0.061800506,0.376347005,0.361838162,-0.013570022,0.39189136,0.241857007,-0.036500689,0.401600838,0.166640982,-0.054003034,0.408305168,0.09870562,-0.065364264,0.332465172,0.395370483,-0.02679937,0.346020699,0.306492686,-0.049213197,0.356140912,0.245940834,-0.060028851,0.364451647,0.185219884,-0.066828631
A,0.35901171,0.659323454,5.07E-07,0.430877328,0.598368943,-0.031270236,0.47384581,0.495061815,-0.03988073,0.484749436,0.403371423,-0.04845082,0.494205117,0.328477859,-0.05554501,0.437013894,0.356986135,0.003998027,0.456164718,0.252185822,-0.017674856,0.464435399,0.189713553,-0.040160734,0.467948079,0.132581383,-0.056271348,0.398195535,0.344744205,0.001941217,0.417117983,0.219253272,-0.016372962,0.426728874,0.138774782,-0.036785454,0.433105141,0.064661443,-0.051423442,0.359764457,0.356210083,-0.007458871,0.373365462,0.236308321,-0.028740656,0.380978346,0.162850961,-0.04407521,0.384976238,0.097622275,-0.053597637,0.317083627,0.388006747,-0.020840127,0.32981652,0.29925409,-0.04038915,0.336708069,0.238998309,-0.048612826,0.340171874,0.179783002,-0.053496692
A,0.35673219,0.66038692,4.58E-07,0.428569347,0.600719452,-0.02941183,0.472829759,0.493949324,-0.036989156,0.483237237,0.401483864,-0.044262573,0.487798631,0.327822745,-0.050643697,0.43815434,0.35323599,0.000742992,0.455100775,0.248263553,-0.020785244,0.462359667,0.186461583,-0.04283445,0.46612373,0.1310637,-0.058594119,0.398160547,0.342828542,-0.001951208,0.415412545,0.217639923,-0.020460069,0.423478723,0.137870431,-0.041201718,0.428274065,0.06736204,-0.055741534,0.358552575,0.356580198,-0.011259492,0.369781196,0.23745656,-0.032011181,0.376965433,0.161165357,-0.048899695,0.381204098,0.093937814,-0.059708316,0.315677077,0.390843481,-0.024193952,0.327383786,0.301164955,-0.043664195,0.335524976,0.240372017,-0.053027842,0.34187445,0.180246949,-0.058759294
A,0.355142474,0.662451625,4.52E-07,0.42793119,0.602539659,-0.030203627,0.472704768,0.495333672,-0.038012218,0.483549505,0.4031789,-0.045490097,0.48742196,0.328498185,-0.052144203,0.436203301,0.353620499,-5.96E-05,0.453311235,0.248582855,-0.021341205,0.460130572,0.186570361,-0.043512855,0.463543057,0.128963351,-0.059846003,0.396503568,0.343387365,-0.002831329,0.414206475,0.219229966,-0.021064362,0.422166079,0.140019804,-0.042214163,0.426634967,0.068735123,-0.057626963,0.356721282,0.357389748,-0.012263255,0.369053841,0.239167616,-0.032943975,0.375897616,0.163500473,-0.050178465,0.379342258,0.095781416,-0.061662838,0.313756853,0.391717881,-0.025408624,0.325567216,0.302308351,-0.045311622,0.33374542,0.241486385,-0.055153873,0.339761287,0.180858254,-0.061507337
A,0.355802387,0.660959363,4.56E-07,0.428100765,0.602633953,-0.031149557,0.471909434,0.498266101,-0.039956924,0.4844504,0.407257438,-0.048358314,0.487817317,0.331537336,-0.055898987,0.438603848,0.355542839,-0.000487476,0.454881281,0.252133012,-0.021742381,0.459909439,0.188916653,-0.04405259,0.46130842,0.130496025,-0.060653571,0.398174912,0.344082773,-0.002882892,0.415394276,0.219475806,-0.021060726,0.423680663,0.140460879,-0.04177149,0.428691864,0.068968803,-0.056917381,0.357614964,0.3573291,-0.012099402,0.369903266,0.238581255,-0.032662146,0.377166033,0.162751853,-0.04954097,0.381103963,0.09469372,-0.060874328,0.314906716,0.391027838,-0.02520149,0.327204496,0.30140233,-0.044913638,0.335016847,0.240452483,-0.054790787,0.340431154,0.179492593,-0.061333228
A,0.36991635,0.630301535,6.19E-07,0.433927953,0.59506321,-0.033125866,0.471460611,0.487629592,-0.040303815,0.476486534,0.396141768,-0.045201942,0.486701459,0.325235128,-0.048799641,0.439908564,0.35843882,-0.008596598,0.45660311,0.255833983,-0.029199513,0.463892639,0.187893078,-0.048540238,0.466377974,0.129203856,-0.062013227,0.400440693,0.345775038,-0.00784371,0.417823941,0.223380327,-0.026028771,0.426229626,0.138954341,-0.044537101,0.432448864,0.067800492,-0.056311224,0.360924184,0.356380075,-0.012972611,0.372785211,0.237335891,-0.034430467,0.379222333,0.16262053,-0.049861267,0.384546429,0.09813121,-0.058339871,0.317712069,0.386733979,-0.021470165,0.329062372,0.297456831,-0.042267408,0.335514396,0.239443675,-0.050795618,0.341940045,0.184447601,-0.054482043
A,0.363736451,0.650971234,5.48E-07,0.428975463,0.607464969,-0.038320731,0.47281751,0.506060898,-0.051217109,0.487811834,0.416661501,-0.061733734,0.497024685,0.346550077,-0.071151353,0.443554699,0.357806444,-0.013680464,0.460947841,0.255646408,-0.037600007,0.466150522,0.190569282,-0.06089345,0.467001915,0.13041833,-0.077950612,0.403426349,0.345119596,-0.013609472,0.420392692,0.222788781,-0.034527685,0.428729355,0.140202984,-0.055936739,0.432826936,0.068344057,-0.070903003,0.363182217,0.358281195,-0.02019114,0.374043226,0.24154906,-0.043153673,0.381937653,0.166490525,-0.060519092,0.386041254,0.100535423,-0.071330629,0.320691049,0.391285032,-0.030995207,0.331711143,0.302067459,-0.052845553,0.33944273,0.242180049,-0.063152798,0.345387399,0.183925912,-0.069131806
A,0.358801693,0.660089672,4.58E-07,0.429555863,0.610273778,-0.032187067,0.474559814,0.504550219,-0.039977476,0.486397058,0.412229449,-0.046436079,0.490132064,0.338768542,-0.051483911,0.446165055,0.359638274,-0.003138241,0.464045972,0.256902933,-0.0231684,0.469580859,0.193625405,-0.043790065,0.471124709,0.136297852,-0.059160903,0.405463278,0.344586521,-0.004361779,0.423834383,0.221746936,-0.021661986,0.433100343,0.14094317,-0.041033037,0.438223779,0.069797814,-0.054950032,0.365158349,0.355348408,-0.012194533,0.377105772,0.239274308,-0.032159325,0.384780049,0.164962232,-0.048738159,0.389018953,0.099110216,-0.059587181,0.322858572,0.387168437,-0.023851678,0.333200902,0.300159156,-0.043724339,0.340219378,0.241192564,-0.053785697,0.345816255,0.1828233,-0.060059957
A,0.354349852,0.661720276,4.45E-07,0.425655276,0.607869744,-0.033931609,0.472369075,0.505945444,-0.044251982,0.488501757,0.416011751,-0.053559139,0.487742513,0.339754254,-0.061802976,0.445893317,0.359027237,-0.00406007,0.46430397,0.256807208,-0.02571965,0.469696045,0.194979399,-0.048527844,0.471219242,0.137301981,-0.065609679,0.405136794,0.345365256,-0.005714951,0.423418909,0.222998559,-0.023918828,0.431134909,0.143575877,-0.045346003,0.435339063,0.071703851,-0.061343875,0.36353761,0.357685775,-0.014197216,0.377632231,0.241867155,-0.034641959,0.384182125,0.166720882,-0.052092314,0.387302637,0.098053157,-0.064137645,0.319377899,0.390979975,-0.026754076,0.330851912,0.303905994,-0.04701614,0.338240057,0.244171172,-0.057414401,0.343480051,0.184048757,-0.064347461
A,0.353596717,0.661022544,4.85E-07,0.425824821,0.606436968,-0.035298418,0.474228054,0.506339729,-0.047526591,0.491934806,0.416336179,-0.058973495,0.488459468,0.338888317,-0.069527447,0.44633624,0.35504353,-0.003483847,0.46503225,0.253219604,-0.024724621,0.470344335,0.19114913,-0.047617458,0.47208488,0.133566856,-0.064876527,0.404774904,0.343382239,-0.005026939,0.423590958,0.222505152,-0.022197487,0.43157497,0.143982023,-0.043432031,0.436612368,0.071249068,-0.059566919,0.362591267,0.357373416,-0.013589472,0.377325833,0.24201636,-0.032922704,0.384679675,0.167717189,-0.049431294,0.388563186,0.099345505,-0.061118394,0.318128288,0.392474979,-0.02651252,0.329565942,0.305011362,-0.046002138,0.33819741,0.245176956,-0.055771992,0.344656587,0.185185686,-0.06237863
A,0.353968024,0.661554933,4.60E-07,0.426626533,0.606103599,-0.03464533,0.473360926,0.504842281,-0.045588557,0.488378406,0.414064169,-0.055732138,0.488134861,0.335843205,-0.064832762,0.446355402,0.356155574,-0.002438705,0.465074837,0.254260004,-0.024037693,0.470446408,0.191668615,-0.047020953,0.472055376,0.133503348,-0.064231679,0.404930174,0.344105631,-0.003849669,0.42375204,0.223442286,-0.021736456,0.431679875,0.145036191,-0.043077528,0.436559111,0.0731318,-0.058983535,0.362995118,0.357582808,-0.012305823,0.377665132,0.241975963,-0.03254715,0.384994656,0.167719141,-0.049138334,0.389103532,0.099618554,-0.060474422,0.318495929,0.392174959,-0.025007915,0.329823434,0.305068731,-0.045118179,0.338755071,0.245202899,-0.055027783,0.345817447,0.185162321,-0.061452646
A,0.356800973,0.662801147,4.39E-07,0.430732191,0.605977178,-0.03361471,0.476740122,0.501541555,-0.042793576,0.488828242,0.408291072,-0.050977867,0.489223361,0.330558896,-0.057993207,0.445048064,0.359890193,-0.001762493,0.464073122,0.258878648,-0.023008769,0.470165461,0.197392434,-0.045297954,0.472371131,0.139604956,-0.061750975,0.404211968,0.346965462,-0.00292348,0.422868222,0.225692466,-0.020768749,0.430923522,0.14694792,-0.041104861,0.435482293,0.074753582,-0.055918209,0.363265067,0.359112084,-0.011079237,0.377545208,0.243573412,-0.031621348,0.384614974,0.16827324,-0.047712114,0.388406724,0.09924078,-0.058234356,0.320006192,0.391473621,-0.023334421,0.331542671,0.303342134,-0.043266363,0.339817971,0.243661344,-0.052435663,0.346032917,0.184206203,-0.05805729
A,0.364944577,0.665660977,4.79E-07,0.439184844,0.611735106,-0.035301726,0.487762868,0.508458912,-0.045296464,0.49878937,0.414577723,-0.053792235,0.508307159,0.340313494,-0.060984291,0.453438967,0.368642688,-0.003857272,0.474858314,0.266774654,-0.025756106,0.482408136,0.203647286,-0.048079841,0.485578537,0.145107299,-0.064237125,0.413265437,0.354431987,-0.003741668,0.434298813,0.229296982,-0.0219409,0.444180876,0.148455411,-0.041898176,0.450187236,0.077643335,-0.055929299,0.373554081,0.364686847,-0.010591643,0.388579369,0.24641721,-0.031015927,0.398229271,0.170813248,-0.046750829,0.404321015,0.104093343,-0.056713328,0.331175506,0.395225257,-0.021709906,0.343688995,0.306125224,-0.040942997,0.352074057,0.245744884,-0.049488936,0.358543605,0.18737866,-0.054430503
A,0.36901325,0.667199135,5.01E-07,0.445511401,0.610041261,-0.035353199,0.492125779,0.507444859,-0.045353841,0.501487613,0.413165778,-0.054257959,0.50673002,0.33402124,-0.061880402,0.460788697,0.365578651,0.000279554,0.480092078,0.264292717,-0.020783549,0.486876726,0.200981244,-0.043223552,0.490230232,0.141337931,-0.059976943,0.419530213,0.352134675,-6.28E-06,0.439510375,0.229500875,-0.018244129,0.449160516,0.149898767,-0.03925702,0.45591557,0.077853411,-0.054340206,0.378434539,0.363092124,-0.007696996,0.393199325,0.246017948,-0.028962536,0.401937544,0.169749662,-0.045945831,0.407637209,0.102090061,-0.056790773,0.335113168,0.394690216,-0.019659877,0.348468572,0.306323111,-0.040010147,0.357238591,0.246477038,-0.049824458,0.364317685,0.187456504,-0.055807162
A,0.370746195,0.668546677,4.79E-07,0.444659472,0.609997451,-0.033140969,0.489298463,0.506382108,-0.04274565,0.499938309,0.413237184,-0.051832609,0.507621765,0.333137631,-0.060001366,0.459479213,0.36322397,-0.000595141,0.479568154,0.26044488,-0.023087453,0.487587005,0.197596431,-0.046403203,0.492004275,0.137817323,-0.063724175,0.419867307,0.352168649,-0.002954429,0.439957291,0.229772672,-0.022776356,0.450124919,0.149492174,-0.045323964,0.457185328,0.076049298,-0.061741807,0.379431576,0.366061509,-0.012451913,0.394108325,0.247717947,-0.035443101,0.40231353,0.171673119,-0.053587578,0.407650322,0.103610575,-0.065255746,0.335408211,0.400312632,-0.025846738,0.34750402,0.310390174,-0.048110936,0.356675774,0.249024421,-0.059053097,0.364201725,0.187912911,-0.065818615
A,0.386506408,0.632776022,6.16E-07,0.452683896,0.596998334,-0.034677722,0.488940299,0.493377805,-0.043345783,0.490441918,0.40296489,-0.049585588,0.502200425,0.332199961,-0.054796528,0.458650202,0.364683479,-0.012696609,0.478287637,0.264102131,-0.03625261,0.487555891,0.19721429,-0.05771593,0.491890073,0.13840881,-0.072676636,0.418372393,0.350159585,-0.012104425,0.438283652,0.231433064,-0.033041213,0.449655801,0.148633152,-0.053465191,0.458392143,0.077661097,-0.066547759,0.378661454,0.360592753,-0.017434526,0.392124683,0.243266478,-0.041648336,0.400877714,0.169453919,-0.059212994,0.408956498,0.104760736,-0.068783872,0.336046457,0.392823696,-0.02605948,0.347563624,0.306091666,-0.049877807,0.355231106,0.248258829,-0.060768984,0.362532735,0.193389669,-0.065804109
A,0.375829011,0.64897126,5.51E-07,0.442534506,0.607408404,-0.03804652,0.488982081,0.50673151,-0.049101274,0.499942064,0.417926759,-0.057322256,0.506821334,0.347044945,-0.064435966,0.460547268,0.362712234,-0.014490914,0.480233461,0.260657549,-0.038299914,0.488186359,0.195312187,-0.06059429,0.491730332,0.135629833,-0.076783754,0.421049207,0.348662376,-0.013863591,0.441740721,0.227250636,-0.035669796,0.452488184,0.144706234,-0.057168115,0.459425151,0.073321611,-0.071638323,0.380917996,0.360591531,-0.019740002,0.393653274,0.241999373,-0.044512901,0.402775258,0.166341886,-0.063046761,0.409205377,0.099600106,-0.074123062,0.336733907,0.392762005,-0.029530887,0.34829995,0.305431604,-0.053596865,0.356734633,0.246765599,-0.065242186,0.364623308,0.18892765,-0.071677163
A,0.372363478,0.658894479,4.82E-07,0.445395827,0.604647517,-0.031864997,0.490196258,0.499076784,-0.039896347,0.500981688,0.406467348,-0.046748802,0.505613863,0.332556069,-0.052838624,0.459242195,0.364148617,-0.006007894,0.47986728,0.261314452,-0.028808553,0.487386167,0.19691889,-0.051034093,0.490540177,0.136753589,-0.067288235,0.419015139,0.350919694,-0.008055372,0.440367669,0.227626458,-0.028699445,0.451274991,0.145300776,-0.049633227,0.45803681,0.072158068,-0.064060509,0.37798655,0.363096386,-0.016528297,0.392923206,0.24308686,-0.039891094,0.402451962,0.166383743,-0.057367008,0.408342987,0.098675609,-0.068029895,0.333816975,0.396301448,-0.028552264,0.34617427,0.307433873,-0.051043615,0.355300456,0.246732518,-0.061732162,0.362944484,0.187351346,-0.067874357
A,0.369054735,0.662668824,4.83E-07,0.442652404,0.606367528,-0.032375637,0.487306267,0.503732324,-0.041579634,0.499949455,0.4103297,-0.05000126,0.503808618,0.332826912,-0.057606958,0.459121615,0.363809794,-0.00351731,0.479561567,0.260926336,-0.026342226,0.486982226,0.196246475,-0.049038962,0.49022761,0.136007249,-0.065693051,0.418783426,0.350528598,-0.005835617,0.439952493,0.226759911,-0.025938045,0.450321317,0.145657986,-0.046947639,0.456976265,0.072761774,-0.061751138,0.377350271,0.362605274,-0.014936471,0.392544001,0.242647558,-0.037716467,0.401820004,0.165888727,-0.054700214,0.408115685,0.097645819,-0.065338962,0.332545757,0.39560023,-0.027826754,0.344713598,0.306270838,-0.049740337,0.354266256,0.24533689,-0.059962023,0.362590671,0.185435832,-0.065999053
A,0.36063835,0.66042304,4.98E-07,0.431681573,0.606283069,-0.03379041,0.478016436,0.504559219,-0.043801237,0.48783505,0.413781971,-0.052734848,0.490507364,0.337415814,-0.060465392,0.447435409,0.359642774,-0.004766217,0.467456847,0.255156755,-0.028570607,0.476245165,0.19181639,-0.05198697,0.481483012,0.13239482,-0.069229461,0.407395184,0.346450597,-0.006709458,0.426935285,0.221751511,-0.028152624,0.438399017,0.140039742,-0.05068361,0.447337568,0.065775722,-0.066943318,0.366720736,0.358527601,-0.015647661,0.380384296,0.238465324,-0.0402501,0.39006716,0.162663192,-0.058917906,0.397205204,0.093947291,-0.070919409,0.322213531,0.392080754,-0.028426638,0.335719436,0.304609895,-0.052400012,0.344341934,0.244603515,-0.064492494,0.350278407,0.183387443,-0.072144054
A,0.361297369,0.662184119,4.86E-07,0.434003115,0.605075896,-0.032298226,0.477772534,0.501653969,-0.041664768,0.486313611,0.411031455,-0.050140493,0.489435762,0.336858481,-0.057716664,0.446495175,0.359204888,-0.00399712,0.465848148,0.255750388,-0.027091138,0.475041747,0.193690807,-0.050028782,0.48093912,0.135542512,-0.066689231,0.406251937,0.346879184,-0.006163336,0.425573736,0.221764132,-0.026373925,0.436453164,0.141275406,-0.047761552,0.444355875,0.068463892,-0.062983327,0.365453839,0.359596223,-0.015116511,0.379514694,0.239902139,-0.037920851,0.388878971,0.16277346,-0.055775221,0.395383149,0.093204141,-0.067181498,0.321423203,0.393180311,-0.027836749,0.334507912,0.303259939,-0.049573533,0.343487352,0.242016479,-0.060296986,0.350440145,0.180550024,-0.066963047
A,0.359056771,0.662757218,4.77E-07,0.430983007,0.606918871,-0.032611556,0.475581169,0.503295422,-0.041276075,0.48318994,0.413261592,-0.048776004,0.484282911,0.340010077,-0.055186857,0.445681363,0.359096408,-0.003520503,0.464864075,0.256264806,-0.025589366,0.473307371,0.193845466,-0.048191391,0.478120178,0.134958744,-0.064910561,0.40547049,0.34581238,-0.005149168,0.424906641,0.220839977,-0.024454299,0.435881793,0.140811324,-0.04572542,0.44364053,0.068134129,-0.061097603,0.364714295,0.357760936,-0.013555011,0.378228903,0.23926498,-0.035529051,0.387097478,0.163388312,-0.053640302,0.392822087,0.094498575,-0.065460026,0.320795059,0.390565634,-0.025791245,0.334287673,0.3015486,-0.046803642,0.342720091,0.24136126,-0.057677582,0.349049896,0.180137336,-0.06471841
A,0.360282928,0.663881898,4.59E-07,0.433737636,0.608086824,-0.032963488,0.478909284,0.500657678,-0.040897414,0.483896881,0.405938685,-0.047514167,0.48934859,0.331244946,-0.053088292,0.447238028,0.360849977,-0.003387105,0.466209084,0.257278711,-0.025656879,0.474719107,0.194802985,-0.048077147,0.479921162,0.136179924,-0.064631842,0.406600147,0.347378731,-0.004654421,0.426469266,0.221364185,-0.024437468,0.437312931,0.140607983,-0.045884024,0.445219636,0.067532212,-0.061271869,0.366135359,0.358615637,-0.012791207,0.379874438,0.239147618,-0.035703678,0.388684481,0.162178487,-0.054424267,0.394254208,0.092767715,-0.066450238,0.322386622,0.390741885,-0.024725681,0.336531937,0.299834162,-0.046723358,0.344885647,0.238982365,-0.058267944,0.350577414,0.177146748,-0.065661818
A,0.370126814,0.665078998,4.81E-07,0.445200086,0.612059355,-0.032977462,0.491352201,0.505478442,-0.040934239,0.498389244,0.413016051,-0.047834788,0.504313827,0.342573106,-0.053727586,0.459288657,0.363567203,-0.004437689,0.481749982,0.258534759,-0.026707413,0.490828753,0.193896875,-0.048659496,0.495021164,0.133215368,-0.064796247,0.419138879,0.348810971,-0.005814813,0.442217261,0.222158447,-0.025458977,0.453503221,0.140342772,-0.046066035,0.460634679,0.067512751,-0.06063864,0.378170878,0.359385669,-0.013895531,0.394136608,0.239002734,-0.036043018,0.403476238,0.1605753,-0.053754669,0.409179449,0.090930164,-0.065030485,0.333384901,0.39119041,-0.02587574,0.347645074,0.300290525,-0.046892352,0.355959952,0.237881109,-0.057539281,0.361844063,0.177148387,-0.064145997
A,0.37278533,0.668923736,4.81E-07,0.447906166,0.614371598,-0.033223037,0.494680882,0.505371928,-0.041408308,0.502189517,0.409212708,-0.048121314,0.508163512,0.334803015,-0.053865507,0.46396178,0.363848209,-0.005544234,0.484995097,0.258404672,-0.028391708,0.494427502,0.194425657,-0.050757572,0.499912053,0.135073066,-0.067063853,0.422342926,0.349652827,-0.007017275,0.444583863,0.221287161,-0.027423084,0.456775248,0.138129771,-0.04862554,0.465123087,0.064296246,-0.063474789,0.3806189,0.361076266,-0.015247184,0.396527588,0.238872021,-0.038646858,0.406980157,0.158948928,-0.05738049,0.413728535,0.088016033,-0.06918443,0.335791707,0.39395678,-0.027214384,0.351624787,0.301914662,-0.049586851,0.361364573,0.239599422,-0.060972556,0.368415296,0.177588865,-0.068030559
A,0.374655664,0.668945789,4.77E-07,0.450765818,0.61308217,-0.03346359,0.49767831,0.504637718,-0.042073876,0.504280388,0.408825368,-0.049319834,0.510580957,0.332522839,-0.055614617,0.467808425,0.363832653,-0.005493005,0.489188701,0.257929772,-0.028942687,0.498326838,0.19357042,-0.051727548,0.50356406,0.133977622,-0.06834954,0.426116496,0.349844277,-0.007071861,0.448836803,0.22075583,-0.028063226,0.460649073,0.137687683,-0.049869325,0.468723834,0.063811094,-0.065278776,0.384160787,0.361495346,-0.015509046,0.400756121,0.238937438,-0.039554998,0.410726368,0.158894524,-0.058931042,0.416924834,0.087841421,-0.071252473,0.339029193,0.394639105,-0.02768242,0.355469435,0.302655309,-0.050747335,0.364869148,0.240002766,-0.06289243,0.371306539,0.177274778,-0.070578054
A,0.37656945,0.670178175,4.82E-07,0.453303069,0.61395067,-0.033485897,0.500809073,0.505508304,-0.042148106,0.508310914,0.409487665,-0.049640805,0.514042675,0.332538188,-0.056260414,0.470387936,0.361694843,-0.004019542,0.491158158,0.256703913,-0.02740244,0.500586867,0.192957431,-0.050688859,0.506441593,0.133402824,-0.067695424,0.428735793,0.347814679,-0.005843445,0.451235473,0.220014751,-0.026422504,0.463386536,0.136938214,-0.048561819,0.472245485,0.062128633,-0.064365529,0.386646122,0.359703869,-0.014644833,0.40320909,0.237830281,-0.038275752,0.413932949,0.157822341,-0.057538226,0.42144379,0.086245537,-0.069902852,0.340785354,0.393350154,-0.027276706,0.356252432,0.300922692,-0.050002709,0.36659196,0.238413915,-0.061710916,0.374675214,0.175793797,-0.069107428
A,0.378196746,0.672414064,5.04E-07,0.45408529,0.614409328,-0.034356683,0.50120765,0.510417104,-0.045196425,0.510760665,0.417230755,-0.055007253,0.515132785,0.3395015,-0.063974895,0.472222149,0.363017827,-0.005511761,0.492950767,0.257362962,-0.03020847,0.502606094,0.194184288,-0.05468253,0.508730114,0.135053337,-0.072245821,0.430979311,0.349393427,-0.007532649,0.453311682,0.220790386,-0.028636783,0.46508801,0.137958646,-0.051443953,0.473532975,0.062867582,-0.067798346,0.388724685,0.361718237,-0.016584935,0.405239552,0.239993542,-0.040128116,0.415611506,0.160103321,-0.059335645,0.422796011,0.088525742,-0.07178396,0.342199862,0.395542473,-0.029589534,0.357440144,0.303002149,-0.051828716,0.368130326,0.240220502,-0.063037626,0.37674129,0.177628189,-0.070124179
A,0.38005662,0.674220502,4.70E-07,0.456736624,0.616858184,-0.033119582,0.505045891,0.506917059,-0.041863631,0.514675796,0.407900423,-0.049445346,0.526878595,0.329677105,-0.055982873,0.475270331,0.367707849,-0.00485738,0.498703033,0.259530962,-0.028966689,0.508167028,0.194635838,-0.052113302,0.51300931,0.135761768,-0.068543427,0.434089899,0.352018684,-0.00650396,0.458942533,0.221791625,-0.027454183,0.471607327,0.138296336,-0.048515283,0.47971645,0.064376682,-0.063013747,0.392811745,0.361995786,-0.015093416,0.410122812,0.237934113,-0.038677193,0.420808464,0.158250824,-0.056321207,0.427925646,0.0869039,-0.067301072,0.347951621,0.393370181,-0.027499443,0.362711191,0.300777882,-0.049760301,0.372611701,0.237946212,-0.060167991,0.380534232,0.175302446,-0.066345878
A,0.381502897,0.677751184,4.78E-07,0.458004951,0.617039382,-0.033485096,0.505680144,0.507511199,-0.043083217,0.517631114,0.409404099,-0.052095983,0.530073404,0.328816593,-0.060006026,0.476460159,0.364771515,-0.000244241,0.49902916,0.257902712,-0.024806041,0.508412004,0.194107652,-0.04932576,0.513241351,0.136514246,-0.066478506,0.435742438,0.350674957,-0.002091283,0.459800005,0.224434361,-0.022593446,0.471570253,0.142576247,-0.044291325,0.479361594,0.06776914,-0.059264254,0.394552559,0.361809731,-0.0114475,0.411602378,0.241181225,-0.03429297,0.421688139,0.161694005,-0.05108954,0.428657293,0.088981718,-0.061489977,0.34951812,0.394073784,-0.024915313,0.363529146,0.302112073,-0.045857258,0.373483956,0.239953265,-0.054753222,0.381618559,0.177591875,-0.059836056
A,0.381507367,0.67760098,4.84E-07,0.458945483,0.619583011,-0.03455776,0.506276727,0.511145651,-0.044467159,0.518355846,0.411633015,-0.053654339,0.532855868,0.331588596,-0.061791465,0.478464335,0.366892964,-0.000290627,0.500793993,0.260939658,-0.024572121,0.510142267,0.197289422,-0.049193978,0.515280068,0.139881998,-0.06665244,0.437569678,0.352106065,-0.001538518,0.461547017,0.225121751,-0.02166727,0.473540902,0.143091649,-0.043692648,0.482010186,0.068156064,-0.059247166,0.396241665,0.362646818,-0.010388135,0.412884206,0.241936386,-0.03323096,0.422858328,0.162574694,-0.050679069,0.429979593,0.090699196,-0.061706021,0.350996166,0.394203871,-0.023445772,0.365108818,0.301479548,-0.044633027,0.375414014,0.238943428,-0.054293312,0.384174377,0.176375732,-0.060134154
A,0.383084923,0.676151097,4.86E-07,0.459928155,0.61740917,-0.034785826,0.507477522,0.509911239,-0.045039695,0.51928395,0.41101265,-0.05455501,0.533527553,0.330971837,-0.063059866,0.480124682,0.364028692,-0.000608635,0.502523124,0.259061813,-0.024644077,0.51181078,0.196100369,-0.049200553,0.517338812,0.138502896,-0.066838413,0.439142227,0.34992373,-0.001938313,0.46225816,0.224557489,-0.022166003,0.473749638,0.143435627,-0.044471923,0.482025206,0.068924993,-0.060326446,0.397593468,0.361433566,-0.010828585,0.413674951,0.241144404,-0.033989403,0.423450381,0.162745878,-0.051589154,0.430639088,0.091252804,-0.06276527,0.352126211,0.394081175,-0.023911314,0.366042554,0.301988304,-0.045491301,0.376811862,0.240120485,-0.055355538,0.386301041,0.177980438,-0.061354578
A,0.382981509,0.676558614,4.92E-07,0.46028769,0.617977023,-0.035090901,0.508338988,0.509961307,-0.045364361,0.520739675,0.411204934,-0.054819129,0.534836829,0.331074566,-0.063305795,0.48159194,0.36593616,-0.001229417,0.50364399,0.260731637,-0.025749171,0.513401151,0.197720677,-0.050638046,0.519578338,0.140459299,-0.068359636,0.440353006,0.351211905,-0.002444671,0.463731319,0.225275755,-0.023014039,0.475956678,0.143311888,-0.045643721,0.485176891,0.068221688,-0.061648168,0.398464203,0.362257093,-0.01122757,0.414999157,0.241701216,-0.034654222,0.425440699,0.162801594,-0.052587066,0.433400005,0.091079235,-0.063910775,0.352613658,0.394478738,-0.024204778,0.366764784,0.302435845,-0.045950145,0.377861559,0.240396902,-0.055921745,0.387804806,0.178145364,-0.061953694
A,0.38245225,0.678806305,5.32E-07,0.459463775,0.61807394,-0.036343981,0.506367624,0.510614157,-0.047543667,0.516411781,0.411895901,-0.05803366,0.530536771,0.329972655,-0.067569144,0.478984743,0.359274596,-0.000182593,0.501178622,0.253775895,-0.023769721,0.511821568,0.18961142,-0.048782505,0.519082725,0.128781676,-0.067365706,0.438073933,0.346857876,-0.001787441,0.461072147,0.221846879,-0.022179138,0.473707706,0.139229327,-0.046283726,0.48344633,0.062895477,-0.063776933,0.396146059,0.360314012,-0.011130466,0.412341535,0.238564655,-0.034795366,0.422688991,0.159923404,-0.054399341,0.430511624,0.08858344,-0.06708914,0.349714667,0.395531565,-0.024760086,0.36271134,0.302842081,-0.047586236,0.373143017,0.239150897,-0.059206899,0.382534087,0.17528832,-0.066520356
A,0.379459262,0.677777112,5.50E-07,0.457216173,0.614933372,-0.037777949,0.505170703,0.508733273,-0.050039258,0.515978515,0.410120755,-0.061427072,0.529140532,0.327020705,-0.071668088,0.476579785,0.356639087,-0.000338557,0.498748958,0.249636889,-0.024786161,0.508647382,0.185030177,-0.050578374,0.514826536,0.125146657,-0.069437608,0.43504253,0.344181359,-0.001276215,0.457816631,0.217842132,-0.021974854,0.470055819,0.134708285,-0.04632505,0.479438335,0.058890522,-0.063922018,0.39261663,0.357624501,-0.010219008,0.408291399,0.234951481,-0.033992257,0.419004261,0.156158149,-0.053425092,0.42765671,0.085173219,-0.065958485,0.346034884,0.392950475,-0.023632187,0.358305365,0.300049961,-0.046242554,0.368384957,0.236699373,-0.057505831,0.377667606,0.173408493,-0.064533673
A,0.37777549,0.677261353,5.36E-07,0.457874268,0.613672793,-0.035391524,0.506254077,0.504937947,-0.046607442,0.517507493,0.405041814,-0.057315812,0.529947877,0.322517335,-0.067130499,0.475543678,0.353763938,0.000260252,0.497324377,0.246765733,-0.023546679,0.506557405,0.180933058,-0.048572846,0.51203388,0.120006263,-0.066971809,0.432472914,0.340846598,-0.001660471,0.45498237,0.213496268,-0.021665588,0.46713993,0.130615234,-0.044854604,0.476293564,0.054608464,-0.061624434,0.388966709,0.35445109,-0.011232393,0.404319495,0.231090948,-0.034294043,0.41512084,0.152045935,-0.052602455,0.423587561,0.080763519,-0.064503282,0.341807425,0.390588343,-0.025067544,0.353438705,0.297360659,-0.047189184,0.363952488,0.233661413,-0.057744037,0.37368238,0.170429617,-0.064279519
A,0.376924515,0.676110804,5.52E-07,0.457403213,0.612164497,-0.036721498,0.506556928,0.501714945,-0.04838571,0.516406119,0.400488526,-0.0591386,0.52674979,0.316098899,-0.068851084,0.474663138,0.350175261,-0.001444175,0.496767759,0.243520871,-0.026721653,0.505798459,0.177860603,-0.052680384,0.510635614,0.118161559,-0.071216978,0.42998004,0.337044567,-0.002624112,0.452912897,0.209154576,-0.023228472,0.465886503,0.125008523,-0.045859769,0.475680262,0.04822588,-0.061837599,0.385544151,0.351142436,-0.011701304,0.401014835,0.22691901,-0.035269335,0.412306756,0.146920621,-0.052801855,0.421431005,0.074221253,-0.063901,0.338387489,0.388581246,-0.025204567,0.35037148,0.295740217,-0.047619659,0.360754341,0.232575044,-0.057529792,0.370209605,0.169302747,-0.06332399
A,0.378404796,0.674445391,5.68E-07,0.459061891,0.611301899,-0.03754938,0.507212996,0.498735577,-0.048920136,0.515976608,0.395443857,-0.058918297,0.527498126,0.310930192,-0.067766055,0.473230541,0.350639969,-0.004813676,0.496846467,0.244034201,-0.031109383,0.50728941,0.176938012,-0.057210993,0.513330221,0.114214182,-0.075954832,0.428451478,0.335000813,-0.005691662,0.453140736,0.204132125,-0.027625836,0.467630386,0.117817283,-0.050316915,0.478229314,0.038542211,-0.066301763,0.383824617,0.347594529,-0.014384261,0.399807602,0.221651688,-0.039324556,0.411394358,0.141012758,-0.057532921,0.420428753,0.067334354,-0.068915837,0.336455733,0.384054333,-0.027466262,0.348072439,0.290436596,-0.051155716,0.357765168,0.226179376,-0.062101211,0.365967929,0.161538363,-0.068599656
A,0.397921801,0.675146878,7.87E-07,0.480989695,0.612201631,-0.044691335,0.534165025,0.49503088,-0.056516644,0.540687621,0.389253885,-0.066116802,0.548513353,0.29822889,-0.073063679,0.491550028,0.328590274,0.001329334,0.51633966,0.21512109,-0.020629225,0.531541049,0.141333848,-0.044687141,0.542417347,0.074420869,-0.062688589,0.439487308,0.311314464,0.003160358,0.458396643,0.17594102,-0.015592222,0.472335458,0.085372239,-0.038553249,0.483005613,0.008922338,-0.054488093,0.389226317,0.323725462,-0.00407245,0.402082264,0.1886058,-0.029007358,0.412309289,0.105206788,-0.048961617,0.421864033,0.030742943,-0.060663424,0.336529464,0.362204373,-0.016392961,0.345772862,0.262476325,-0.042383399,0.352259189,0.195222631,-0.055163469,0.359493464,0.12897107,-0.061838273
A,0.400602579,0.686953545,6.61E-07,0.489462435,0.621337354,-0.043465417,0.542664528,0.494532466,-0.054013275,0.549178004,0.382189512,-0.062433004,0.55741632,0.286290646,-0.068929881,0.49764958,0.327375531,0.000909566,0.52150315,0.208932251,-0.023137148,0.535742939,0.133314371,-0.049489975,0.547444761,0.06332615,-0.069844559,0.446189791,0.310413569,0.001760122,0.466064125,0.170652866,-0.018861925,0.481237531,0.081211329,-0.044553671,0.494921178,0.004124314,-0.063599944,0.395443738,0.323442549,-0.006352767,0.407187462,0.186333165,-0.031716812,0.418907791,0.099889964,-0.053549718,0.429974228,0.022226661,-0.068183593,0.342837393,0.362799227,-0.019506473,0.34921214,0.260175943,-0.0459833,0.354767919,0.18920809,-0.060571991,0.359887183,0.117803633,-0.069889508
A,0.404725969,0.696921349,7.05E-07,0.495835304,0.628065646,-0.048629019,0.551655531,0.502953172,-0.062197145,0.555480003,0.385649234,-0.072982535,0.564007998,0.283142954,-0.081487641,0.507342219,0.326037794,0.000307976,0.530676961,0.204456523,-0.024322797,0.542970479,0.12660262,-0.051418498,0.553305328,0.054257691,-0.072586887,0.452816784,0.309709489,0.002903194,0.472673029,0.16788201,-0.018174175,0.489088625,0.077344507,-0.044268906,0.50489372,0.000262111,-0.063783415,0.399570465,0.324677467,-0.004316187,0.410370529,0.184201449,-0.030451356,0.422802836,0.097545445,-0.052040558,0.435878009,0.019878238,-0.066560507,0.344919175,0.366870701,-0.017162945,0.349899411,0.262704253,-0.044688504,0.356487066,0.190010428,-0.059943583,0.364005208,0.11545521,-0.069735825
A,0.407029986,0.703891516,6.53E-07,0.499432206,0.63300699,-0.045600645,0.554795563,0.503263772,-0.057833046,0.558467805,0.382682532,-0.067838013,0.572295666,0.280311763,-0.075731963,0.51302892,0.325979173,0.001907161,0.536767662,0.202422738,-0.021774204,0.547587156,0.122352898,-0.047833633,0.555844486,0.048492074,-0.068426996,0.457683861,0.309713691,0.00336004,0.478239149,0.166790783,-0.016652919,0.494602174,0.076484144,-0.040801235,0.509497643,-0.000196934,-0.058894254,0.403693318,0.325409859,-0.004719671,0.415236145,0.183799565,-0.02981697,0.4275994,0.097225815,-0.049165946,0.439877599,0.018678308,-0.062250935,0.348026872,0.368797481,-0.018210609,0.352639586,0.26400429,-0.045117829,0.359831572,0.191204295,-0.05894601,0.367440403,0.116475463,-0.06758216
A,0.403851688,0.704089761,6.21E-07,0.493812919,0.641166687,-0.053198718,0.553910613,0.529033899,-0.072535291,0.565471113,0.416249752,-0.088176429,0.579690397,0.314318389,-0.101574875,0.51698482,0.342178643,-0.013958114,0.540956259,0.219051808,-0.0418634,0.549196959,0.141885042,-0.069536395,0.554846644,0.069616854,-0.0905402,0.462267995,0.324612945,-0.009683478,0.484930933,0.180759251,-0.032655966,0.497091085,0.091360837,-0.056753445,0.50696528,0.013796747,-0.074773736,0.408712894,0.339445919,-0.01480844,0.422794014,0.201137513,-0.041510973,0.430018693,0.112836242,-0.060304541,0.435504258,0.03151831,-0.073086269,0.354284346,0.38312,-0.025859678,0.362806946,0.28182584,-0.052119881,0.370110542,0.212869823,-0.063885383,0.376157224,0.142728806,-0.071255662
A,0.403962433,0.704978228,5.42E-07,0.492625833,0.639440417,-0.045911793,0.551208377,0.528592706,-0.061757289,0.561894655,0.419385791,-0.074828342,0.573798537,0.320599556,-0.085732967,0.518568337,0.344128847,-0.008080781,0.540139377,0.224555433,-0.03334989,0.54700321,0.149661705,-0.059239149,0.551751852,0.080618441,-0.079005465,0.463522464,0.326925874,-0.005812188,0.482082009,0.188651472,-0.026542665,0.491836011,0.107025504,-0.048921354,0.499408901,0.036130697,-0.065597296,0.410149932,0.341130316,-0.012181817,0.421384096,0.207138196,-0.036257681,0.427830517,0.121489793,-0.053729154,0.432132989,0.041154444,-0.065902121,0.356071323,0.383123308,-0.023797024,0.364713967,0.285475343,-0.047221996,0.373598456,0.218188107,-0.058054417,0.38122794,0.149009869,-0.065029994
A,0.404234916,0.703204393,5.23E-07,0.491501808,0.639942288,-0.045745894,0.549167752,0.531694353,-0.061892401,0.560443997,0.42347011,-0.075476833,0.570201278,0.327391833,-0.087176442,0.518791139,0.346331,-0.007629196,0.534038782,0.229934201,-0.031218631,0.535942674,0.155236542,-0.056097534,0.536524117,0.086014926,-0.075378619,0.462747335,0.330462486,-0.005315771,0.479403406,0.194934189,-0.02406973,0.489097953,0.115540087,-0.04452296,0.498034447,0.044447333,-0.0599747,0.409117848,0.345990539,-0.011703321,0.417031467,0.213550404,-0.034390997,0.42274186,0.130088538,-0.050586857,0.427482605,0.05191195,-0.06194799,0.355478346,0.388436913,-0.023510046,0.361717165,0.287805974,-0.045685716,0.369222879,0.220734805,-0.055862896,0.376663744,0.152306616,-0.062626325
A,0.401582688,0.699725986,5.21E-07,0.482816905,0.633925676,-0.044909846,0.539985776,0.529966176,-0.059721269,0.550606966,0.422447383,-0.073369995,0.558544874,0.332157314,-0.084171213,0.504214704,0.350830257,0.007793786,0.523251951,0.236543909,-0.00927534,0.52783227,0.166136235,-0.030215742,0.528094351,0.10643056,-0.045760181,0.452378452,0.337308377,0.011196095,0.462799966,0.201282233,0.000398078,0.461774439,0.117236882,-0.016939636,0.458170503,0.042408437,-0.030494042,0.404513299,0.350481719,0.004985115,0.408989131,0.227343947,-0.009844159,0.410597444,0.152810156,-0.023657417,0.409172535,0.086575121,-0.033741239,0.353754401,0.386303723,-0.007356117,0.353722751,0.291218311,-0.023257816,0.352190852,0.228400111,-0.030891741,0.349685073,0.167413116,-0.035990793
A,0.404094785,0.694558799,4.77E-07,0.484715194,0.631662011,-0.04126389,0.539456189,0.526081681,-0.054577053,0.549341023,0.421574831,-0.066275954,0.559599161,0.334530473,-0.075258963,0.501286626,0.353743464,0.001128422,0.52117306,0.242094532,-0.019405354,0.527454138,0.173485354,-0.041389283,0.529803514,0.11612615,-0.057118569,0.450743675,0.340699553,0.002976323,0.458405852,0.203852296,-0.011942097,0.459701896,0.120971709,-0.029996177,0.457962364,0.050190717,-0.043341856,0.404931128,0.354976863,-0.003661828,0.408131897,0.23096776,-0.021508085,0.411497176,0.156146035,-0.034530159,0.411613435,0.088836879,-0.043399908,0.357449502,0.39223972,-0.015750123,0.357670933,0.298429012,-0.033949643,0.361000031,0.234585971,-0.041623451,0.363345265,0.171248466,-0.046065748
A,0.40686357,0.693303943,4.89E-07,0.488479644,0.631747484,-0.039472517,0.543271661,0.524183989,-0.05073005,0.552140534,0.419584423,-0.060438115,0.561178982,0.333933175,-0.067479946,0.502846658,0.352522612,0.005418031,0.521234274,0.241274104,-0.012591731,0.527891159,0.174500257,-0.033568103,0.530640304,0.11772278,-0.048894469,0.452793449,0.340139836,0.007400667,0.4618527,0.205999255,-0.005293836,0.46396336,0.123904169,-0.023045726,0.46275118,0.054075867,-0.036229886,0.407270998,0.354208618,0.001028102,0.411381304,0.230930239,-0.014778204,0.415821254,0.155811504,-0.027765673,0.416903734,0.089058101,-0.036728762,0.360382617,0.391113788,-0.010618407,0.362342507,0.297631532,-0.026929358,0.367671728,0.234997064,-0.033725947,0.372605711,0.173692092,-0.037660323
A,0.406542927,0.692098141,4.76E-07,0.487266809,0.635876238,-0.04034467,0.540157437,0.526138723,-0.051515169,0.549481869,0.418251902,-0.060782753,0.562634706,0.331908405,-0.067570977,0.503748596,0.353015512,0.002981152,0.520248175,0.240207583,-0.015584538,0.524930596,0.173609197,-0.036492825,0.525689006,0.11644423,-0.051873654,0.455273151,0.340713888,0.005693234,0.466767371,0.206924617,-0.007687359,0.469393313,0.124497801,-0.025582487,0.468442291,0.053269744,-0.038819239,0.410332441,0.354879737,7.40E-05,0.416452169,0.23050873,-0.017039511,0.42068249,0.154792666,-0.030874804,0.420872986,0.08736375,-0.040257826,0.363146275,0.391940922,-0.010702708,0.367943227,0.29844895,-0.028552195,0.374537677,0.23687005,-0.036529899,0.379498184,0.176255032,-0.041207183
A,0.40716508,0.69242835,4.83E-07,0.488827676,0.634106159,-0.040168107,0.54170686,0.522561491,-0.050778802,0.551074386,0.416090637,-0.059519902,0.560738266,0.330250502,-0.065935805,0.503772676,0.353260934,0.002646714,0.520415127,0.240535781,-0.016302194,0.524803638,0.17332603,-0.037767723,0.524828255,0.113691509,-0.05370117,0.456143171,0.34116295,0.004948198,0.468447983,0.207464769,-0.009417912,0.471235871,0.123078376,-0.028711757,0.469920367,0.048761278,-0.043004759,0.411388129,0.355645418,-0.000994311,0.418655932,0.231633589,-0.019134704,0.422837079,0.15500854,-0.034557596,0.42234081,0.086397588,-0.044925477,0.364389598,0.392825335,-0.011974384,0.370809197,0.299774587,-0.03051102,0.378072083,0.237796351,-0.039358534,0.383039713,0.176808044,-0.044752862
A,0.40865773,0.692942202,4.92E-07,0.489442647,0.634614289,-0.039997447,0.543266654,0.523330629,-0.050405368,0.552706659,0.418268651,-0.059063047,0.558560729,0.33247301,-0.065349236,0.50527513,0.349568278,0.003497372,0.520038426,0.2377875,-0.014884183,0.52335608,0.169486135,-0.036209431,0.52268213,0.107983559,-0.052298784,0.457075596,0.338383675,0.005343018,0.468429327,0.206093654,-0.008807095,0.471688271,0.121703565,-0.027870307,0.471463263,0.046073049,-0.042078309,0.411935538,0.354072183,-0.001187849,0.4183411,0.230863884,-0.019530168,0.422635019,0.154284298,-0.035200238,0.422679484,0.084958076,-0.045701947,0.36465919,0.392225921,-0.01283607,0.37088272,0.298733592,-0.031785544,0.377850354,0.237023368,-0.041130707,0.38291195,0.175543398,-0.046918854
A,0.409033239,0.695466399,5.52E-07,0.492350042,0.6361233,-0.044804592,0.548297048,0.521217108,-0.056804329,0.558173001,0.411541164,-0.066134915,0.564077258,0.320780396,-0.072820045,0.507265925,0.346702695,0.000321565,0.5219993,0.232636645,-0.01859715,0.523890495,0.161904201,-0.040505823,0.521582365,0.097118407,-0.057196159,0.457914859,0.335043132,0.003907355,0.471035689,0.20061639,-0.010270918,0.475445509,0.112998396,-0.02962457,0.47639513,0.034542084,-0.044157676,0.411457956,0.3512128,-0.001376725,0.418875635,0.224596575,-0.020118913,0.423810124,0.146855533,-0.036113005,0.424858779,0.07656914,-0.046745941,0.362544328,0.390364438,-0.01222613,0.368315399,0.294233054,-0.032400053,0.375423908,0.230552435,-0.042589977,0.381150007,0.167004362,-0.048742119
A,0.410307616,0.698077083,5.26E-07,0.492122978,0.637366951,-0.040561575,0.548655212,0.52130574,-0.050950233,0.560099244,0.414842755,-0.059519522,0.560369909,0.329858959,-0.06581936,0.506672084,0.34416458,0.002375984,0.51949352,0.230070055,-0.016190967,0.521850109,0.159833148,-0.038036648,0.519912541,0.095379651,-0.054574106,0.456820667,0.33310464,0.003683506,0.470201612,0.197858453,-0.010305359,0.475344211,0.11047864,-0.029246457,0.476454347,0.031402022,-0.043356869,0.410041958,0.35031563,-0.003460547,0.416982889,0.223801568,-0.021416865,0.422844291,0.145675123,-0.036809623,0.424214542,0.074983835,-0.047129892,0.361070335,0.390638471,-0.015919264,0.367129713,0.293278277,-0.034481782,0.373785913,0.230220973,-0.043081068,0.378854722,0.167654514,-0.048358399
A,0.410335422,0.699702978,5.30E-07,0.49189195,0.635673881,-0.041644316,0.545277417,0.517943442,-0.052255537,0.554331362,0.410403073,-0.060968224,0.557346404,0.32451281,-0.067199513,0.505064428,0.340800375,0.004446791,0.517348766,0.226137474,-0.013630373,0.519383848,0.156714454,-0.035584655,0.517467916,0.093376517,-0.052281413,0.45605737,0.330483645,0.006881067,0.469063818,0.19532156,-0.00644127,0.473942667,0.108882964,-0.025604239,0.475489378,0.030129552,-0.040079698,0.409741491,0.347971171,0.000522686,0.416933656,0.221293136,-0.016958026,0.421718329,0.143597633,-0.032788306,0.422324061,0.073209167,-0.043542136,0.361213744,0.388409406,-0.011284017,0.367574453,0.291368067,-0.0293392,0.373722196,0.227895126,-0.038292229,0.378145337,0.164677888,-0.043991189
A,0.408953398,0.699002922,5.48E-07,0.488865018,0.632620811,-0.045828342,0.539572477,0.519828141,-0.060193297,0.5447402,0.410143882,-0.072434373,0.550447822,0.318508565,-0.082254671,0.497410417,0.344294548,0.002051834,0.511399388,0.22851339,-0.019498944,0.513421953,0.158462077,-0.044234037,0.511183739,0.09376514,-0.062799737,0.450319946,0.333267063,0.005586918,0.464640945,0.19793193,-0.011262703,0.46931383,0.110908628,-0.033459704,0.471211135,0.02950561,-0.050296202,0.40546909,0.349154472,-0.000205822,0.413719624,0.221413523,-0.020482311,0.418743342,0.143185437,-0.037678074,0.420107871,0.071908087,-0.049286906,0.357891828,0.387707323,-0.011743391,0.365161061,0.289113313,-0.031540476,0.371768504,0.224498525,-0.041391507,0.376549512,0.160153508,-0.047800731
A,0.408600718,0.697089791,5.47E-07,0.489094973,0.632040143,-0.047263697,0.539857626,0.520780921,-0.062941752,0.544259071,0.411686182,-0.075927377,0.551753938,0.319593459,-0.086388126,0.499281526,0.343660504,-0.001358309,0.51138103,0.227763817,-0.023857189,0.5117535,0.158601344,-0.048702557,0.508749306,0.094985902,-0.067032233,0.450820982,0.33274132,0.003282325,0.463417083,0.198171064,-0.013965853,0.467220813,0.112709284,-0.035644133,0.469048411,0.033667892,-0.051749118,0.405309588,0.349425644,-0.001262982,0.41166231,0.221982881,-0.021750534,0.416279048,0.142848611,-0.038336586,0.418281287,0.069900841,-0.049401827,0.357689649,0.38943705,-0.011540239,0.363169789,0.292426527,-0.031384472,0.369922042,0.22865659,-0.04075969,0.375618875,0.164745897,-0.046518624
A,0.408457577,0.696746588,5.53E-07,0.488475025,0.631623149,-0.04686676,0.538034618,0.52060765,-0.06239967,0.542481542,0.411810309,-0.075382404,0.550852239,0.320513695,-0.085880108,0.497665226,0.343621731,-0.001137738,0.509871006,0.228059724,-0.023510164,0.5105685,0.158544108,-0.048294753,0.507701159,0.093691438,-0.06672442,0.449946821,0.332696676,0.003101414,0.462691009,0.198562324,-0.014205541,0.467110306,0.112730891,-0.035725743,0.469526112,0.032060236,-0.051760398,0.404892087,0.349491,-0.001842728,0.411296338,0.222368568,-0.022582285,0.41622439,0.143253714,-0.03908569,0.418588221,0.06974712,-0.050016519,0.357536465,0.389289528,-0.01251107,0.363133669,0.291951627,-0.032645084,0.370365024,0.228168011,-0.042043567,0.376599878,0.16415517,-0.047802065
A,0.408276647,0.697936237,5.20E-07,0.487847447,0.633765578,-0.044662055,0.537305951,0.520350218,-0.058638327,0.542580426,0.411131084,-0.07023894,0.550755501,0.320195943,-0.07935369,0.497222871,0.345927536,-0.000153843,0.509602845,0.230034947,-0.021991277,0.510391772,0.160316467,-0.046118397,0.507463098,0.096052527,-0.06400267,0.44975543,0.334192932,0.003432098,0.462553144,0.200015098,-0.013253485,0.466982394,0.113866806,-0.033947401,0.468723923,0.034240156,-0.049356975,0.405160517,0.349939495,-0.001907082,0.411586314,0.222652867,-0.02184996,0.416412115,0.143922299,-0.037608244,0.418198496,0.071089625,-0.048124436,0.35859853,0.388952971,-0.012797588,0.363358527,0.29179728,-0.032539923,0.369940132,0.228105247,-0.04161432,0.375361681,0.164469212,-0.047099635
A,0.409123659,0.698740065,5.22E-07,0.490521848,0.634356737,-0.044095233,0.540792465,0.519173443,-0.057254691,0.545819283,0.409762859,-0.068049416,0.553786993,0.319012403,-0.076360308,0.498244911,0.345990628,6.87E-05,0.510522902,0.229660168,-0.021796722,0.512075841,0.159569442,-0.045648359,0.509853721,0.095950842,-0.063219108,0.450695425,0.334529281,0.003524637,0.463767081,0.199893013,-0.013459451,0.469038993,0.113736928,-0.034122825,0.471452206,0.035362691,-0.049289249,0.406022578,0.350395262,-0.001939951,0.412897468,0.222038403,-0.02236663,0.417799443,0.142275512,-0.038682297,0.420027196,0.069313586,-0.049402598,0.359229386,0.389393389,-0.0128303,0.363520175,0.291848928,-0.033260874,0.36967957,0.227250516,-0.04313495,0.375213563,0.162817851,-0.049056124
A,0.409392983,0.697548866,5.35E-07,0.489478946,0.634024739,-0.04585826,0.538797379,0.520377636,-0.060490616,0.54426229,0.410176605,-0.072527967,0.554065943,0.318531603,-0.082113154,0.499107182,0.346826583,-0.002320247,0.511661351,0.230320469,-0.025035104,0.512773275,0.159609959,-0.049081199,0.510274649,0.095369756,-0.066740744,0.451924801,0.334990025,0.001699817,0.465502709,0.199854061,-0.016124047,0.470307589,0.113116682,-0.036829636,0.472670674,0.033434868,-0.051959675,0.407244503,0.350791425,-0.003304375,0.414263427,0.22190924,-0.024684217,0.418602169,0.141529441,-0.041095808,0.420411319,0.067930579,-0.05176029,0.360319912,0.389975399,-0.013841504,0.365173668,0.292762816,-0.035001654,0.370996326,0.228192806,-0.045069247,0.375695854,0.163683131,-0.051061977
A,0.409930766,0.697370887,4.96E-07,0.491294056,0.63632679,-0.043538526,0.544100583,0.521530986,-0.055944376,0.550712287,0.411940515,-0.06579759,0.560103059,0.321663767,-0.073497072,0.504084945,0.348767251,-0.001843813,0.51758498,0.234076828,-0.024276087,0.519868255,0.163920209,-0.048474889,0.518442929,0.099685311,-0.066398427,0.456370652,0.335268676,0.001260989,0.470980644,0.200875148,-0.016405223,0.476322442,0.11389491,-0.037394151,0.478620827,0.035147905,-0.052803177,0.411266088,0.349996507,-0.004270457,0.418676198,0.222342864,-0.025208164,0.423948318,0.141919911,-0.041546986,0.42675522,0.068053842,-0.052394573,0.363434017,0.388710827,-0.015124606,0.367927074,0.291540623,-0.035926789,0.374685407,0.227679119,-0.045402382,0.380769968,0.163809434,-0.051066048
A,0.409982651,0.699773788,5.69E-07,0.492293417,0.634473681,-0.045649897,0.542820334,0.522376359,-0.060507197,0.548855126,0.413697898,-0.072959945,0.555253506,0.321840554,-0.082954809,0.502070785,0.347119689,-0.001277514,0.515070677,0.231235296,-0.023794346,0.517640471,0.160754457,-0.048220351,0.517017603,0.095000207,-0.066256583,0.454843938,0.335116595,0.002129413,0.469177127,0.199931636,-0.015465897,0.476207465,0.112100333,-0.036630113,0.481301039,0.030688256,-0.052184217,0.409654766,0.351267636,-0.003542501,0.417610586,0.22310476,-0.02480734,0.423547924,0.141877115,-0.041689549,0.427098572,0.067877471,-0.052657701,0.362476617,0.3908436,-0.014779426,0.36855951,0.293238223,-0.035676952,0.375487387,0.228522673,-0.04556933,0.381114662,0.164474428,-0.051500924
A,0.411625564,0.700715125,5.64E-07,0.49374339,0.634729028,-0.045456231,0.542737842,0.522072315,-0.059808291,0.548749924,0.412335008,-0.07193587,0.556406319,0.320239127,-0.081597112,0.503296793,0.348883361,0.001047297,0.51744324,0.232987225,-0.020928182,0.520376801,0.162557155,-0.045050714,0.519465685,0.098197728,-0.062811822,0.456766546,0.335988939,0.004742881,0.472051948,0.200772256,-0.012090676,0.477991611,0.11329639,-0.03291155,0.481398672,0.032532156,-0.048303358,0.412062436,0.350925356,-0.000832732,0.420569003,0.22272332,-0.021213062,0.425228328,0.141537428,-0.037941486,0.427315205,0.067687809,-0.049022287,0.364602506,0.388916999,-0.01204617,0.370381445,0.291345298,-0.032273106,0.376901686,0.226396739,-0.042170431,0.382573068,0.162086323,-0.048256535
A,0.41024819,0.698642731,5.79E-07,0.489938229,0.633828402,-0.047623664,0.53791976,0.521622121,-0.063832454,0.543886244,0.413119316,-0.077387072,0.553328931,0.321005225,-0.088586591,0.502778232,0.345903754,-0.004551709,0.516576171,0.229404479,-0.028775208,0.51899904,0.157691851,-0.054251909,0.518184721,0.091105253,-0.073152713,0.455852419,0.333932906,-0.000604839,0.470260859,0.198505402,-0.020107994,0.477101296,0.111419648,-0.042412039,0.482592225,0.030766577,-0.058742255,0.410254091,0.350743771,-0.005831611,0.418185562,0.220903769,-0.028836148,0.423870534,0.13902843,-0.046774819,0.427999914,0.063710958,-0.058517128,0.362275064,0.391129702,-0.016698495,0.368348479,0.294607341,-0.039128281,0.375282437,0.229575664,-0.050355967,0.381720454,0.164085388,-0.057321455
A,0.408634484,0.699405789,5.22E-07,0.491231471,0.635153949,-0.042853471,0.53991735,0.518501699,-0.055431083,0.545691967,0.407994419,-0.065844789,0.557890475,0.317822814,-0.074028246,0.501484573,0.347367078,-0.00034223,0.515421331,0.231637284,-0.022581257,0.518484473,0.160611928,-0.046419386,0.518051147,0.095359951,-0.064189158,0.453890473,0.333891392,0.002093721,0.468677431,0.198249713,-0.015581003,0.476091504,0.111067861,-0.036036935,0.481096685,0.031675071,-0.050988846,0.408498853,0.349450469,-0.004250269,0.416371375,0.219212055,-0.025786204,0.422176361,0.137604386,-0.042338997,0.42611292,0.062272608,-0.053165141,0.36097604,0.389003038,-0.015845485,0.365783453,0.291314363,-0.037290305,0.373013318,0.226234019,-0.047485419,0.380057871,0.160960004,-0.053668063
A,0.408680618,0.699618399,5.34E-07,0.491415381,0.634674788,-0.044716969,0.540566504,0.51811862,-0.057801001,0.546688676,0.407317609,-0.068574026,0.557702422,0.316529632,-0.077002615,0.502141654,0.34671098,0.000577357,0.515595078,0.230944559,-0.021266732,0.518038273,0.159863114,-0.045308631,0.517209351,0.0945732,-0.063396007,0.454359978,0.333743364,0.003987407,0.468678564,0.198773846,-0.013327828,0.475551784,0.111952305,-0.034361821,0.480316907,0.032635003,-0.049926393,0.408860147,0.34960413,-0.001706004,0.416805863,0.220004097,-0.022934359,0.422257334,0.138774008,-0.040046956,0.425762922,0.063644737,-0.051432755,0.361148804,0.389212817,-0.012900724,0.365772873,0.291782528,-0.034274843,0.372024834,0.22625795,-0.04503005,0.378230006,0.160170034,-0.051764365
A,0.408458412,0.699736059,5.36E-07,0.491331398,0.63457036,-0.043133821,0.539844871,0.518428147,-0.056003716,0.546423495,0.408794165,-0.066878259,0.557236075,0.319199413,-0.075430945,0.502222657,0.34734726,0.001288993,0.516210556,0.231722534,-0.020624243,0.519025922,0.16030632,-0.044445589,0.518254161,0.095169932,-0.062196031,0.454378158,0.333991349,0.0039297,0.469352841,0.198820159,-0.013405079,0.476425648,0.112077564,-0.03382279,0.480983883,0.033054829,-0.048681289,0.408872008,0.349276394,-0.002373239,0.417160511,0.219447583,-0.023401955,0.422884554,0.137468725,-0.039695945,0.426306546,0.062241286,-0.050370116,0.361189604,0.388453931,-0.014055066,0.366656244,0.291229963,-0.034925468,0.373528838,0.226195112,-0.044756148,0.379943788,0.161347404,-0.050681196
A,0.407289565,0.700588286,5.39E-07,0.490225315,0.635530353,-0.044100747,0.538538098,0.518345773,-0.057181735,0.544792235,0.407873273,-0.068056785,0.556412458,0.317625761,-0.076618947,0.501162291,0.348126084,-0.000210947,0.515107334,0.232140139,-0.022416577,0.51819402,0.160807863,-0.046427347,0.517836213,0.095122665,-0.064377867,0.453998893,0.334474385,0.002876,0.468973219,0.198921084,-0.014757723,0.476367056,0.111456811,-0.035488736,0.481456637,0.031437099,-0.050687615,0.408969313,0.349683553,-0.003005923,0.41726017,0.219783947,-0.024341317,0.422987193,0.137957543,-0.041084528,0.426643878,0.062700301,-0.052095294,0.361579716,0.388742328,-0.014326696,0.366832316,0.291193724,-0.035528809,0.373686314,0.225931883,-0.045841705,0.38025254,0.160612047,-0.052184708
A,0.406454355,0.699352384,5.37E-07,0.488695711,0.635131359,-0.04437786,0.537418246,0.518781006,-0.057899199,0.543514788,0.408651441,-0.069140539,0.554997087,0.318361044,-0.07811968,0.500575364,0.347455204,-0.001455697,0.515083909,0.231428444,-0.024171758,0.51830399,0.159922183,-0.048420586,0.518088341,0.09429419,-0.066471569,0.453292191,0.334032536,0.001663449,0.468807846,0.198653221,-0.016413115,0.47621423,0.111449331,-0.037321288,0.48129797,0.031660408,-0.052628879,0.408086091,0.349324852,-0.004130792,0.416813731,0.219613656,-0.025872217,0.422542185,0.137392014,-0.042816788,0.426071137,0.061615109,-0.0539882,0.360612541,0.388293713,-0.015336915,0.366433144,0.291030049,-0.036832992,0.373487115,0.226096556,-0.047240585,0.379957885,0.161005706,-0.053653382
A,0.405239791,0.699022472,5.50E-07,0.486439526,0.634613454,-0.044409439,0.534365773,0.520411015,-0.058950081,0.540775836,0.410740823,-0.071406603,0.552540064,0.320515394,-0.081654415,0.499067128,0.34781146,-0.001821993,0.513906121,0.232078716,-0.024895644,0.517553329,0.160200328,-0.049101908,0.518007696,0.094541013,-0.067087181,0.452072591,0.334246397,0.000829782,0.467926294,0.198300123,-0.017508382,0.475615919,0.111395061,-0.038126826,0.48127988,0.03098473,-0.053188358,0.407067299,0.349537432,-0.005467891,0.415467292,0.219528675,-0.027561704,0.421303451,0.137270689,-0.044234786,0.425162762,0.06173718,-0.055153716,0.359585226,0.38865009,-0.01718316,0.364667654,0.290947735,-0.038878813,0.371801704,0.225522459,-0.049149826,0.378462136,0.160356984,-0.055455327
A,0.405089796,0.696861386,5.11E-07,0.48675856,0.632508099,-0.042186949,0.534916222,0.516964734,-0.054890588,0.53984338,0.407557875,-0.065684691,0.551068723,0.318584174,-0.074481815,0.498493582,0.347377419,-0.001449023,0.513324916,0.231355533,-0.023834595,0.517104864,0.159404695,-0.047393866,0.517862022,0.093472719,-0.065149635,0.451271951,0.333888322,0.000548073,0.466694444,0.198505476,-0.017721772,0.474252105,0.112315387,-0.038440157,0.479756236,0.032999098,-0.053664975,0.406365812,0.348801494,-0.006001489,0.414457768,0.218700871,-0.028075518,0.419635922,0.136887908,-0.044970531,0.423068643,0.061315477,-0.056123309,0.359091103,0.387473315,-0.017683884,0.363630712,0.289296836,-0.0395457,0.370259583,0.223758087,-0.050145708,0.376664907,0.158106998,-0.056737825
A,0.404937416,0.696351647,5.08E-07,0.486886293,0.632609129,-0.040693291,0.535080254,0.516972661,-0.052730024,0.539429247,0.408046812,-0.063043088,0.549736381,0.319785327,-0.071525685,0.497807354,0.34811461,-0.001564597,0.512615025,0.231663898,-0.024106795,0.516302645,0.15918982,-0.047483563,0.517019868,0.092755973,-0.065116554,0.450768024,0.334477454,-0.000416158,0.466533095,0.198914304,-0.019095747,0.474693358,0.11301142,-0.039685901,0.480637848,0.034753948,-0.05467359,0.405884713,0.349119484,-0.007613923,0.413593799,0.218723863,-0.029975455,0.418764055,0.136413187,-0.04671216,0.422117531,0.061153114,-0.057731502,0.358609438,0.38763532,-0.019789901,0.363412738,0.289649665,-0.041867707,0.370139778,0.224321708,-0.052335765,0.376303554,0.159205005,-0.058792356
A,0.404921353,0.69590354,5.13E-07,0.486864686,0.632041574,-0.040759131,0.534908473,0.516751528,-0.052852221,0.539164841,0.40816018,-0.063217036,0.549228132,0.32025522,-0.071767278,0.4978486,0.347767919,-0.001521186,0.512697697,0.231561363,-0.024148852,0.516467214,0.159108534,-0.04770238,0.517341733,0.092479736,-0.065465227,0.450757056,0.334312826,-0.000341184,0.466738343,0.199138165,-0.019124867,0.475009948,0.113210231,-0.039917566,0.481140077,0.034872025,-0.055029906,0.405883342,0.349084258,-0.007505632,0.413597196,0.21908915,-0.029878186,0.418814242,0.136547595,-0.046713065,0.422258526,0.061219007,-0.05778046,0.358663023,0.387743711,-0.019659836,0.363581359,0.289933085,-0.041632939,0.370262086,0.224695846,-0.052027386,0.376356125,0.159801394,-0.058422513
A,0.404759437,0.695463061,4.82E-07,0.486612976,0.633916378,-0.040942833,0.536494315,0.51892972,-0.052762151,0.540565908,0.4113774,-0.062589563,0.551102817,0.323453426,-0.070732988,0.499572933,0.349025786,-0.002894173,0.514961421,0.23485142,-0.025986148,0.519318759,0.164297387,-0.050230723,0.520856023,0.098453134,-0.068576112,0.452170819,0.335318148,-0.001640639,0.468075395,0.201861635,-0.020593772,0.476248354,0.117221296,-0.042008687,0.481987387,0.040221214,-0.057817146,0.407114327,0.350481629,-0.008647359,0.414843559,0.222218975,-0.031010432,0.420722812,0.139793932,-0.048245788,0.424663782,0.063414931,-0.05990722,0.359876394,0.39011094,-0.020621166,0.36501801,0.293113738,-0.042667594,0.372355878,0.227913395,-0.053163894,0.378987402,0.162198961,-0.05986185
A,0.406113118,0.692667067,5.05E-07,0.487993598,0.632876873,-0.041340824,0.537949443,0.518494189,-0.053338166,0.542057872,0.410630018,-0.063109562,0.553725362,0.323068053,-0.071152374,0.500588059,0.348796785,-0.00527859,0.5165838,0.233825445,-0.029133644,0.521555185,0.162109271,-0.053277805,0.523480594,0.096356601,-0.071130238,0.453514546,0.334775031,-0.003686113,0.469748229,0.199976474,-0.023614885,0.478028893,0.112751931,-0.044921469,0.483775705,0.034883648,-0.06009673,0.408997416,0.349275142,-0.010159005,0.416793227,0.220014572,-0.03331846,0.42271629,0.136940777,-0.050422274,0.427127987,0.061045766,-0.061393712,0.362260729,0.388463318,-0.021504445,0.366927028,0.291675746,-0.044058718,0.374164015,0.226982862,-0.054437101,0.380832106,0.162655756,-0.060515452
A,0.40519613,0.694896221,5.02E-07,0.487282455,0.635507762,-0.041302569,0.53840971,0.51908493,-0.052333027,0.543789268,0.409480631,-0.061118804,0.554591537,0.322012454,-0.067937687,0.501221061,0.349454314,-0.002165882,0.516972065,0.234428093,-0.024174383,0.52178508,0.163150385,-0.047504161,0.523248434,0.097839445,-0.064972781,0.454884648,0.334991217,-0.000160859,0.470902801,0.200133309,-0.018196097,0.479094744,0.112590402,-0.038910653,0.484363258,0.033614218,-0.05395947,0.410616755,0.348971307,-0.006432438,0.41855371,0.220232338,-0.028223932,0.4243716,0.138481319,-0.045168441,0.427753717,0.063516378,-0.056210533,0.363627493,0.386637837,-0.017683417,0.369594038,0.289744973,-0.039458625,0.376723766,0.225347802,-0.049807005,0.382627428,0.160759524,-0.05602181
A,0.405451328,0.695510626,5.33E-07,0.487713754,0.634477198,-0.042911861,0.536955118,0.519661009,-0.055494428,0.542685688,0.41038385,-0.065848477,0.5536443,0.322690964,-0.074042551,0.500780046,0.349909335,-0.002066963,0.517178059,0.234645963,-0.024198581,0.521343052,0.163993806,-0.047777832,0.521579504,0.09887284,-0.065337516,0.45487684,0.335326791,0.000660934,0.472012252,0.20022814,-0.016851904,0.48029989,0.112298876,-0.037261836,0.485764027,0.031647712,-0.052236941,0.410533279,0.349415779,-0.005178292,0.419270664,0.220446125,-0.026438205,0.424881577,0.139092505,-0.043128103,0.427769423,0.064414531,-0.054058347,0.363894701,0.38699761,-0.016222047,0.370473921,0.290498674,-0.037206508,0.377702713,0.226289809,-0.047224354,0.383625686,0.16214554,-0.053371523
A,0.405392736,0.695874393,5.50E-07,0.487028122,0.63336581,-0.044414174,0.535275817,0.521511853,-0.05853612,0.54082936,0.414233118,-0.070370331,0.549420655,0.324793905,-0.079972021,0.500165522,0.349128187,-0.003107316,0.516045332,0.234175816,-0.025992781,0.519664764,0.163127661,-0.050368689,0.519918919,0.09678635,-0.068608582,0.453894287,0.33501181,-0.000290354,0.470137745,0.200039387,-0.018320924,0.478369921,0.112672091,-0.039422117,0.484573931,0.031577289,-0.055067193,0.409088224,0.349827617,-0.006201126,0.417683572,0.221017569,-0.027867658,0.423443228,0.140047014,-0.044883784,0.42698729,0.065034866,-0.056133784,0.362308532,0.388507336,-0.017482778,0.368473172,0.292579234,-0.038732398,0.376252353,0.228227854,-0.049045485,0.383062661,0.163681105,-0.055498783
A,0.404937327,0.69638896,5.40E-07,0.485937327,0.632235527,-0.04275177,0.533150792,0.518763959,-0.056539826,0.539189517,0.412088037,-0.068348669,0.550178409,0.323938012,-0.078043416,0.498145372,0.349406898,-0.003219923,0.514583468,0.233944103,-0.026927499,0.518875062,0.162994608,-0.051613331,0.519232333,0.097142637,-0.06984736,0.45204255,0.335146666,-0.001301865,0.468883634,0.199853346,-0.02028746,0.476927549,0.112271667,-0.041496798,0.482261837,0.031556427,-0.056921732,0.407581776,0.349644303,-0.007913358,0.4167068,0.220475405,-0.029975837,0.422636092,0.13872242,-0.046673376,0.42605716,0.063381791,-0.057583448,0.360920668,0.388131917,-0.019724829,0.36743021,0.292436868,-0.040866289,0.375131994,0.227719784,-0.050659776,0.38176012,0.163087308,-0.056638539
A,0.403748006,0.694948792,5.17E-07,0.484137118,0.631291687,-0.042263091,0.5325495,0.515811682,-0.05492356,0.537768126,0.407769144,-0.065656833,0.548203349,0.320498228,-0.074378833,0.497804284,0.348248243,-0.001663012,0.513594091,0.232493192,-0.024656123,0.517810941,0.161654279,-0.049010627,0.518648505,0.09629333,-0.067208648,0.451699138,0.334776789,0.000323456,0.467877746,0.199984133,-0.018335477,0.475219399,0.113763899,-0.039729774,0.480113298,0.034853876,-0.055356868,0.407431632,0.349550068,-0.006217513,0.416537106,0.220377788,-0.028094532,0.421959877,0.138704121,-0.044917569,0.424901158,0.063589185,-0.056029547,0.360263795,0.388014942,-0.017940601,0.366998315,0.291533142,-0.039256584,0.373933673,0.227044895,-0.049251109,0.379552662,0.162394136,-0.055392485
A,0.402938545,0.693852007,5.27E-07,0.483198464,0.630660295,-0.041819256,0.53075552,0.518094122,-0.054769497,0.537206113,0.411574751,-0.065856405,0.546342015,0.323575795,-0.074997447,0.495995283,0.348056525,-0.002850851,0.512348652,0.232299164,-0.026376154,0.51672411,0.160647646,-0.050936408,0.518141747,0.094639152,-0.069182612,0.450225264,0.334522992,-0.00118426,0.466820002,0.199664995,-0.020304905,0.475157022,0.113290519,-0.041729376,0.481350273,0.034507096,-0.057309113,0.405823499,0.349158466,-0.00789998,0.414705217,0.219934717,-0.030111881,0.420494884,0.138166308,-0.047032639,0.42429468,0.063239872,-0.058089547,0.358872801,0.387626052,-0.01970581,0.364909261,0.291178823,-0.041218605,0.372045428,0.226088181,-0.051368088,0.378278881,0.161224827,-0.057530403
A,0.404411703,0.693242788,5.61E-07,0.483392268,0.628441334,-0.04157421,0.53114444,0.517694712,-0.055919223,0.542078495,0.41402638,-0.068785019,0.547108769,0.325551122,-0.079862855,0.493158996,0.346678734,-0.002638243,0.510247409,0.231580511,-0.025780585,0.515323579,0.160822198,-0.050261054,0.517391145,0.095219076,-0.068526082,0.447056174,0.333877444,-0.001863512,0.463447779,0.199045137,-0.020084299,0.47221756,0.11430186,-0.041292831,0.478818744,0.03644082,-0.057011239,0.402332753,0.349055648,-0.009450799,0.411507547,0.220692098,-0.030510897,0.417344302,0.138060182,-0.047251061,0.421053499,0.062472582,-0.05867441,0.356205702,0.388080865,-0.02218518,0.362427175,0.291601807,-0.042622209,0.369622141,0.226001263,-0.052272212,0.375890017,0.161219612,-0.058467921
A,0.403701752,0.692709327,5.30E-07,0.481043637,0.628687859,-0.040243052,0.528419375,0.516282737,-0.053629246,0.540495813,0.413336426,-0.065644383,0.547145128,0.327810735,-0.075903162,0.492734611,0.347928315,-0.002357086,0.510106504,0.234099686,-0.025879709,0.515138447,0.164172024,-0.050638359,0.516520679,0.099523008,-0.069027178,0.44663769,0.334083915,-0.002099072,0.463240057,0.200597376,-0.020813154,0.471349478,0.116164625,-0.042118151,0.476629972,0.038390607,-0.05781826,0.402088732,0.348641992,-0.010105602,0.411364853,0.221167654,-0.031360827,0.417491436,0.138821393,-0.048141859,0.421158731,0.06276989,-0.059670161,0.356058002,0.386938244,-0.023175076,0.362751007,0.290866792,-0.043516994,0.369350493,0.225902766,-0.052941248,0.375057846,0.161416262,-0.059066489
A,0.403817177,0.690369248,5.40E-07,0.481674969,0.628118515,-0.040538814,0.52830869,0.515468359,-0.05370906,0.539721608,0.411950648,-0.065416068,0.547157526,0.328326225,-0.075435936,0.491865724,0.347296774,-0.003485175,0.509473801,0.23396349,-0.027200133,0.514909804,0.163551673,-0.051886987,0.517011642,0.098855764,-0.070247181,0.445944101,0.333485574,-0.002998649,0.462193668,0.199445695,-0.021957967,0.470281005,0.114004731,-0.043322384,0.475981921,0.035512894,-0.059031334,0.401517689,0.348315686,-0.010681425,0.410058081,0.220564127,-0.032412801,0.415820748,0.138540953,-0.049398832,0.419525415,0.0632267,-0.060967043,0.355636537,0.387217343,-0.023401838,0.361898422,0.292643428,-0.044333871,0.368837506,0.228187889,-0.054209601,0.375032544,0.164071545,-0.060590733
A,0.403048813,0.689854622,5.41E-07,0.481622398,0.627616942,-0.039163589,0.528657913,0.514989018,-0.052327093,0.540498137,0.412323534,-0.06427896,0.549413085,0.330324113,-0.074661672,0.49162212,0.348093033,-0.003397926,0.510369778,0.235302851,-0.027700201,0.516135812,0.165397301,-0.052822996,0.517758131,0.102158606,-0.071180999,0.445744812,0.333745778,-0.003632006,0.462939024,0.198310241,-0.02265944,0.471185118,0.112333924,-0.043853473,0.476089746,0.03393808,-0.059247851,0.401521683,0.348214567,-0.01186673,0.410271585,0.22020939,-0.033206403,0.415951282,0.138520896,-0.04955842,0.418646336,0.063955963,-0.060638983,0.355795562,0.386938959,-0.025035337,0.362358779,0.292135686,-0.04519999,0.36937657,0.227520734,-0.054166485,0.375079691,0.163367853,-0.059867546
A,0.399998903,0.690336704,5.45E-07,0.476866931,0.626535058,-0.040202156,0.523901522,0.513331711,-0.053946331,0.537758708,0.409550071,-0.06648957,0.545903683,0.323866963,-0.077312991,0.490207285,0.34485507,-0.001655234,0.507305324,0.231402665,-0.025399515,0.512403667,0.161288247,-0.05034348,0.513782561,0.097108841,-0.068840705,0.44432494,0.331398368,-0.001497824,0.46167928,0.197082415,-0.020268522,0.471019685,0.11298123,-0.041433379,0.477955937,0.035573304,-0.056843873,0.399814844,0.346306622,-0.009693877,0.409870505,0.217715323,-0.031092599,0.416059613,0.135048747,-0.047578111,0.419748425,0.059565902,-0.058736637,0.353693783,0.385491073,-0.022981107,0.361278594,0.289232552,-0.043450247,0.367134988,0.224180683,-0.052778505,0.371330619,0.159818813,-0.058707338
A,0.396967828,0.691537619,5.36E-07,0.475510657,0.625205636,-0.037581272,0.522281289,0.509778738,-0.05008059,0.537182212,0.406090796,-0.062103625,0.545505226,0.321829736,-0.072647586,0.488833994,0.343553156,0.002627002,0.506020546,0.23231405,-0.019857226,0.51247561,0.163281053,-0.044244457,0.515380383,0.100575894,-0.062730707,0.442694038,0.330484211,0.001647175,0.46149227,0.19872579,-0.016124811,0.473715156,0.119898826,-0.036308173,0.484309435,0.047678053,-0.051134158,0.39744401,0.34556672,-0.007781956,0.407434046,0.216321364,-0.028689627,0.413853616,0.133183092,-0.044647094,0.418987155,0.056897312,-0.05573139,0.35060516,0.385194898,-0.02215145,0.356532454,0.288338572,-0.042255111,0.361862957,0.22211957,-0.051500883,0.366840303,0.1560435,-0.057723891
A,0.394606829,0.691090465,5.37E-07,0.473267496,0.623120248,-0.036738027,0.52023679,0.507781565,-0.049074259,0.534552336,0.405027956,-0.061149277,0.544110596,0.32215479,-0.071815841,0.486333758,0.342694908,0.003056505,0.503455043,0.231101438,-0.018980516,0.509950757,0.161644846,-0.042875875,0.513123035,0.098756462,-0.061217833,0.439628482,0.330674261,0.001497462,0.457765341,0.198593974,-0.016303662,0.470468074,0.121020734,-0.036435843,0.481844068,0.050237805,-0.051286291,0.394135982,0.34673658,-0.008400419,0.403673112,0.216949388,-0.029718854,0.410282969,0.133449465,-0.046080377,0.415889233,0.056824684,-0.057503458,0.34722662,0.38708955,-0.023072273,0.352230728,0.289885283,-0.043807525,0.357555002,0.222602814,-0.053705409,0.363095552,0.155086711,-0.060469657
A,0.391807675,0.688190341,5.09E-07,0.470245034,0.621980965,-0.035449777,0.517035007,0.506122649,-0.046499602,0.530477226,0.403305411,-0.05733899,0.541954935,0.321403801,-0.066750281,0.483140975,0.342416704,0.003268801,0.500810981,0.23192507,-0.018448781,0.508293271,0.162899897,-0.041852277,0.512611866,0.100333452,-0.060052611,0.436462402,0.329300821,0.001449631,0.454146773,0.199713424,-0.016498204,0.46810469,0.125342607,-0.036197133,0.480947226,0.058024913,-0.050833099,0.390928626,0.344162703,-0.008595715,0.399534464,0.214878023,-0.030406525,0.405924112,0.131879061,-0.046947945,0.412107825,0.055179894,-0.058562387,0.34416005,0.383391887,-0.023233404,0.347891301,0.286244333,-0.044745184,0.352878869,0.219037116,-0.055425201,0.358747929,0.15075013,-0.06279128
A,0.387428999,0.684577823,5.17E-07,0.463266879,0.61700362,-0.035459332,0.509246111,0.500158846,-0.046470996,0.519404352,0.398337364,-0.057039548,0.530625641,0.316964507,-0.066150323,0.476127356,0.335564494,0.002285737,0.492668927,0.224555567,-0.018790158,0.499937505,0.156207249,-0.042330801,0.504428864,0.091879517,-0.060856011,0.429245442,0.32430464,0.000337651,0.444960207,0.195201576,-0.017550765,0.457225621,0.119135916,-0.038760033,0.468350321,0.049607933,-0.054675445,0.383984566,0.340474308,-0.009457303,0.391432405,0.212919682,-0.031030776,0.397842556,0.131219834,-0.048291091,0.403740346,0.056284368,-0.060184397,0.337625146,0.380205184,-0.02374188,0.341959536,0.280346096,-0.044588644,0.346832216,0.213287771,-0.054782633,0.352118909,0.14628993,-0.061625738
A,0.386722326,0.68313241,5.21E-07,0.46363306,0.619214118,-0.037056264,0.509692252,0.501474738,-0.048259117,0.52171582,0.397989631,-0.058682572,0.536188364,0.318974763,-0.067685537,0.474804223,0.34039557,0.001275502,0.491250008,0.231265113,-0.020327117,0.497731596,0.162448958,-0.043788213,0.501392484,0.098078519,-0.062480424,0.427246243,0.326667428,0.000373643,0.444252431,0.197022066,-0.018216757,0.459183455,0.122353256,-0.038347915,0.472758442,0.054134607,-0.053269062,0.381520569,0.341790557,-0.008725629,0.387973756,0.212641373,-0.031787951,0.394112468,0.130636752,-0.048992179,0.399509847,0.055066675,-0.060738437,0.335514039,0.381054074,-0.022466065,0.340040773,0.283742279,-0.04493539,0.345028758,0.217682257,-0.056150783,0.349954993,0.150412112,-0.06384071
A,0.38606143,0.680401564,5.14E-07,0.462858915,0.617128015,-0.037537199,0.509650409,0.499793321,-0.048637874,0.520445108,0.396022171,-0.058625933,0.53312552,0.316888779,-0.067028202,0.474417388,0.33906734,0.000371524,0.491249889,0.229158953,-0.020786962,0.497228086,0.160046458,-0.043623962,0.500236988,0.095459908,-0.061768785,0.426756948,0.325955212,0.000129128,0.443348587,0.196986139,-0.018073354,0.456481636,0.122770846,-0.037658945,0.468108803,0.055566669,-0.0520548,0.381374985,0.341006905,-0.008197243,0.38793546,0.212925702,-0.030629177,0.393427581,0.1312868,-0.047100507,0.398088902,0.056496263,-0.058238763,0.335796356,0.379861295,-0.021187114,0.340483397,0.282728791,-0.042962883,0.345569909,0.217169106,-0.053470671,0.350714803,0.150755614,-0.060474053
A,0.385428309,0.680737138,5.04E-07,0.463440686,0.61642766,-0.035672307,0.509529471,0.497575551,-0.045499351,0.519778132,0.393689901,-0.054506827,0.531966984,0.314712286,-0.061996929,0.473544866,0.34074229,0.001762804,0.490997076,0.231043234,-0.018921966,0.497391045,0.161746472,-0.041372422,0.500720263,0.09697333,-0.059299909,0.42623654,0.327178478,0.000776953,0.443099439,0.198558941,-0.017180601,0.456552804,0.124053955,-0.036646221,0.468277007,0.056341022,-0.050978169,0.380903542,0.341564596,-0.008124384,0.387866676,0.213735253,-0.030507281,0.393471718,0.131850541,-0.047004104,0.39799127,0.056773335,-0.058151372,0.335312843,0.379656643,-0.02149016,0.340011567,0.282660842,-0.043384116,0.344779581,0.216829598,-0.053942814,0.349283099,0.150324509,-0.060966548
A,0.385840178,0.679892838,5.11E-07,0.463902414,0.615897298,-0.035479274,0.509402931,0.496330947,-0.04519739,0.519375324,0.392501712,-0.054062806,0.532708466,0.314528167,-0.061401226,0.473276526,0.339448869,0.001187232,0.490773112,0.229146302,-0.019696243,0.496558458,0.159510031,-0.042034496,0.498864591,0.094961971,-0.059755452,0.425906003,0.326206088,0.000114391,0.443110049,0.196646869,-0.018162061,0.456309944,0.121299922,-0.037492476,0.467523336,0.053342849,-0.051506173,0.380796283,0.340905756,-0.008813273,0.388106883,0.212271884,-0.031490456,0.393938333,0.130848557,-0.04783126,0.398563981,0.056965023,-0.058636762,0.335597336,0.379070073,-0.022150354,0.340667129,0.282122791,-0.044225063,0.345852196,0.216619432,-0.054651588,0.350974858,0.150799766,-0.061399978
A,0.386298418,0.681550264,5.17E-07,0.463890672,0.616325259,-0.035196993,0.508825421,0.495867699,-0.045022268,0.519195378,0.391456068,-0.054348037,0.534270287,0.315331101,-0.062109593,0.474158853,0.340494335,0.003813481,0.491396278,0.230699867,-0.016549712,0.497598737,0.161018252,-0.038575809,0.500189781,0.096936941,-0.056019213,0.427291691,0.327171147,0.002764562,0.445738822,0.198688701,-0.014676448,0.459384978,0.124422193,-0.032946739,0.47109282,0.057337224,-0.046037108,0.382213086,0.340894818,-0.00639181,0.390052676,0.212452963,-0.028192883,0.396280259,0.130957782,-0.043368004,0.40110904,0.056985229,-0.053382352,0.336263537,0.378232926,-0.020141814,0.342019528,0.28142342,-0.041365143,0.34737426,0.216628909,-0.050834984,0.352377772,0.15190126,-0.056876972
A,0.386542529,0.680696011,5.11E-07,0.464228243,0.616636992,-0.035846602,0.510331213,0.498104841,-0.045861568,0.521160424,0.394149214,-0.055177435,0.53556335,0.317262918,-0.063011393,0.474547029,0.340784788,0.002711468,0.491931319,0.230958834,-0.017776731,0.497514576,0.161573187,-0.040192027,0.499418616,0.097032636,-0.057974596,0.427680433,0.327662408,0.001905779,0.44550404,0.19864811,-0.015790267,0.457865655,0.12343806,-0.035029404,0.467989534,0.05528453,-0.048960034,0.382882506,0.341851532,-0.006876327,0.390465975,0.213816121,-0.0288767,0.395968854,0.132525861,-0.044686113,0.399959832,0.058630556,-0.055136751,0.33742404,0.37940976,-0.020233346,0.342895716,0.28226763,-0.041517124,0.348386228,0.217397347,-0.051143531,0.353687614,0.152631715,-0.057298988
A,0.386841714,0.679932892,5.09E-07,0.464570105,0.615248799,-0.036516964,0.510614276,0.497127891,-0.046692178,0.51969564,0.392977327,-0.055971835,0.531941116,0.314302355,-0.063555233,0.474968761,0.340254545,0.002658485,0.492075801,0.2302472,-0.017500792,0.497434556,0.161009282,-0.039654285,0.499549776,0.096468419,-0.05735581,0.427884072,0.327048302,0.002287958,0.445155948,0.19906956,-0.015156992,0.458025873,0.124839276,-0.034427512,0.469172239,0.057172358,-0.048560675,0.382905215,0.340955883,-0.006152455,0.390578508,0.213312373,-0.028103044,0.396286845,0.132074326,-0.0443312,0.40070045,0.057827532,-0.055211142,0.337615341,0.378184319,-0.019191749,0.342950523,0.281348974,-0.040686898,0.347845078,0.216274783,-0.050955459,0.352304637,0.150904536,-0.057675354
A,0.386566699,0.679802895,5.15E-07,0.464051247,0.615573347,-0.035912484,0.510288298,0.49679929,-0.046266798,0.52022934,0.392767578,-0.055990703,0.533677936,0.316852033,-0.064102218,0.474582702,0.339294076,0.002871029,0.492124379,0.229208305,-0.017553957,0.497614145,0.160150096,-0.039829597,0.499381304,0.096494168,-0.057495996,0.427808434,0.326366305,0.00204301,0.446032673,0.198962525,-0.015517082,0.459405184,0.125628829,-0.034486212,0.470633388,0.059028417,-0.048243515,0.382958353,0.340497881,-0.006840928,0.39120543,0.212909386,-0.028726149,0.397069931,0.13135767,-0.044547588,0.401360869,0.057105571,-0.05507765,0.337359011,0.378163129,-0.020318808,0.343147516,0.281020582,-0.041624125,0.347937375,0.215755627,-0.051518291,0.352021813,0.150489464,-0.057900839
A,0.386750937,0.67998302,5.07E-07,0.463682294,0.615912855,-0.035616066,0.509916246,0.497269869,-0.045570198,0.519888043,0.393350393,-0.054819945,0.533482969,0.31815961,-0.06243879,0.474867404,0.339613229,0.003010278,0.492146701,0.23045963,-0.017104082,0.497711509,0.161891803,-0.039247047,0.499667704,0.09835133,-0.056853138,0.427931637,0.326098561,0.00225963,0.445832223,0.199066415,-0.014943634,0.459310561,0.125391841,-0.033714071,0.470840037,0.058182329,-0.047371469,0.382953107,0.339831084,-0.006470823,0.39088881,0.212414756,-0.028027119,0.39683041,0.131268978,-0.043751683,0.401427388,0.056918561,-0.054271542,0.337371886,0.377126038,-0.019769078,0.342254788,0.28052038,-0.040787604,0.346804649,0.215629295,-0.050560709,0.351001501,0.15037407,-0.056900911
A,0.384770006,0.678097725,4.85E-07,0.460270762,0.615169406,-0.035485573,0.506440163,0.49995634,-0.044981573,0.515363455,0.39819333,-0.053442612,0.524074614,0.318138033,-0.060123947,0.470904887,0.335520715,0.001882694,0.487173945,0.225576565,-0.017664181,0.492520869,0.156704098,-0.039759945,0.495048225,0.09164986,-0.057501655,0.423888445,0.322898448,0.00109412,0.438727587,0.195975244,-0.015318973,0.449897438,0.120981872,-0.034986358,0.45957002,0.052898884,-0.04995124,0.379172832,0.337530404,-0.007370054,0.386098444,0.212994859,-0.027639134,0.391946256,0.133461803,-0.044105314,0.396659493,0.059873998,-0.055738978,0.334500968,0.375709206,-0.02033999,0.338427544,0.280136853,-0.040800948,0.343118906,0.215225071,-0.051179282,0.347959697,0.149109617,-0.058237109
A,0.38284111,0.677613497,4.82E-07,0.46061945,0.614425123,-0.035288017,0.507710516,0.498276532,-0.044586509,0.514345288,0.395872831,-0.05263197,0.522538781,0.316462725,-0.059092402,0.469015181,0.33877641,-0.000575827,0.484910846,0.228938609,-0.021141343,0.490556419,0.161275595,-0.043632258,0.493812114,0.096450508,-0.06174982,0.422289342,0.325527579,-0.001520277,0.438760877,0.197135463,-0.0194191,0.45221737,0.122184426,-0.039648127,0.464045703,0.054114759,-0.054932449,0.377415061,0.34041214,-0.009978133,0.383885384,0.212821901,-0.032206107,0.389520735,0.133065641,-0.049759574,0.394210339,0.0590837,-0.061912928,0.332510948,0.379258722,-0.022709973,0.33645317,0.283313751,-0.044859186,0.341304868,0.219012365,-0.056354221,0.346013576,0.153106272,-0.064215228
A,0.382553786,0.675651073,5.06E-07,0.460531384,0.613216758,-0.038604863,0.507796943,0.501832485,-0.050254636,0.514159024,0.400910825,-0.060214899,0.518283367,0.317410529,-0.06847512,0.469163567,0.338516951,-0.003161405,0.485102087,0.230049893,-0.024651188,0.490383685,0.162097141,-0.04790581,0.49334687,0.096532971,-0.066612042,0.422383189,0.3249515,-0.002849115,0.43826434,0.198552221,-0.021474004,0.452003181,0.125249386,-0.042127959,0.464808702,0.058030128,-0.057884663,0.377039373,0.339376092,-0.01037454,0.383585572,0.213405028,-0.033301532,0.38876617,0.133666635,-0.051195581,0.393682659,0.059161603,-0.063648388,0.331930965,0.378134996,-0.022457715,0.335856259,0.282736868,-0.045250848,0.340500653,0.218325287,-0.05727331,0.344971746,0.152120516,-0.065556563
A,0.382591814,0.67425257,5.23E-07,0.458437771,0.612823606,-0.039091785,0.504729152,0.503057778,-0.050730661,0.510706484,0.402268171,-0.060691994,0.513754368,0.317495406,-0.068737946,0.468104005,0.334994197,-0.000871314,0.484127223,0.226244465,-0.021357216,0.488753021,0.157683492,-0.04413921,0.490490556,0.092549682,-0.062195662,0.420781344,0.321176589,-0.000328495,0.435267061,0.194216669,-0.017167473,0.446012795,0.119148582,-0.037262198,0.455637813,0.050920099,-0.052531552,0.375488281,0.335235208,-0.007762628,0.381908476,0.211717442,-0.0284555,0.387366682,0.133069336,-0.045248952,0.392350227,0.059892982,-0.056961663,0.330266595,0.373400092,-0.019948099,0.334078878,0.278167844,-0.040626381,0.339750886,0.214119971,-0.051069777,0.346087605,0.148892,-0.058079757
A,0.378546774,0.677019835,5.01E-07,0.454285055,0.612715721,-0.036033537,0.499666363,0.498071402,-0.04603184,0.507815778,0.396395475,-0.054898202,0.51388377,0.312714756,-0.061920993,0.464381725,0.33543551,0.001623219,0.479963332,0.225544944,-0.01848338,0.484472513,0.157480299,-0.040966518,0.485824496,0.093901843,-0.058625482,0.416982442,0.322029769,0.000942636,0.431625038,0.193493724,-0.015415801,0.44272998,0.116749048,-0.034950107,0.451858103,0.047936589,-0.049675416,0.371591479,0.336676896,-0.007560432,0.377941996,0.212433621,-0.027749112,0.383952767,0.133831918,-0.044088364,0.38844502,0.061163545,-0.055477649,0.326505482,0.375579,-0.020573502,0.330492795,0.281489849,-0.04076723,0.335450351,0.218011126,-0.050605927,0.340063751,0.153459057,-0.057190437
A,0.374019176,0.676947117,5.11E-07,0.449059188,0.611224353,-0.037277769,0.493409544,0.495581537,-0.047729578,0.499917567,0.396031916,-0.057114173,0.50591892,0.313740283,-0.064713284,0.457129329,0.331408441,0.002260179,0.471468449,0.222672418,-0.017590389,0.476173341,0.154982671,-0.040694013,0.478793353,0.08947444,-0.059345733,0.409860939,0.319380313,0.001498635,0.423187166,0.191867396,-0.014857567,0.434004039,0.115300089,-0.035561871,0.444060087,0.044430524,-0.051722582,0.364573568,0.335730046,-0.007327648,0.369496882,0.211724594,-0.027881308,0.375109911,0.134005189,-0.044966653,0.379856199,0.061377168,-0.057132937,0.319041789,0.376297057,-0.020889528,0.323162705,0.279814869,-0.041186776,0.328211755,0.21587263,-0.05145343,0.332707465,0.150502771,-0.058765937
A,0.373777509,0.67526865,4.99E-07,0.449110359,0.607484281,-0.037690043,0.493804455,0.495890737,-0.048823204,0.499961376,0.396332443,-0.058899019,0.501309395,0.311424226,-0.067302778,0.456061125,0.332703948,0.002438505,0.469631016,0.225783482,-0.017715579,0.473929733,0.159056768,-0.041215867,0.475855529,0.093774438,-0.060178448,0.408161819,0.31975776,0.002219405,0.421523482,0.195806384,-0.014351926,0.433038473,0.124108881,-0.034740176,0.443930417,0.057545006,-0.050563592,0.362072229,0.334934384,-0.006118203,0.367305249,0.21147801,-0.026335323,0.371813685,0.132262617,-0.0427774,0.375995964,0.05733031,-0.054675974,0.316479325,0.374986619,-0.019284004,0.319498599,0.279013902,-0.039115898,0.324074566,0.214349285,-0.04880349,0.329006493,0.148481399,-0.055716339
A,0.373163342,0.671746254,5.17E-07,0.448293716,0.607260525,-0.037425119,0.494532466,0.493272692,-0.047428008,0.50152421,0.393885076,-0.055952303,0.500352681,0.311516166,-0.062635295,0.456364304,0.329396933,0.001545183,0.469853729,0.222175851,-0.01740944,0.473277181,0.15557377,-0.039653096,0.474188715,0.091065735,-0.057581998,0.408332735,0.316844583,0.001556909,0.421630502,0.190613776,-0.014168111,0.43235603,0.116143584,-0.033805445,0.441815853,0.048765481,-0.04878372,0.362257451,0.332708061,-0.006339574,0.366387606,0.209185719,-0.026279956,0.370594025,0.130063534,-0.042829767,0.374603748,0.056500882,-0.054355532,0.316608131,0.372374654,-0.018900009,0.319080532,0.275381237,-0.038639124,0.323273599,0.211086452,-0.048258223,0.328314245,0.145884857,-0.054811407
A,0.373805523,0.670927763,5.07E-07,0.449156106,0.606895566,-0.037248198,0.49448666,0.494831562,-0.047905859,0.502810121,0.395581275,-0.057210542,0.504806161,0.313813239,-0.065047354,0.456356078,0.333240211,-0.000597589,0.469902575,0.225751892,-0.021288637,0.474029005,0.158784151,-0.044529028,0.475726604,0.093539089,-0.06307853,0.409147173,0.319784701,-0.001011457,0.423128277,0.191684142,-0.018451884,0.43414256,0.116002917,-0.039137594,0.443696767,0.046884447,-0.054911062,0.363242656,0.335175574,-0.009224173,0.367429793,0.210762739,-0.030639721,0.371290058,0.130385697,-0.048370749,0.374298453,0.056259066,-0.060826734,0.317441791,0.374420613,-0.021986345,0.320882618,0.278300971,-0.042701833,0.324729383,0.213720024,-0.053137042,0.328467965,0.148751721,-0.060505446
A,0.375165075,0.671975017,4.93E-07,0.451681584,0.606479883,-0.03551849,0.496393025,0.493250281,-0.044963744,0.503762543,0.393593192,-0.053363189,0.50663048,0.312697619,-0.060252752,0.456831485,0.333457351,0.001936843,0.470624119,0.225631535,-0.017686365,0.474874645,0.158751234,-0.040232114,0.476611227,0.094019949,-0.058419485,0.409253955,0.320057273,0.001193554,0.42234537,0.19327727,-0.015299373,0.433738083,0.119488806,-0.035155959,0.443742216,0.052900851,-0.050326355,0.363446862,0.335061044,-0.007252905,0.367439926,0.210672617,-0.027723426,0.371881306,0.131061077,-0.044484299,0.375600308,0.057254404,-0.056364283,0.317883879,0.374087572,-0.020157313,0.320396841,0.278528064,-0.040396724,0.324851185,0.214342773,-0.050366763,0.32970053,0.149759501,-0.057316884
A,0.376723588,0.670795202,5.12E-07,0.4528521,0.608454704,-0.036482412,0.497967303,0.49373728,-0.045643426,0.506034255,0.394822359,-0.053266849,0.509016871,0.313537508,-0.059263337,0.457503378,0.333274066,-0.000799756,0.471677601,0.225151882,-0.021102291,0.476344913,0.157663479,-0.043790579,0.478573143,0.091837019,-0.061823394,0.410624355,0.319491923,-0.001481156,0.424158841,0.18935743,-0.018836327,0.434114635,0.108554512,-0.039588153,0.442212105,0.035258651,-0.055320788,0.365464628,0.334639072,-0.009753184,0.369447529,0.209961593,-0.031115355,0.374021679,0.130663693,-0.048675954,0.378037065,0.057629257,-0.060713619,0.320271581,0.373145401,-0.022492569,0.322908998,0.276696473,-0.043417811,0.327153265,0.212408856,-0.053717837,0.332061589,0.147680491,-0.060697615
A,0.377856284,0.673791528,4.95E-07,0.452986926,0.609409094,-0.034655437,0.498434782,0.496690154,-0.043562356,0.505747676,0.399906248,-0.051337976,0.509071052,0.318332613,-0.057475097,0.461428821,0.332889497,0.002161598,0.476111233,0.22449322,-0.017164925,0.481627345,0.158550248,-0.039404519,0.484193087,0.094435006,-0.057078578,0.414076,0.319717348,0.000735414,0.428164691,0.189521581,-0.01540044,0.43875739,0.110322475,-0.035659373,0.447008461,0.039266378,-0.051084299,0.368387222,0.335674047,-0.00824221,0.372722477,0.210766941,-0.028215995,0.377803117,0.131917775,-0.045400508,0.381727725,0.059197813,-0.057457678,0.322540522,0.37575224,-0.021563577,0.325167954,0.279849768,-0.041459277,0.3291834,0.215426251,-0.051197723,0.333829165,0.150288895,-0.057873841
A,0.376395792,0.67321229,4.98E-07,0.451526374,0.608546019,-0.036802635,0.498268753,0.496997356,-0.047190886,0.506525815,0.399298042,-0.056336597,0.507564187,0.317157358,-0.063899331,0.462352276,0.333798975,0.00042316,0.477078021,0.226766199,-0.020502388,0.482032597,0.160495788,-0.043846626,0.484136254,0.096437395,-0.062066894,0.414920866,0.319476545,-0.000210609,0.430386215,0.190327615,-0.017312387,0.44080168,0.112485319,-0.037714206,0.449304163,0.04142344,-0.053112458,0.369083762,0.334188461,-0.008698245,0.373848051,0.209765539,-0.029224247,0.378078848,0.131134212,-0.046008486,0.381365091,0.058397353,-0.057727356,0.323079139,0.373215586,-0.021840304,0.326239675,0.27767539,-0.041618042,0.330381364,0.214105919,-0.051043652,0.334917426,0.149498448,-0.057544935
A,0.374585092,0.672617316,4.81E-07,0.450313628,0.60695821,-0.036448907,0.496926218,0.496091545,-0.047126632,0.503969669,0.396922261,-0.05664001,0.507005274,0.313002467,-0.064473286,0.460530341,0.333407253,0.000362335,0.475168675,0.225617304,-0.02056607,0.47971049,0.15901041,-0.043577459,0.481940001,0.095435441,-0.061609041,0.412734032,0.319468349,-0.000208175,0.427033097,0.192761227,-0.017624564,0.438228548,0.11734879,-0.03773604,0.448298514,0.048575908,-0.05287575,0.366974473,0.333835006,-0.008578263,0.372329205,0.208509564,-0.029619917,0.377271354,0.130043358,-0.046055898,0.381643772,0.057224929,-0.057473648,0.321627498,0.37280786,-0.021487162,0.324347615,0.277451396,-0.042017989,0.328676462,0.213365719,-0.051854078,0.333352804,0.148115396,-0.058488138
A,0.374649525,0.671689749,5.01E-07,0.451166898,0.606544375,-0.036844403,0.497947603,0.494995117,-0.047043197,0.503857017,0.396217644,-0.055822611,0.503538966,0.312574714,-0.062901102,0.459362268,0.332552761,0.000192077,0.473567814,0.225854322,-0.020291986,0.478088558,0.159402817,-0.043376774,0.480398953,0.095125705,-0.061654191,0.411406457,0.318800241,-0.000268134,0.42507717,0.191504136,-0.017266188,0.436482996,0.115375519,-0.037684791,0.446721077,0.046224594,-0.053249326,0.365393162,0.333932132,-0.008492949,0.370578974,0.209159687,-0.029593047,0.375284582,0.130800039,-0.046620097,0.379259735,0.0582937,-0.058422938,0.319726527,0.373696625,-0.02122549,0.322897792,0.278194427,-0.042087488,0.32750541,0.214641631,-0.052289825,0.332059324,0.150028005,-0.059189036
A,0.371644616,0.672183752,4.98E-07,0.446492553,0.606161833,-0.037290487,0.492624134,0.493841738,-0.04783297,0.500028789,0.394125909,-0.057121921,0.50342828,0.311477274,-0.064702131,0.455734611,0.331721663,0.001426198,0.470677644,0.22230038,-0.019033425,0.474968344,0.155044645,-0.042488337,0.476728946,0.091017097,-0.060991812,0.407584816,0.319513321,0.001092515,0.419717699,0.191737935,-0.015939588,0.429460227,0.115838498,-0.037047192,0.438099772,0.047604591,-0.053131819,0.361901015,0.335555375,-0.007167385,0.366201192,0.21188353,-0.027810412,0.371434033,0.133129776,-0.045194987,0.375527292,0.060408831,-0.057401732,0.316582382,0.375510842,-0.020074338,0.320319504,0.279578388,-0.040368248,0.324294448,0.214661434,-0.050738931,0.327808261,0.148750275,-0.05789889
A,0.370399714,0.670614064,4.85E-07,0.447488904,0.605292678,-0.036129694,0.494240612,0.491719604,-0.045258172,0.499616057,0.392851382,-0.053061493,0.501890719,0.311240196,-0.059294175,0.455923826,0.332026154,0.001464222,0.470800877,0.226331264,-0.017920522,0.475594312,0.160365999,-0.040335093,0.477932096,0.096953958,-0.058583181,0.407369852,0.318945706,0.000859954,0.420622408,0.1932493,-0.015928091,0.433090687,0.120832384,-0.036120016,0.444411844,0.055802524,-0.051564597,0.3609083,0.33483395,-0.007513652,0.365486771,0.209380046,-0.028978651,0.370016903,0.129869461,-0.046577465,0.374237508,0.05560416,-0.058922764,0.314937145,0.375433892,-0.020263594,0.317432821,0.27985096,-0.041680772,0.321674883,0.215186208,-0.052665636,0.326588035,0.148589805,-0.06034952
A,0.370511889,0.66980505,5.06E-07,0.447225749,0.603735685,-0.036758512,0.493345469,0.49056837,-0.046496652,0.498087913,0.390400797,-0.054851972,0.50184226,0.307623804,-0.061512653,0.454096287,0.331177413,0.001083636,0.469778508,0.223562464,-0.01832247,0.474626422,0.156746015,-0.040513463,0.477200091,0.092784137,-0.058457617,0.405693024,0.318989664,0.000792818,0.419143468,0.192340016,-0.015610971,0.430955827,0.118997663,-0.035438821,0.441627383,0.053334177,-0.050598867,0.359876603,0.335121632,-0.007302923,0.364474416,0.209828511,-0.028197581,0.369287461,0.130306989,-0.045140613,0.37381801,0.056300938,-0.057040039,0.314647883,0.375760376,-0.019882979,0.316862553,0.280137032,-0.040867668,0.321428776,0.215078503,-0.051468164,0.326754153,0.148464262,-0.058770906
A,0.369635761,0.669363141,4.85E-07,0.446596324,0.604635715,-0.035419781,0.492341429,0.488348067,-0.043981284,0.497333348,0.386657476,-0.051148359,0.503974855,0.307172686,-0.056730475,0.453706771,0.332264364,-0.000184176,0.469076753,0.223232612,-0.019702516,0.473477483,0.155227765,-0.041430961,0.475540727,0.090056837,-0.059070423,0.405813664,0.319496155,-0.000738373,0.420128077,0.192170307,-0.017633015,0.431668788,0.116627663,-0.037088867,0.441693544,0.048714578,-0.051835567,0.360267401,0.334933937,-0.008761019,0.365066648,0.208489701,-0.03016543,0.369837612,0.128719181,-0.046906993,0.373955905,0.055177063,-0.058473278,0.31476295,0.374618411,-0.021078926,0.317121953,0.278428733,-0.042639364,0.321432531,0.213929296,-0.053237721,0.326122522,0.148466885,-0.060342349
A,0.370344102,0.670877934,5.07E-07,0.446801275,0.605740488,-0.034842104,0.49119246,0.488329768,-0.043049499,0.496253788,0.388032943,-0.050091483,0.505357563,0.308454514,-0.055559736,0.453426152,0.334195942,0.001191068,0.469692796,0.226383969,-0.019347137,0.476228923,0.158562377,-0.041978657,0.480468184,0.093094617,-0.059909541,0.406593382,0.320223033,-0.000112732,0.42145291,0.190078229,-0.018037155,0.432532847,0.108354896,-0.038623121,0.441774368,0.034666061,-0.053939108,0.361899137,0.334982067,-0.008996146,0.366550028,0.209358722,-0.031274244,0.371074349,0.129691809,-0.048418116,0.374935687,0.05721873,-0.059792209,0.316747844,0.373763531,-0.022156596,0.319919646,0.277846038,-0.043716088,0.324057579,0.213511854,-0.053838871,0.328143954,0.148868755,-0.060446966
A,0.370571405,0.670917749,5.16E-07,0.446675122,0.60570395,-0.037462611,0.49248004,0.490307301,-0.047116116,0.497671366,0.390258074,-0.055391692,0.504319012,0.309077948,-0.06191209,0.456621557,0.332554728,0.00153876,0.471346825,0.22592099,-0.019099675,0.477636188,0.159002557,-0.042317864,0.482168376,0.094070047,-0.060721606,0.4096784,0.318398863,0.001222065,0.423767596,0.188905194,-0.016457278,0.434432477,0.108834982,-0.03737184,0.444070309,0.036086231,-0.053052723,0.36419782,0.333455235,-0.007113255,0.368771374,0.208267078,-0.029371744,0.372635722,0.129525691,-0.046766061,0.376007259,0.05737862,-0.058363736,0.317922801,0.372561425,-0.020049179,0.321756631,0.276569068,-0.041529927,0.326115102,0.212479487,-0.051769584,0.330292404,0.14767921,-0.058563426
A,0.370056242,0.67020452,5.37E-07,0.445403457,0.60427767,-0.04034517,0.492869288,0.492260009,-0.052386042,0.500607848,0.390899688,-0.062826268,0.505423069,0.309045732,-0.071416214,0.457147986,0.332851201,0.001036276,0.472281843,0.227361947,-0.0199445,0.47795552,0.161859885,-0.043734472,0.481678426,0.098039329,-0.062411491,0.410082757,0.318371117,0.002058417,0.425384432,0.190689996,-0.015001296,0.436558604,0.113623291,-0.035592861,0.446894258,0.042215288,-0.051152218,0.36444059,0.332637787,-0.00533893,0.369621485,0.20903182,-0.0266154,0.373850346,0.131180912,-0.043200839,0.377441168,0.059199482,-0.054496296,0.318310916,0.370738298,-0.01775847,0.322366595,0.275756389,-0.037989214,0.326828271,0.21226421,-0.047400814,0.331150681,0.148123384,-0.053781126
A,0.363507152,0.668853402,5.24E-07,0.43876943,0.604673147,-0.038427103,0.48308599,0.491751492,-0.049024824,0.489688277,0.3913019,-0.058338776,0.494358242,0.308709502,-0.065787025,0.448226392,0.329201341,0.002673125,0.463094741,0.221153677,-0.017135063,0.468589276,0.155389488,-0.040205393,0.471526384,0.092519701,-0.058339696,0.403200328,0.31677413,0.002892427,0.417408288,0.187681973,-0.012992519,0.427962929,0.109488994,-0.033844993,0.437313378,0.037028879,-0.049969722,0.359046191,0.332475841,-0.005184463,0.364324003,0.208665013,-0.025761642,0.368940711,0.131835073,-0.043812465,0.372398764,0.061188668,-0.056279067,0.313320339,0.371104658,-0.01802971,0.318506151,0.275587559,-0.037986808,0.322882712,0.212037414,-0.048668027,0.326268464,0.147903442,-0.056212746
A,0.35935992,0.669349372,5.34E-07,0.434862405,0.602784276,-0.037611634,0.479563236,0.48875609,-0.047998104,0.488757938,0.386045426,-0.057342071,0.492333502,0.302894264,-0.064923055,0.443834096,0.331585974,0.004060094,0.459560722,0.222984776,-0.015535522,0.465802133,0.157220483,-0.038138419,0.469529361,0.095041364,-0.055916201,0.39863348,0.318773627,0.004421107,0.414375752,0.190885007,-0.011508905,0.426434815,0.114663512,-0.031717688,0.43733561,0.044671565,-0.047116224,0.35431537,0.333372831,-0.003469455,0.360272229,0.208427906,-0.023795357,0.364742428,0.130044311,-0.041059002,0.368175477,0.058827549,-0.053026296,0.309199393,0.371089906,-0.016082207,0.314929098,0.276732981,-0.0355049,0.319582462,0.213227823,-0.045575906,0.323701411,0.149637654,-0.052718792
A,0.357429564,0.668076038,5.25E-07,0.433429003,0.600530803,-0.037616163,0.478809536,0.486461341,-0.048030373,0.487571925,0.384557009,-0.057503629,0.487327099,0.302714139,-0.065332539,0.442084849,0.329194099,0.004323083,0.457223773,0.222410455,-0.015247199,0.462880909,0.156262681,-0.038334887,0.466176122,0.092588603,-0.056903262,0.395897388,0.315914929,0.004171703,0.409961969,0.190859035,-0.01190297,0.421503484,0.116919518,-0.032386892,0.432508647,0.048595905,-0.048255779,0.350850224,0.329974741,-0.004217974,0.35715723,0.206622809,-0.024713114,0.36214003,0.128284603,-0.041703757,0.366787702,0.055752367,-0.053660613,0.30538255,0.367950678,-0.017396543,0.309993744,0.273385286,-0.037432484,0.315206826,0.209951743,-0.047523621,0.3205145,0.146111041,-0.054668985
A,0.35529834,0.666502953,5.57E-07,0.430495292,0.598385215,-0.038228609,0.475194216,0.484270155,-0.049500614,0.48414728,0.382295847,-0.060011424,0.486045182,0.30038178,-0.06882295,0.439219564,0.32513535,0.005871444,0.453873187,0.219883695,-0.013125901,0.459609121,0.154385865,-0.036105618,0.463185549,0.091376066,-0.054847144,0.392936647,0.313141584,0.005742363,0.407724708,0.19056049,-0.009894454,0.421217591,0.119664401,-0.030034751,0.434545875,0.053879261,-0.045610622,0.34776634,0.328274786,-0.002889848,0.354196042,0.205773592,-0.023369633,0.359667003,0.127789408,-0.039975882,0.365087181,0.055279851,-0.051608339,0.301983178,0.367655367,-0.016437808,0.306678772,0.273200393,-0.036689442,0.311966985,0.209640607,-0.046767469,0.317400455,0.14534767,-0.053848509
A,0.35043934,0.661836028,5.43E-07,0.424613774,0.596609235,-0.03673324,0.468095899,0.477913857,-0.04554804,0.473626465,0.377554566,-0.053320069,0.476699233,0.30030036,-0.059201896,0.430482566,0.31696552,0.004954999,0.445023775,0.209475309,-0.013736313,0.450562567,0.142125338,-0.036383469,0.453464299,0.077416271,-0.054612547,0.383924127,0.305902719,0.004392679,0.397563159,0.18037945,-0.011035252,0.408153892,0.104219854,-0.031213446,0.41755116,0.034974337,-0.046564661,0.339270204,0.322085351,-0.004301506,0.344621062,0.198835224,-0.024293886,0.34961772,0.120577782,-0.04074847,0.353850156,0.048252434,-0.051907841,0.29355666,0.361116618,-0.017772993,0.297183722,0.263715923,-0.037207372,0.301061809,0.199517682,-0.046522591,0.304770559,0.13442038,-0.052782118
A,0.349116027,0.660880387,5.19E-07,0.425792575,0.592643797,-0.035141673,0.471064359,0.478513837,-0.044738106,0.477072358,0.379536778,-0.053700645,0.482818872,0.300189972,-0.061193768,0.432078242,0.320166886,0.005249686,0.447606951,0.214150518,-0.014010428,0.45412752,0.147118419,-0.037044313,0.458194047,0.083015054,-0.055742051,0.384768069,0.308294177,0.00416991,0.399760336,0.181848139,-0.011906647,0.412631989,0.108821511,-0.032167241,0.424369067,0.043206543,-0.047667395,0.33911857,0.323895663,-0.004831324,0.345133066,0.199266925,-0.025141405,0.349624336,0.119397402,-0.042003393,0.352699429,0.046424776,-0.053886842,0.293645084,0.364151508,-0.018355466,0.299149871,0.268167377,-0.038259123,0.302599192,0.203715339,-0.047946572,0.304964781,0.138834849,-0.054758228
A,0.350420743,0.661412477,5.18E-07,0.427169025,0.594843745,-0.036112249,0.473340809,0.482465506,-0.046262875,0.480303288,0.383396804,-0.055460561,0.482560784,0.304105341,-0.063126661,0.433539897,0.323004454,0.002165495,0.449163169,0.216723025,-0.01775201,0.455263674,0.150315732,-0.040907528,0.459068835,0.086373657,-0.059584241,0.386633754,0.310517341,0.00164872,0.402446777,0.184504047,-0.015128078,0.41645959,0.112395138,-0.035379123,0.429237783,0.047737628,-0.050742939,0.340888023,0.3255395,-0.006695462,0.34709534,0.200731546,-0.027638121,0.351854831,0.120388746,-0.04489813,0.355406284,0.046976745,-0.056948263,0.295307577,0.365150332,-0.019556362,0.300444096,0.269584686,-0.039998066,0.303781986,0.205492973,-0.050186548,0.30612123,0.141288012,-0.057265978
A,0.354593903,0.661473989,5.22E-07,0.430816531,0.595983624,-0.035826407,0.477233738,0.486087203,-0.046145789,0.484884202,0.390002757,-0.055682097,0.484945357,0.30907172,-0.063689135,0.439082772,0.324076891,0.002933725,0.455559731,0.217522502,-0.017564608,0.46226728,0.152386606,-0.041356474,0.465521157,0.088914603,-0.06039102,0.392966747,0.311925292,0.001519095,0.409725398,0.184459969,-0.015904952,0.42331472,0.111361116,-0.037404221,0.434650362,0.04689014,-0.053781137,0.347617269,0.327077776,-0.007822663,0.355129898,0.201934978,-0.029336466,0.360987067,0.122405678,-0.047639474,0.365849316,0.050180852,-0.060413737,0.302087039,0.366246432,-0.021691857,0.308051199,0.269831717,-0.042770762,0.313238978,0.205737993,-0.053558663,0.318438947,0.141552955,-0.061102644
A,0.355192602,0.661080003,5.35E-07,0.431421846,0.59870851,-0.037699856,0.477877498,0.486496747,-0.048077099,0.485112995,0.386735529,-0.056756765,0.486644328,0.303917021,-0.063828655,0.441161066,0.32512778,-0.000815963,0.457536727,0.218639314,-0.021698896,0.464619905,0.152539194,-0.045112826,0.46935153,0.089004457,-0.063681111,0.394339383,0.311477721,-0.000854074,0.411790431,0.183137059,-0.018958185,0.426185846,0.105756551,-0.040433671,0.438749909,0.036462486,-0.056653429,0.348456383,0.326681614,-0.008723138,0.355769068,0.201098889,-0.031386409,0.361127377,0.120434195,-0.050462544,0.365514308,0.047554106,-0.06341166,0.302843809,0.366491139,-0.020979742,0.308659673,0.27007097,-0.0429161,0.312327415,0.205619916,-0.054497797,0.31539169,0.140804306,-0.062504187
A,0.355348378,0.66135931,5.27E-07,0.431411535,0.597989202,-0.037337661,0.478035241,0.4863998,-0.04768068,0.485496521,0.386977613,-0.056511108,0.487734616,0.304214984,-0.063857347,0.442185879,0.325615257,-0.000522413,0.459011286,0.218802676,-0.021491123,0.466415167,0.1524138,-0.045007154,0.471589208,0.088291526,-0.063713208,0.395324379,0.311742991,-0.000866838,0.413030714,0.183817536,-0.019178011,0.427731991,0.106209189,-0.040991098,0.440755457,0.036212265,-0.057511784,0.349438578,0.326701164,-0.009010042,0.356847018,0.200963646,-0.031604469,0.362777948,0.119995683,-0.050811347,0.367908388,0.046467304,-0.063970104,0.303807497,0.366155177,-0.02153765,0.309097409,0.269500136,-0.043365445,0.313280582,0.204463601,-0.054989215,0.317512095,0.138934731,-0.063105136
A,0.354685903,0.661730886,5.21E-07,0.43218109,0.59882772,-0.0364956,0.479904592,0.486581683,-0.04640061,0.487391204,0.386827439,-0.054936316,0.490226686,0.304887354,-0.061985109,0.443269581,0.326402545,0.000214862,0.46042186,0.219664454,-0.020426856,0.468368471,0.153169125,-0.043402076,0.473954678,0.089806914,-0.061722662,0.396325529,0.312815577,-0.000342056,0.414380759,0.18509005,-0.018341474,0.430662245,0.110625148,-0.039045479,0.445291758,0.044828415,-0.054557525,0.350272119,0.32773307,-0.00870802,0.357592463,0.201079294,-0.031279501,0.363890648,0.11943388,-0.04976324,0.369504333,0.045197219,-0.062338624,0.304206491,0.367303371,-0.021381639,0.309280217,0.270199597,-0.043436598,0.313528955,0.20477663,-0.054958489,0.317778111,0.138657898,-0.062909432
A,0.355165005,0.662751198,5.14E-07,0.432831675,0.599316716,-0.035531726,0.480470657,0.485905498,-0.044996083,0.488465726,0.385704368,-0.053193092,0.492589056,0.303711563,-0.059908807,0.443759143,0.326087773,0.000327021,0.460958749,0.219688863,-0.020654965,0.469071716,0.153551161,-0.043771371,0.474901378,0.090101451,-0.062093537,0.397199482,0.311833322,-0.000694161,0.415544868,0.184566721,-0.018972594,0.431657672,0.109335214,-0.039727621,0.445945084,0.041967958,-0.055229302,0.351338565,0.326500803,-0.009408218,0.358666956,0.200327039,-0.032143012,0.365009904,0.119693846,-0.050323296,0.37074855,0.046121091,-0.062568642,0.305196494,0.365813464,-0.022324644,0.310297072,0.268732846,-0.044397913,0.315146506,0.203671038,-0.055640474,0.319882423,0.137991786,-0.063253872
A,0.356816322,0.664509416,5.28E-07,0.433772355,0.600521266,-0.037250038,0.483345896,0.490110368,-0.048722275,0.491588742,0.392121077,-0.058986597,0.497550517,0.310228765,-0.06772045,0.446856797,0.327950329,0.000115757,0.465083063,0.221804798,-0.021451695,0.473757654,0.156116664,-0.045488458,0.479791433,0.092906088,-0.06460157,0.40049696,0.313776851,-0.000649053,0.419104874,0.187011927,-0.019253861,0.435581803,0.114615142,-0.040552072,0.450321794,0.050952524,-0.056475349,0.354879916,0.327722877,-0.009335156,0.363183618,0.201286346,-0.032101426,0.370371819,0.121477306,-0.049832549,0.377039909,0.048455268,-0.061939374,0.308812618,0.366225779,-0.022494605,0.313883156,0.270052135,-0.044569258,0.319903523,0.206241831,-0.055173442,0.326367497,0.141738877,-0.062312763
A,0.356835693,0.663426399,5.25E-07,0.433605611,0.60156548,-0.037714746,0.483178914,0.490932375,-0.048794504,0.492017508,0.390982151,-0.0582476,0.497178316,0.308376074,-0.066256516,0.448136747,0.330399185,-0.003087243,0.467062593,0.224252313,-0.025559656,0.475861877,0.158307299,-0.049366232,0.482516289,0.09537667,-0.067893907,0.401703089,0.315264553,-0.003549303,0.421302795,0.186061159,-0.022808779,0.436645001,0.108647764,-0.044144724,0.450347483,0.039358377,-0.060048163,0.355909973,0.32946673,-0.011786936,0.363970786,0.202626914,-0.035269149,0.370736301,0.122711748,-0.053668875,0.377139121,0.049996525,-0.066083163,0.309449494,0.368475258,-0.024389884,0.314230055,0.272904754,-0.047014438,0.319308519,0.208346143,-0.05844019,0.32449165,0.1425872,-0.066196419
A,0.356500894,0.664046049,5.26E-07,0.434294492,0.599987388,-0.036997437,0.483713865,0.489658594,-0.047983807,0.492847025,0.389991224,-0.057694845,0.497955978,0.305829167,-0.065896593,0.44781369,0.330191314,-0.000653503,0.466754764,0.225347936,-0.022865813,0.476284117,0.160517305,-0.046768587,0.483743459,0.098029733,-0.065420024,0.401738077,0.314790517,-0.001371296,0.4213458,0.188074708,-0.020405391,0.43803066,0.113126904,-0.041554019,0.45340398,0.04511413,-0.057281554,0.356097341,0.32844615,-0.010009266,0.364086837,0.202541605,-0.033279434,0.371276736,0.12320286,-0.051112402,0.378289223,0.050284743,-0.063107908,0.309901267,0.367056638,-0.02303884,0.314970136,0.271953791,-0.045303304,0.320545703,0.2076426,-0.056229349,0.326253593,0.141972721,-0.063610248
A,0.356993079,0.664044857,5.27E-07,0.434596151,0.601794958,-0.037355434,0.483905077,0.489474893,-0.048121713,0.492698103,0.388818473,-0.057381887,0.496985883,0.305082679,-0.065172493,0.447758615,0.33019346,-0.002416614,0.467340589,0.224793568,-0.025076553,0.476702213,0.159123883,-0.049184851,0.483926624,0.095737159,-0.067949757,0.401610255,0.314721763,-0.003202219,0.421486437,0.186048225,-0.022624761,0.437423617,0.108208746,-0.044218153,0.451726019,0.037525475,-0.060361233,0.35605517,0.328885674,-0.011798598,0.364422053,0.202404857,-0.035360061,0.371888995,0.123308599,-0.053639617,0.378967673,0.051042676,-0.065951936,0.309984893,0.367756009,-0.024784399,0.315290302,0.271604717,-0.047454838,0.320910513,0.207026184,-0.05884669,0.326463223,0.141271621,-0.066565819
A,0.360166848,0.666846037,5.08E-07,0.437976629,0.603052795,-0.035590012,0.487011224,0.489023775,-0.045443188,0.494813293,0.390565038,-0.054311059,0.503601253,0.310885578,-0.061703306,0.450554132,0.329675794,0.001259209,0.470185786,0.224188566,-0.020000532,0.479633868,0.158856958,-0.043609221,0.48637259,0.095563024,-0.062499914,0.404180944,0.315508485,-0.000241662,0.423755407,0.188961267,-0.018937547,0.440712929,0.115043819,-0.040186096,0.455720365,0.048864663,-0.056009371,0.358846664,0.329711556,-0.009557513,0.367890239,0.203530729,-0.032569401,0.376346558,0.124480575,-0.050415874,0.383955091,0.051434696,-0.062570572,0.313207507,0.368257254,-0.023221226,0.318872631,0.273260236,-0.04573084,0.325135529,0.209493652,-0.056723244,0.331582725,0.14414382,-0.064176008
A,0.361117393,0.667117715,5.15E-07,0.438863873,0.604000688,-0.036560394,0.488913119,0.491402149,-0.04674831,0.495296299,0.392010003,-0.055722736,0.499994099,0.309427768,-0.063236222,0.453545451,0.330718547,0.000250864,0.472877681,0.225644067,-0.021852441,0.482085109,0.160217807,-0.046063382,0.488738239,0.097008169,-0.064951777,0.406684995,0.316723526,-0.000947582,0.425948799,0.188950524,-0.020216284,0.44108364,0.11138317,-0.042052694,0.454390854,0.042024404,-0.058198117,0.360837221,0.331264973,-0.010039247,0.369951695,0.205030352,-0.033555709,0.377436697,0.12567395,-0.051472384,0.384225905,0.053513557,-0.063316889,0.314280063,0.370175719,-0.023536241,0.320308685,0.273187399,-0.046153899,0.326283455,0.20885998,-0.056891464,0.332147032,0.14355202,-0.063910924
A,0.366153479,0.668154538,5.43E-07,0.443197846,0.603037715,-0.036647774,0.492973626,0.49231264,-0.048036627,0.501009703,0.395290107,-0.058670521,0.508254111,0.314795524,-0.067739941,0.459147394,0.33076182,0.001935078,0.47975713,0.22523962,-0.020328997,0.489283741,0.160635829,-0.044875477,0.495743871,0.097857565,-0.063814022,0.412778944,0.315682769,0.000180399,0.4334234,0.186785132,-0.018669639,0.447667211,0.10879463,-0.040326793,0.459484696,0.038806468,-0.056155331,0.366828442,0.329599321,-0.00966302,0.377004951,0.202872097,-0.032712802,0.384713143,0.123913109,-0.050383139,0.391758323,0.052333713,-0.062059097,0.319380969,0.368147463,-0.024049623,0.324280202,0.272708535,-0.046159048,0.329806745,0.209220469,-0.056209233,0.336107969,0.145202011,-0.06265083
A,0.365677208,0.671507061,5.19E-07,0.443728834,0.607913315,-0.03569195,0.493724585,0.494846165,-0.045988541,0.503009498,0.395465642,-0.055592723,0.512537599,0.313372195,-0.063600324,0.460757464,0.332687557,0.003066086,0.481304705,0.227305129,-0.018237876,0.491541445,0.161497474,-0.041983947,0.49918735,0.098469645,-0.060789261,0.413550049,0.316500306,0.001133437,0.432885289,0.188450396,-0.017113471,0.449059546,0.111633509,-0.03799383,0.46357739,0.042740047,-0.053517632,0.367634773,0.329500496,-0.008870493,0.376211941,0.202546164,-0.031430613,0.384717137,0.122961581,-0.048388254,0.392842412,0.049794227,-0.059902169,0.321064085,0.367673963,-0.023379616,0.325654089,0.271989137,-0.045345604,0.331548005,0.207012251,-0.055415992,0.338382989,0.141042531,-0.062156178
A,0.367095619,0.672859848,5.39E-07,0.44448331,0.608058214,-0.035965405,0.495015293,0.495682627,-0.04678141,0.505064905,0.396809638,-0.057169165,0.514158487,0.314120889,-0.06587711,0.46314013,0.330854177,0.005657926,0.482949138,0.226052567,-0.015239816,0.493086457,0.161213264,-0.039417118,0.500863969,0.098379463,-0.058553286,0.415686965,0.315278828,0.003491664,0.434467643,0.187765047,-0.014077414,0.450083256,0.110796243,-0.035386682,0.464404583,0.041300714,-0.051335324,0.369479984,0.328806937,-0.006962014,0.378413647,0.202924192,-0.028801741,0.386966527,0.12424022,-0.045461919,0.395412356,0.051752895,-0.05678042,0.322799921,0.367476255,-0.022103487,0.328069001,0.271723241,-0.043316826,0.334379405,0.20722422,-0.052684866,0.341662437,0.14167048,-0.058886483
A,0.368038714,0.673902392,5.36E-07,0.445638776,0.610289335,-0.036756489,0.496640891,0.497243613,-0.047315564,0.506264091,0.397414148,-0.057130851,0.515428603,0.31414026,-0.065091185,0.464224279,0.333216012,0.005194286,0.484924197,0.228824049,-0.015952637,0.495566875,0.164448962,-0.040093143,0.503307581,0.101711512,-0.059035599,0.417552799,0.316049814,0.003597423,0.437484086,0.187361777,-0.014220807,0.452901036,0.109882176,-0.035365671,0.466512501,0.040048242,-0.051052883,0.371806413,0.328032643,-0.006395693,0.38197419,0.201782703,-0.02883051,0.390354753,0.123174369,-0.045742445,0.398196101,0.051294118,-0.056975331,0.32528013,0.364543527,-0.021087578,0.331774741,0.268510997,-0.042649575,0.338397473,0.205171451,-0.052048218,0.345539361,0.140993223,-0.058122579
A,0.369153649,0.674098372,5.26E-07,0.446785301,0.611379743,-0.036878794,0.499117076,0.498721123,-0.046692465,0.509374321,0.399229527,-0.055482332,0.515825927,0.316748708,-0.062487371,0.466464043,0.335701227,0.004038753,0.488284737,0.230174929,-0.016780155,0.499944627,0.166471645,-0.040664803,0.508621693,0.103927284,-0.059402276,0.420421094,0.318187088,0.002649393,0.441014856,0.188652441,-0.015135417,0.456692874,0.110243559,-0.036829717,0.469962507,0.039981872,-0.053109542,0.374628335,0.329684854,-0.007014907,0.385973841,0.203251973,-0.02956133,0.394705713,0.123815119,-0.04767897,0.402479172,0.051288158,-0.059836272,0.327661723,0.364583999,-0.021256585,0.335374534,0.267008007,-0.042967841,0.342226297,0.203641325,-0.052955955,0.3493765,0.139689893,-0.059589554
A,0.369434118,0.673044324,5.34E-07,0.44911772,0.610944986,-0.037507467,0.502477705,0.498667985,-0.046989758,0.512779117,0.399027377,-0.055360246,0.515876532,0.31670481,-0.061919346,0.470388472,0.335719973,0.004857445,0.491117477,0.230447546,-0.015101687,0.502223015,0.166329846,-0.038399346,0.510792553,0.104297757,-0.056813512,0.423623919,0.318337739,0.004155639,0.44310686,0.188509896,-0.012762019,0.459151387,0.109903991,-0.033937011,0.473742723,0.039224505,-0.049993049,0.377259493,0.329741359,-0.004978212,0.388185948,0.203589514,-0.027071333,0.397306025,0.124492049,-0.045343723,0.405924082,0.052530766,-0.057711959,0.329677284,0.364599556,-0.018778225,0.337511003,0.268271059,-0.040472854,0.345047325,0.205156535,-0.051109981,0.352986127,0.141161174,-0.05836603
A,0.366472393,0.672420025,5.38E-07,0.447136343,0.613633275,-0.038411397,0.502835035,0.501966774,-0.04816385,0.51431632,0.401750922,-0.056495234,0.519604743,0.31827569,-0.062932804,0.471515149,0.338510662,0.00237964,0.494019121,0.232262149,-0.01856159,0.505808055,0.166949466,-0.042045072,0.515279114,0.104029238,-0.060415689,0.426031828,0.320078343,0.00205908,0.447104663,0.189392358,-0.015970562,0.463212967,0.108655006,-0.037756804,0.47762835,0.035312921,-0.054163031,0.380377501,0.330671847,-0.006638191,0.392716527,0.204360098,-0.029863482,0.402133673,0.125885338,-0.048866365,0.410125792,0.054133862,-0.061534747,0.332476437,0.364876032,-0.019983865,0.343806803,0.269470125,-0.042879939,0.351951361,0.20640263,-0.054551713,0.359041125,0.141640887,-0.062397871
A,0.367195487,0.672960877,5.55E-07,0.44737193,0.611300707,-0.039668348,0.501190245,0.499191254,-0.05065747,0.5115816,0.397661597,-0.060196739,0.5184412,0.313868672,-0.067883722,0.471476287,0.335201621,0.002808134,0.494541883,0.229323819,-0.018738996,0.50666815,0.165806621,-0.043091185,0.517003596,0.104475528,-0.061990254,0.425527155,0.318410695,0.002953565,0.448374033,0.190670058,-0.015169068,0.465043426,0.111803621,-0.037719544,0.48062852,0.03857711,-0.054662339,0.379494846,0.330575824,-0.005489125,0.394341409,0.206334352,-0.028548064,0.403996676,0.127293438,-0.047990955,0.412202835,0.054003328,-0.061114527,0.331260592,0.36650449,-0.018687068,0.343069762,0.273811907,-0.040995512,0.351405859,0.211558133,-0.052407052,0.35843572,0.147180885,-0.060158268
A,0.367044181,0.673057079,5.46E-07,0.446905345,0.611419737,-0.039774522,0.499806195,0.500710368,-0.050694406,0.509548128,0.400240898,-0.060024131,0.517696321,0.317111522,-0.067442834,0.470118195,0.337575793,0.002705179,0.492653102,0.23261179,-0.019143641,0.504263163,0.168792859,-0.044147514,0.514047801,0.104993016,-0.063784197,0.425035298,0.319773912,0.002983831,0.448882908,0.192718312,-0.015880231,0.465039432,0.114281565,-0.03911088,0.479767889,0.040473521,-0.056554921,0.379497975,0.330724984,-0.005245777,0.395238519,0.206640333,-0.028857449,0.405672699,0.129217446,-0.048105754,0.41463685,0.05646354,-0.060917869,0.331486076,0.365483642,-0.018234756,0.344428539,0.272603154,-0.040748045,0.353998005,0.210859373,-0.051851202,0.362555742,0.146574393,-0.059290968
A,0.366889596,0.673340082,5.49E-07,0.447443813,0.612564802,-0.039126057,0.499150634,0.500224531,-0.050360318,0.509207129,0.39874506,-0.059927568,0.520005822,0.318249762,-0.067704439,0.468437016,0.343812674,-0.001432137,0.492747098,0.236127645,-0.025630306,0.505936027,0.170482904,-0.050959807,0.516435325,0.106624186,-0.070183545,0.425627917,0.325416744,-0.00209046,0.451735824,0.193257496,-0.023283832,0.470063686,0.111656278,-0.04642766,0.486139864,0.036863446,-0.063248336,0.381683707,0.33540836,-0.011008159,0.400700539,0.207398698,-0.036497436,0.414973706,0.128001571,-0.056121033,0.427210033,0.055209547,-0.068750329,0.333691716,0.368274808,-0.024481883,0.34709233,0.274050146,-0.048873547,0.357196659,0.210623339,-0.060830638,0.365795463,0.145954579,-0.068451062
A,0.367564291,0.673775792,5.34E-07,0.448099077,0.613232374,-0.03873447,0.500025749,0.501287758,-0.04947716,0.509189308,0.400515348,-0.058625545,0.517750919,0.31880486,-0.066008799,0.469867647,0.344602346,-0.001166575,0.493538946,0.23684229,-0.02497449,0.506227016,0.171347097,-0.050046772,0.516608775,0.106664568,-0.069275156,0.426916093,0.326085478,-0.001916565,0.452963263,0.195104808,-0.022822648,0.47093749,0.113936365,-0.046070091,0.486836374,0.038008362,-0.063210264,0.382673502,0.335919082,-0.010872035,0.401690245,0.209192187,-0.036206435,0.41557309,0.130275548,-0.056150228,0.427247554,0.05667147,-0.069192998,0.33455354,0.368662804,-0.024362259,0.348566025,0.27514869,-0.048800685,0.359113395,0.212292805,-0.061166033,0.367881387,0.147439063,-0.069258168
A,0.36925748,0.673642993,5.36E-07,0.45004946,0.612533331,-0.037845489,0.500832379,0.499670178,-0.048050702,0.51012814,0.399716407,-0.056948651,0.518548548,0.31821841,-0.06408754,0.470513076,0.343431085,0.000436915,0.494378626,0.236091763,-0.022276312,0.507031143,0.170882896,-0.046509251,0.517488122,0.106987,-0.065231211,0.427580982,0.325193197,-0.000553482,0.452800095,0.194548354,-0.020379536,0.470252067,0.113935113,-0.043087944,0.485919178,0.0383012,-0.060065564,0.383379757,0.33517766,-0.009737981,0.401280731,0.209063306,-0.033945132,0.414710671,0.130681396,-0.053869225,0.426332176,0.057467341,-0.06718564,0.335412532,0.367813736,-0.02343213,0.348815322,0.273910403,-0.047056809,0.359532982,0.210307032,-0.059671439,0.368955672,0.144728288,-0.068219736
A,0.369138598,0.674241066,5.38E-07,0.449361145,0.613235593,-0.038110048,0.499725163,0.501051009,-0.048914868,0.510282755,0.400723904,-0.05839467,0.519584954,0.319189042,-0.066123568,0.470269352,0.346078962,-0.001054999,0.494610846,0.238141581,-0.025152825,0.507142365,0.172192946,-0.050304603,0.516873002,0.10731414,-0.069394931,0.428108215,0.327442765,-0.002350713,0.453432024,0.194790676,-0.023382595,0.46988073,0.111789018,-0.046660136,0.483788848,0.034079432,-0.063813388,0.38465637,0.336926579,-0.011770453,0.403788775,0.211245134,-0.03656894,0.417354912,0.132935435,-0.056037594,0.42842117,0.059726715,-0.068817079,0.336996049,0.368492991,-0.025763739,0.351539254,0.275047064,-0.049448468,0.363049567,0.211712778,-0.06138061,0.37277469,0.146546319,-0.069223382
A,0.370300263,0.674146533,5.38E-07,0.450021088,0.613202095,-0.038095709,0.500139356,0.50156039,-0.048662681,0.510617614,0.401695013,-0.057954937,0.520043135,0.319989443,-0.065479472,0.469733566,0.346970648,-0.000607871,0.495324016,0.238444313,-0.024199752,0.508079946,0.173408136,-0.049001452,0.517548144,0.109576732,-0.06784071,0.428313613,0.328780502,-0.001703584,0.454630911,0.19641906,-0.022242069,0.470873386,0.113381416,-0.045563251,0.483865231,0.035720348,-0.06295491,0.385475785,0.338136911,-0.010982099,0.404926181,0.212168366,-0.035330053,0.418236762,0.134234339,-0.055207193,0.428501129,0.061569333,-0.068444498,0.338345587,0.36890468,-0.024827834,0.353538185,0.274962217,-0.048304655,0.364948511,0.211421996,-0.060628813,0.374359846,0.146256045,-0.068919353
A,0.36841622,0.672936201,4.67E-07,0.447139084,0.611038983,-0.032291658,0.496516943,0.496896029,-0.038702581,0.505581677,0.397605389,-0.044884015,0.514231145,0.316342831,-0.049514685,0.462323874,0.346705735,0.007467707,0.488033026,0.238244489,-0.012503845,0.49985683,0.174938723,-0.035043433,0.507658422,0.112833321,-0.052650016,0.423203379,0.330143332,0.004719026,0.449203402,0.201886699,-0.013004025,0.463423252,0.119523138,-0.035550479,0.474180698,0.042313188,-0.05294393,0.383312613,0.338462442,-0.005945343,0.401947439,0.215185523,-0.02725099,0.414459139,0.138344914,-0.046464991,0.4241786,0.067493945,-0.059970375,0.339269906,0.367146224,-0.020850899,0.355205208,0.273133785,-0.041639797,0.367656589,0.210579023,-0.0530256,0.378968805,0.147200555,-0.061288271
A,0.37001121,0.670155287,4.72E-07,0.449455857,0.608459175,-0.029940052,0.495479852,0.491887808,-0.034794427,0.504114091,0.393793285,-0.039809503,0.514653563,0.316508323,-0.043302894,0.462601483,0.344716102,0.009322182,0.487295598,0.240089878,-0.00982725,0.49983108,0.177058399,-0.031541906,0.508483648,0.116119474,-0.048491195,0.423748195,0.327762574,0.00579705,0.449068218,0.200811118,-0.011219664,0.46443516,0.120504409,-0.032151621,0.476694494,0.045801252,-0.047860432,0.384070635,0.336607069,-0.005437184,0.403196365,0.214673191,-0.026449006,0.416024536,0.13910675,-0.044201102,0.426083863,0.06930992,-0.056123901,0.340375751,0.366375059,-0.020705003,0.35616976,0.272540867,-0.040908627,0.367936403,0.210765779,-0.051012553,0.378151059,0.148513421,-0.057944451
A,0.365471005,0.666398942,4.87E-07,0.441783369,0.606971979,-0.032158926,0.490798384,0.493608296,-0.038850859,0.501373351,0.395999283,-0.045119945,0.506314039,0.314883053,-0.049879521,0.455758691,0.341222644,0.004917647,0.478664219,0.234574318,-0.01675869,0.489808381,0.170169279,-0.040091101,0.497548193,0.108861804,-0.057698861,0.416386962,0.325042665,0.002041877,0.439283788,0.197631091,-0.017086742,0.454120964,0.114994645,-0.039599255,0.466653019,0.037805647,-0.056473527,0.376540542,0.333919197,-0.008547009,0.392691076,0.211869523,-0.03114536,0.406333864,0.135742158,-0.049737666,0.418353051,0.066043347,-0.062181327,0.3333987,0.36341244,-0.023291593,0.347306669,0.270272702,-0.044877656,0.359673381,0.209362656,-0.055831138,0.371620208,0.147463679,-0.063277289
A,0.36291042,0.665818036,5.19E-07,0.440670967,0.608824313,-0.036875963,0.490714669,0.49648422,-0.045868769,0.502430677,0.396333218,-0.053648677,0.505747855,0.313345432,-0.059453804,0.455284148,0.339317799,0.00277663,0.479048789,0.231629714,-0.018409643,0.488662004,0.166823164,-0.041691933,0.494703144,0.105271012,-0.059450526,0.415170997,0.322866887,0.002164075,0.43876636,0.194168955,-0.016303632,0.452915311,0.111610383,-0.038807925,0.464345485,0.03595823,-0.055631019,0.374599218,0.331853747,-0.006521024,0.392723531,0.209950581,-0.028617706,0.406148255,0.133804888,-0.047534898,0.416849911,0.064253658,-0.060198668,0.331378102,0.362001687,-0.019781493,0.346903384,0.270192742,-0.041375011,0.357959509,0.208218992,-0.052839652,0.367034227,0.145596579,-0.060501512
A,0.361652941,0.66551435,5.11E-07,0.439887404,0.607295871,-0.037296664,0.490103692,0.495708972,-0.04642915,0.500385225,0.395669222,-0.054423831,0.50444448,0.311992347,-0.060467221,0.453796595,0.339033484,0.003573074,0.477614015,0.23085463,-0.017920658,0.487412989,0.16610691,-0.041645136,0.493931323,0.103774816,-0.05983628,0.413950086,0.322830349,0.002895505,0.437669635,0.194691315,-0.015946284,0.451713532,0.11240074,-0.039225657,0.463349283,0.036008269,-0.056882389,0.373578966,0.331451952,-0.006047481,0.39181,0.209811628,-0.02853913,0.405337274,0.133739203,-0.048115417,0.416415423,0.063885778,-0.061407261,0.330207229,0.360729069,-0.019641517,0.345908374,0.268461227,-0.041551676,0.357754052,0.20617348,-0.053596817,0.368087143,0.142881915,-0.061894897
A,0.36835894,0.665345669,4.89E-07,0.448156536,0.603547335,-0.032430965,0.49493435,0.487041026,-0.038610581,0.502953291,0.387963295,-0.044534564,0.505872548,0.305876553,-0.048768867,0.457307607,0.33266902,0.009403377,0.478012502,0.225899622,-0.009716354,0.487085044,0.161493585,-0.031949826,0.493511468,0.099152237,-0.049566079,0.415988505,0.317544878,0.006874595,0.436874986,0.191088736,-0.010028094,0.451738924,0.111097127,-0.031644944,0.464954764,0.036834061,-0.048131634,0.37428388,0.328057945,-0.003725878,0.390838444,0.20509325,-0.025096113,0.404835939,0.128462613,-0.043878958,0.417045504,0.057351142,-0.056709625,0.330827802,0.359858125,-0.018601701,0.345637262,0.264565855,-0.04013852,0.357203364,0.201983273,-0.051849529,0.367731303,0.138446048,-0.059953704
A,0.367148101,0.665560126,4.94E-07,0.446446717,0.606499195,-0.034048028,0.495306671,0.48984921,-0.040761184,0.505326688,0.390295953,-0.046872742,0.507737875,0.307940364,-0.051067889,0.458614945,0.332953751,0.007665549,0.478987038,0.224406794,-0.011592964,0.48830682,0.159480304,-0.033630427,0.494822264,0.097570032,-0.050863411,0.417713851,0.31728512,0.005788167,0.438113809,0.186976001,-0.01111787,0.451497078,0.105316788,-0.032933015,0.463190138,0.030178279,-0.049394369,0.376802117,0.32741797,-0.004137997,0.393598318,0.203373283,-0.025240997,0.406498343,0.126050442,-0.044055205,0.417341411,0.055211276,-0.056816436,0.33365348,0.358517736,-0.018472945,0.348838955,0.262837529,-0.039395954,0.359976828,0.200080052,-0.050759815,0.369702131,0.136436537,-0.058564957
A,0.366414219,0.668568134,4.86E-07,0.446716487,0.607522726,-0.034682695,0.49624452,0.490565658,-0.041269716,0.506306589,0.389864802,-0.047141314,0.508543432,0.306770861,-0.051028501,0.458939791,0.332933366,0.0086899,0.480836958,0.224749118,-0.010984676,0.490520209,0.160099506,-0.034060445,0.497200102,0.096791029,-0.052211698,0.418179125,0.31640631,0.007192997,0.440386117,0.188261688,-0.010050984,0.454610497,0.107673347,-0.032466285,0.466982812,0.032896936,-0.049442515,0.377090633,0.325837582,-0.002572,0.394585758,0.203672081,-0.023898542,0.407427579,0.126913548,-0.042559806,0.418028444,0.055864334,-0.055229943,0.333830535,0.35669592,-0.016881566,0.349846303,0.262174278,-0.037626423,0.361000508,0.199728787,-0.048409898,0.370812088,0.135935724,-0.055833988
A,0.368480206,0.667561293,4.77E-07,0.448219448,0.606747091,-0.034849502,0.496716261,0.49000746,-0.042074926,0.506492734,0.388768822,-0.048661489,0.511947989,0.304562926,-0.053408679,0.461194843,0.334091842,0.007341387,0.482880563,0.225273818,-0.012748061,0.492431849,0.160541847,-0.03566419,0.499114692,0.097473651,-0.053702444,0.420493066,0.318248749,0.005732031,0.441784203,0.189065322,-0.011992735,0.455167651,0.108379215,-0.034394499,0.467145443,0.033506423,-0.051436644,0.379246235,0.328157872,-0.004095367,0.396652758,0.205175608,-0.025994837,0.409267128,0.127900958,-0.044665996,0.41996634,0.056250691,-0.057392038,0.335552871,0.359365821,-0.018416857,0.351581603,0.264430583,-0.039964341,0.362469733,0.201023087,-0.051174104,0.371763885,0.136203095,-0.058899444
A,0.366016775,0.667567968,4.83E-07,0.446283877,0.607737064,-0.035669528,0.495712906,0.492232531,-0.043199494,0.504046619,0.391102672,-0.049821865,0.509462476,0.306683123,-0.054449622,0.459158838,0.335238278,0.006157045,0.481855214,0.227091074,-0.014862198,0.492345691,0.162102938,-0.038405277,0.499917507,0.098759025,-0.056715772,0.419078976,0.31837678,0.004898357,0.441587925,0.19031021,-0.013597742,0.456224144,0.109018177,-0.036331013,0.469344884,0.033095449,-0.053464331,0.378480434,0.326993704,-0.004666144,0.396136969,0.20478633,-0.027167693,0.40955168,0.128462464,-0.045884322,0.420823723,0.057094216,-0.058482919,0.334957242,0.357430547,-0.018808736,0.351104617,0.264094204,-0.040674862,0.362203598,0.201611921,-0.051935721,0.371435344,0.136825457,-0.05958429
A,0.366434574,0.667584479,4.90E-07,0.446154833,0.607657135,-0.034964189,0.495086432,0.492117614,-0.042227305,0.50442785,0.391257018,-0.048785221,0.510094464,0.307145476,-0.053369865,0.45900017,0.33539471,0.007361706,0.481829017,0.227162123,-0.013135526,0.492271245,0.162230507,-0.036437016,0.499858111,0.099042147,-0.05461663,0.418953449,0.318796962,0.00585548,0.441230923,0.19042547,-0.012085184,0.456175834,0.108905047,-0.034565717,0.469545335,0.032874614,-0.051613431,0.378215015,0.327639431,-0.003941878,0.39595446,0.205317676,-0.025984973,0.409652829,0.12880218,-0.044633523,0.421051085,0.057529539,-0.057278629,0.334886879,0.358053774,-0.018281264,0.351128131,0.26510781,-0.039967205,0.362137675,0.202490166,-0.051253155,0.371118695,0.137902066,-0.058969945
A,0.365230858,0.666936278,4.82E-07,0.443924516,0.606541038,-0.034756307,0.493123919,0.49192825,-0.042326193,0.502702117,0.39147234,-0.049180832,0.508049905,0.306644738,-0.054285288,0.456913918,0.334429741,0.006194037,0.479840308,0.226343617,-0.014994005,0.490296185,0.161632717,-0.038733233,0.497892439,0.099503994,-0.057006359,0.417039305,0.31836009,0.004588508,0.439775467,0.19083789,-0.013804959,0.454348713,0.109971434,-0.036884636,0.467380702,0.034413606,-0.054407604,0.376386344,0.327482402,-0.005154422,0.39377746,0.205915317,-0.02738969,0.407108307,0.129619598,-0.0465548,0.418444782,0.058836818,-0.059627321,0.332757831,0.358368337,-0.019335076,0.347992629,0.26526317,-0.041047949,0.359302849,0.202989802,-0.052537289,0.368959099,0.138989344,-0.060414381
A,0.362544239,0.663881779,4.83E-07,0.439706624,0.603358209,-0.0333075,0.487971842,0.489075214,-0.040034048,0.496423244,0.390490323,-0.046358395,0.499747723,0.306973755,-0.050973535,0.448850125,0.334562629,0.007343079,0.471780092,0.227471113,-0.013817782,0.482181758,0.163331643,-0.03746121,0.488824427,0.101057261,-0.055588562,0.409654349,0.31844306,0.004837736,0.432206154,0.191093206,-0.01371289,0.445376307,0.109075576,-0.036770161,0.45615837,0.031380773,-0.054306839,0.370059371,0.326928467,-0.005761958,0.387142777,0.205510363,-0.027687758,0.399817467,0.129240096,-0.046511937,0.410351694,0.057708263,-0.059438374,0.327400029,0.35619241,-0.020767849,0.34302482,0.26292783,-0.04177006,0.355152786,0.201355845,-0.052626707,0.366108179,0.137905404,-0.060256682
A,0.362179279,0.6645509,4.87E-07,0.44070816,0.60607779,-0.033855826,0.487546682,0.488899887,-0.040153239,0.496744722,0.389170527,-0.045794133,0.501229942,0.308837026,-0.049393445,0.451088965,0.335901111,0.007168521,0.472625434,0.229745835,-0.012280188,0.482245624,0.166094691,-0.034403086,0.488253266,0.104841471,-0.051601771,0.411164731,0.319028854,0.005656335,0.433000624,0.190713316,-0.011376167,0.446669787,0.109048814,-0.032396913,0.457556188,0.033979177,-0.048207887,0.370910525,0.327674448,-0.003940701,0.388319105,0.206023455,-0.024838874,0.400668234,0.130857855,-0.042554889,0.410382003,0.061365575,-0.054449931,0.328050733,0.356763482,-0.018007675,0.342973351,0.263825178,-0.03841503,0.353235841,0.202009171,-0.049070325,0.36191234,0.13870737,-0.056353081
A,0.363151908,0.664695859,4.74E-07,0.442478657,0.603539646,-0.032070812,0.488064528,0.487056553,-0.037642721,0.49556312,0.389453471,-0.043047003,0.500690937,0.309574395,-0.046676394,0.450309038,0.336982667,0.008716308,0.472371399,0.230517223,-0.010463669,0.481842279,0.16668424,-0.032589976,0.487402558,0.104397982,-0.04999515,0.41085884,0.320356756,0.006218901,0.433676034,0.192408055,-0.010838729,0.447066188,0.110745162,-0.032666609,0.457393825,0.034128577,-0.049316723,0.370935202,0.328859925,-0.004201826,0.388247639,0.207584113,-0.024968242,0.399813861,0.132570893,-0.043476775,0.408435613,0.062742114,-0.056155436,0.32834211,0.357533097,-0.01891565,0.343409956,0.263740271,-0.039133605,0.354003102,0.201781645,-0.050128605,0.363002062,0.13841635,-0.057900842
A,0.36604327,0.666991949,4.67E-07,0.445918947,0.607625008,-0.031555284,0.492303073,0.490658581,-0.035947021,0.498935133,0.391209692,-0.039985891,0.506208062,0.311722755,-0.04216706,0.452654451,0.346072227,0.009206274,0.476033777,0.23939994,-0.009757859,0.48727721,0.174481854,-0.030976076,0.494369805,0.11207363,-0.047352467,0.413815439,0.327480257,0.007120729,0.43824479,0.19922629,-0.009353242,0.451929301,0.116888851,-0.029273191,0.462631464,0.041657299,-0.044190362,0.374837995,0.333729863,-0.00294826,0.393912435,0.210821748,-0.022995116,0.407318026,0.133800671,-0.0398289,0.418022186,0.063695699,-0.051108044,0.332823634,0.359147966,-0.017345704,0.348696649,0.263826489,-0.036518227,0.360293508,0.200474933,-0.046244048,0.370814353,0.137657046,-0.052938767
A,0.368452311,0.66733253,4.71E-07,0.447811276,0.606041431,-0.03020961,0.491593599,0.488539279,-0.034063723,0.498643935,0.390629441,-0.038004026,0.507242024,0.312586904,-0.040116951,0.456578702,0.341035426,0.011953784,0.477760524,0.235682696,-0.005891196,0.488374949,0.172908247,-0.026878649,0.495388418,0.11247173,-0.043292098,0.41754517,0.324350417,0.009111316,0.439226925,0.197243765,-0.006439619,0.452610612,0.116746426,-0.026757514,0.463359803,0.042719394,-0.042042643,0.377975076,0.333426654,-0.001683801,0.395411104,0.212212622,-0.021617688,0.407204449,0.137642294,-0.039268967,0.416489184,0.068799257,-0.051058959,0.335076094,0.362799168,-0.01661087,0.350267857,0.268918335,-0.036322277,0.360874563,0.207007244,-0.046703316,0.369975895,0.144234553,-0.053774711
A,0.367921859,0.667514861,4.78E-07,0.448481053,0.60583967,-0.031391203,0.493338346,0.490002811,-0.03635069,0.500753641,0.391748041,-0.041196421,0.508069634,0.311928332,-0.044184253,0.457169086,0.343814194,0.010249594,0.47930479,0.237804115,-0.008365481,0.490241051,0.17493239,-0.029734284,0.497456849,0.114550322,-0.046325907,0.41856125,0.326672524,0.007925069,0.441181898,0.198942408,-0.008290036,0.454795152,0.118351609,-0.028865809,0.465553343,0.044399679,-0.044304915,0.378972024,0.335001945,-0.002388289,0.396975636,0.212555766,-0.022766374,0.409051538,0.137598455,-0.040411249,0.418326139,0.068439007,-0.052201532,0.335832655,0.363443524,-0.016893838,0.351767808,0.269921064,-0.036777079,0.362799495,0.207636848,-0.047174755,0.372080833,0.144668892,-0.054289717
A,0.371090204,0.667127252,5.13E-07,0.452395052,0.608115852,-0.036460955,0.50041151,0.494442701,-0.043860529,0.508930922,0.39391768,-0.049952935,0.516143203,0.312164426,-0.054223102,0.464274377,0.34708479,0.003388231,0.486815006,0.24117665,-0.018121241,0.498226285,0.177668944,-0.041478179,0.50616163,0.1161668,-0.059047412,0.423609972,0.32850942,0.003273814,0.447427452,0.199890733,-0.015413606,0.462328672,0.118671924,-0.037111361,0.475270212,0.045062095,-0.052873105,0.382679939,0.336022049,-0.005011401,0.400964797,0.21204105,-0.027605394,0.414578378,0.134461999,-0.046027008,0.426567048,0.064768314,-0.057806138,0.338723421,0.364073873,-0.017832357,0.355058968,0.269590437,-0.038871739,0.366718292,0.206792563,-0.049444947,0.377157539,0.145208329,-0.056316469
A,0.372321069,0.668845296,5.02E-07,0.453838617,0.60756588,-0.03419669,0.500677824,0.490326881,-0.040065106,0.508751988,0.389705837,-0.045184527,0.518265486,0.30915451,-0.048423786,0.467295647,0.342840463,0.007973461,0.489567637,0.238238588,-0.011771236,0.501530349,0.17580685,-0.034344818,0.510509372,0.115125477,-0.051708139,0.427180648,0.324844629,0.006962044,0.450228781,0.199040413,-0.010154155,0.465237617,0.118029177,-0.031666886,0.478429675,0.043135524,-0.047644533,0.386212736,0.333453894,-0.002276868,0.404265851,0.212078124,-0.0236899,0.417070925,0.136143833,-0.042393569,0.427982599,0.066178769,-0.054721396,0.341633201,0.363011092,-0.015919628,0.357986152,0.269063383,-0.036642194,0.36926043,0.207471803,-0.047596827,0.378986269,0.145285934,-0.054912992
A,0.374391556,0.667964697,5.06E-07,0.455873042,0.607560575,-0.035733737,0.503705084,0.491103888,-0.042349562,0.511829436,0.390443027,-0.047858194,0.520666778,0.309906483,-0.051382698,0.470876962,0.342851996,0.006188296,0.49309808,0.238731667,-0.014407398,0.504802942,0.176752776,-0.037671272,0.513378024,0.116695672,-0.055295885,0.430161893,0.323908925,0.006036998,0.453231841,0.197249711,-0.011448269,0.468603402,0.11647898,-0.032836895,0.482325703,0.042400241,-0.048557751,0.38888064,0.331592113,-0.002441558,0.40685761,0.209570512,-0.024063786,0.420121223,0.133764595,-0.042244088,0.431784779,0.064318776,-0.054027282,0.344375014,0.360218376,-0.015485937,0.360813648,0.266366333,-0.035844292,0.372254312,0.205214486,-0.04609352,0.382212728,0.143996656,-0.052822068
A,0.390441,0.679308653,5.39E-07,0.474283814,0.62013644,-0.036494803,0.526092291,0.49702245,-0.042794064,0.532082319,0.392387837,-0.047931045,0.546430588,0.310093224,-0.050730303,0.488277793,0.350397378,0.007208171,0.514221907,0.244598255,-0.014401744,0.527452826,0.178105861,-0.037895221,0.537593603,0.114706129,-0.055382404,0.446566284,0.329600811,0.007370073,0.472920001,0.203631014,-0.010975618,0.489899635,0.11858356,-0.031941805,0.505890787,0.04043892,-0.046770371,0.405421913,0.335952222,-0.00107615,0.425869375,0.210338831,-0.022866886,0.441252917,0.130618364,-0.039679583,0.456149757,0.057253212,-0.050115582,0.360941172,0.365258962,-0.014361904,0.377719045,0.26893568,-0.034421444,0.390805513,0.20410414,-0.043905143,0.404365391,0.140018001,-0.049673706
A,0.395263404,0.680437267,5.86E-07,0.48387605,0.623320699,-0.039164811,0.539081633,0.506983995,-0.04635115,0.544280767,0.398576051,-0.051599361,0.550548792,0.313701689,-0.054673113,0.496117443,0.353529662,0.006565505,0.521212876,0.246032283,-0.014718105,0.534384072,0.178420827,-0.038308877,0.544832945,0.114148408,-0.055920832,0.453427136,0.33252883,0.007988768,0.480239719,0.201426238,-0.01049996,0.499073714,0.115601957,-0.032335032,0.516330838,0.038562924,-0.047770415,0.411251128,0.338042498,0.000543882,0.432587057,0.210281432,-0.022731639,0.449146301,0.128446132,-0.041961022,0.464534163,0.054623663,-0.053670529,0.36611563,0.364542335,-0.011682408,0.385577708,0.267099082,-0.033549767,0.400896043,0.20334971,-0.044734921,0.415945441,0.140567333,-0.051537171
A,0.405153811,0.688894868,6.48E-07,0.495771855,0.63029474,-0.039716151,0.551704288,0.507943451,-0.045432184,0.555262089,0.396681637,-0.049291681,0.560167551,0.309446573,-0.050629698,0.509387732,0.34624517,0.011685656,0.531807065,0.234466344,-0.007245169,0.543302238,0.16304408,-0.029735737,0.552310526,0.095381021,-0.046776593,0.465121746,0.326647639,0.013195781,0.492557257,0.189626485,-0.003095231,0.510814786,0.098270893,-0.02422463,0.527340412,0.016271323,-0.038838983,0.421350658,0.334201366,0.005408709,0.444344759,0.203410223,-0.016707437,0.458656162,0.121364772,-0.035031989,0.471012324,0.048009664,-0.045417454,0.374431044,0.364382446,-0.007419964,0.39624685,0.263554692,-0.028749891,0.410793751,0.198659763,-0.038905222,0.42440024,0.134933174,-0.044337496
A,0.403346896,0.699167728,5.37E-07,0.497805804,0.629671693,-0.033320494,0.551624775,0.504967153,-0.036667004,0.556975245,0.395173848,-0.040166873,0.566185117,0.30790773,-0.041324243,0.511379778,0.340653509,0.025843663,0.532228947,0.230872974,0.01044792,0.544556797,0.163605541,-0.011651373,0.555688739,0.09905827,-0.029885937,0.466356069,0.322582752,0.025082437,0.490103394,0.198064744,0.011857585,0.50837034,0.124299258,-0.008704112,0.526344895,0.056806505,-0.024080636,0.421209097,0.329214126,0.014684968,0.439401656,0.202870935,-0.004370496,0.451516688,0.122796357,-0.020640302,0.462712646,0.047063112,-0.031220522,0.373441875,0.358871907,-0.000599419,0.392078787,0.257721424,-0.0191535,0.404756397,0.193718404,-0.027748248,0.416876882,0.12659964,-0.033258371
A,0.401697248,0.701498508,5.39E-07,0.49641341,0.630215049,-0.033796635,0.548359096,0.50024581,-0.035982136,0.553363681,0.389492899,-0.038544133,0.561892748,0.301988304,-0.0387084,0.508605421,0.343726277,0.026918732,0.52942276,0.232738018,0.011534738,0.540108502,0.162087351,-0.010072233,0.55026871,0.094637752,-0.028155789,0.463789493,0.325691402,0.02627155,0.486851901,0.201059982,0.012595907,0.503768742,0.126248866,-0.007729649,0.521654367,0.058173686,-0.02286689,0.418946534,0.332607448,0.015705567,0.437547982,0.203770816,-0.004473085,0.448768914,0.120947182,-0.02134536,0.459389865,0.043568045,-0.032202937,0.372023195,0.362025201,0.000173989,0.39056772,0.260297537,-0.01962062,0.402855515,0.195425987,-0.029264202,0.414717495,0.127840668,-0.035515353
A,0.402862817,0.697874784,5.63E-07,0.493791372,0.629225433,-0.036446515,0.544802964,0.499823302,-0.040121164,0.546576798,0.388336778,-0.043418061,0.555660963,0.299382061,-0.04391735,0.508703649,0.33848083,0.02371813,0.52842623,0.226229534,0.008371254,0.538290262,0.156281799,-0.012733296,0.548191011,0.090040207,-0.030346937,0.463276386,0.32112202,0.02417152,0.484933227,0.194956243,0.010635406,0.500754714,0.11940679,-0.009619402,0.518497944,0.051459223,-0.024695337,0.418316394,0.329025894,0.014673514,0.436418533,0.199677899,-0.005592739,0.447656214,0.117696434,-0.02272241,0.459171414,0.042268753,-0.033611827,0.371600658,0.359586209,6.90E-05,0.390076518,0.25783059,-0.020033905,0.402718246,0.193297133,-0.029939253,0.415531814,0.127135634,-0.03617819
A,0.400061011,0.698049664,5.30E-07,0.492637098,0.625565052,-0.032757308,0.542384684,0.4949736,-0.034585208,0.546280742,0.384575635,-0.037044607,0.555443943,0.297646075,-0.03731595,0.504466712,0.342092007,0.027306454,0.526027977,0.231876299,0.011509451,0.53787303,0.161872536,-0.010492296,0.548644543,0.094726503,-0.028883237,0.461292446,0.322612375,0.026024111,0.485468596,0.198247612,0.01213961,0.502585411,0.12315923,-0.008905535,0.521092892,0.053582996,-0.024739744,0.417455286,0.328990191,0.014951911,0.435498893,0.201722175,-0.005034677,0.446401387,0.12025097,-0.022579268,0.457183927,0.043693513,-0.034201503,0.370842099,0.358560979,-0.001003753,0.389006287,0.257807374,-0.02049342,0.400994748,0.194357798,-0.030388322,0.412717402,0.128430665,-0.03709095
A,0.397893071,0.694426179,4.88E-07,0.487174749,0.623542905,-0.030630233,0.534918725,0.494938463,-0.031861976,0.539674997,0.386621058,-0.033935606,0.547514558,0.301404744,-0.033827551,0.500472188,0.343234211,0.026296541,0.522355258,0.233190939,0.010757903,0.533744693,0.164745465,-0.010349846,0.543316483,0.098864287,-0.028012494,0.458482683,0.324143052,0.024218172,0.482730031,0.202100053,0.010493734,0.500213742,0.130265415,-0.009241883,0.518394053,0.064139903,-0.024054307,0.415126562,0.330361038,0.01267211,0.43331477,0.203257278,-0.00701114,0.444498539,0.122193217,-0.023699692,0.45549202,0.046038061,-0.034794994,0.368902743,0.358998805,-0.003494913,0.386192411,0.2587322,-0.02272683,0.398061335,0.195566893,-0.032105207,0.409933984,0.130391032,-0.038411725
A,0.398133308,0.693831921,5.91E-07,0.48711127,0.623449445,-0.033960175,0.533835113,0.49730292,-0.037723903,0.53872329,0.387888402,-0.041991193,0.548597991,0.301863223,-0.043943573,0.499291509,0.342843741,0.024499053,0.521845818,0.23132205,0.008794287,0.533172846,0.16131337,-0.012336742,0.543310761,0.094362676,-0.029676564,0.457333505,0.324342459,0.022868454,0.482129991,0.196454167,0.009489813,0.498106122,0.115031272,-0.011059861,0.515272915,0.039718688,-0.026527736,0.414578587,0.332404822,0.011506699,0.43400079,0.205276012,-0.008381069,0.445558578,0.123380691,-0.026520649,0.456811816,0.049448341,-0.038293555,0.368904799,0.362302959,-0.004778068,0.38791424,0.260678172,-0.024648845,0.401249707,0.196380675,-0.034886796,0.414304018,0.13278535,-0.041578215
A,0.399000973,0.692162812,5.47E-07,0.48654449,0.622797012,-0.033463288,0.534279466,0.495976001,-0.036391385,0.53893882,0.387166589,-0.039591864,0.54711163,0.303516179,-0.040483043,0.498998791,0.341783822,0.023569785,0.521236837,0.231297836,0.007239301,0.532772958,0.164149836,-0.014505825,0.542893469,0.098170012,-0.032292996,0.457577556,0.322184712,0.021944856,0.482300341,0.194903329,0.007591806,0.49830699,0.115213335,-0.013497908,0.514719844,0.041279733,-0.029350774,0.414837182,0.329557955,0.01066709,0.434565693,0.203344777,-0.009786753,0.446485132,0.123061568,-0.028112294,0.458087415,0.049325913,-0.040065214,0.368929148,0.358175546,-0.005472559,0.389076471,0.257722378,-0.025350187,0.402747363,0.194193318,-0.035678104,0.416350007,0.130272627,-0.042623986
A,0.396984398,0.690184832,5.26E-07,0.484140575,0.621801734,-0.032531328,0.532484651,0.495028377,-0.035273187,0.538078606,0.38847357,-0.038511198,0.54439044,0.307787985,-0.039539419,0.497822583,0.343392044,0.022390081,0.520026445,0.232343063,0.005377484,0.532180309,0.165075958,-0.016436845,0.542345285,0.100514084,-0.033845704,0.457034886,0.324263036,0.020555045,0.482036352,0.195816725,0.006090018,0.497934371,0.114868462,-0.014687729,0.513537109,0.03965202,-0.030198675,0.414836675,0.331103563,0.009271411,0.434078932,0.204738632,-0.010322998,0.445727438,0.124021202,-0.028130669,0.456248313,0.050174952,-0.03986115,0.368926227,0.358795106,-0.006854907,0.387995064,0.258850724,-0.025544347,0.400528312,0.194985732,-0.035282601,0.412249684,0.13060084,-0.041944381
A,0.396591038,0.691322267,5.31E-07,0.484705836,0.622765005,-0.03102519,0.531406999,0.494238079,-0.032469198,0.536242425,0.386292785,-0.0346976,0.544290066,0.305091828,-0.034707468,0.496574223,0.342899859,0.026162587,0.519023418,0.231922939,0.011317926,0.531314075,0.164267838,-0.009261822,0.541911364,0.099635303,-0.026240872,0.455610126,0.323079467,0.024005748,0.481026679,0.196273163,0.011471643,0.497484863,0.116930217,-0.008575509,0.514349341,0.04352504,-0.023783186,0.413406402,0.329332083,0.012416529,0.432130277,0.203396931,-0.005701575,0.443941534,0.123326808,-0.023308182,0.455050945,0.049889565,-0.035185903,0.367867917,0.357586503,-0.003925859,0.386689961,0.257543653,-0.021755299,0.398664087,0.194125682,-0.03138331,0.409919918,0.129990369,-0.038156968
A,0.39615345,0.690778255,5.36E-07,0.483240008,0.623000562,-0.032533795,0.530756116,0.494689673,-0.034393035,0.535550356,0.386334389,-0.036631182,0.543987691,0.304944515,-0.03642267,0.496148795,0.34289521,0.024727162,0.518466949,0.231416792,0.00954377,0.53037864,0.164158195,-0.011267537,0.540873945,0.09885776,-0.028316196,0.455280095,0.322707832,0.023172973,0.479762852,0.194569767,0.010239475,0.49513799,0.113863111,-0.010146272,0.510709584,0.039322168,-0.025505602,0.413084447,0.328931749,0.012134408,0.431758523,0.20325993,-0.006550935,0.442997426,0.123251736,-0.024316465,0.453625768,0.049878925,-0.036076203,0.367379367,0.356434703,-0.00376612,0.38636753,0.257081509,-0.021938046,0.398697972,0.194189847,-0.031474121,0.41039902,0.130893767,-0.038006313
A,0.39492178,0.690764248,5.06E-07,0.482711494,0.621279657,-0.030033767,0.530362666,0.491881549,-0.031055465,0.535280704,0.384705931,-0.033076931,0.542342305,0.305275142,-0.032881569,0.494791269,0.340925217,0.027463837,0.516279578,0.231058031,0.012917797,0.528563261,0.164801776,-0.007479771,0.539600134,0.101023227,-0.024450701,0.453503668,0.322157353,0.02506781,0.478050113,0.198411539,0.012654838,0.494820237,0.124057204,-0.006762376,0.51248765,0.05515027,-0.021451693,0.411122888,0.328516245,0.013260144,0.429667562,0.203285798,-0.004828488,0.440982044,0.123995274,-0.021387482,0.45197466,0.050497025,-0.032504987,0.365319043,0.356355458,-0.003242869,0.383858711,0.255933106,-0.020883981,0.395830393,0.192929775,-0.029788399,0.407426119,0.128937691,-0.035969455
A,0.394626498,0.68524766,5.41E-07,0.480289876,0.62041539,-0.033905927,0.527922153,0.493982583,-0.036919285,0.533181548,0.386547536,-0.039912801,0.539086938,0.303711057,-0.040449608,0.493934989,0.340918213,0.020478318,0.516178906,0.230072632,0.003908411,0.527589321,0.161971316,-0.017125327,0.537469983,0.096558899,-0.034076344,0.453149587,0.321097374,0.019563554,0.478136003,0.194745198,0.005323144,0.493837953,0.115604252,-0.014805569,0.510222614,0.042895585,-0.029748306,0.411073595,0.327238262,0.009301401,0.43006888,0.201971039,-0.010278069,0.441410661,0.122790962,-0.027531927,0.452665567,0.050601989,-0.038791142,0.365467399,0.354680151,-0.005871977,0.383978724,0.256156504,-0.024657128,0.396549284,0.193717986,-0.034163486,0.409195483,0.130875975,-0.040492442
A,0.393530548,0.686635733,5.60E-07,0.480323374,0.619182348,-0.033840511,0.528214574,0.494491845,-0.03800587,0.535002708,0.388052076,-0.042690743,0.543175161,0.305740535,-0.045098547,0.493935317,0.3400473,0.022988424,0.515685141,0.230028108,0.006988671,0.527362585,0.162588924,-0.014449019,0.537388861,0.097757339,-0.031959217,0.452816963,0.321242511,0.021412479,0.477766871,0.195159286,0.008158185,0.49323386,0.116780639,-0.012330283,0.509096086,0.043660969,-0.027817523,0.410304904,0.328123152,0.010292605,0.429642826,0.202892154,-0.008492355,0.440449446,0.123226821,-0.025645131,0.450356722,0.049971491,-0.037091494,0.364078373,0.35671252,-0.005835978,0.383314341,0.257571787,-0.02416702,0.395394146,0.193896785,-0.033369977,0.40656963,0.130021453,-0.039636448
A,0.392652214,0.685212672,5.34E-07,0.47960031,0.618548751,-0.033084337,0.527565598,0.49197945,-0.036042143,0.533594489,0.38511762,-0.039376285,0.540806472,0.304037094,-0.040443547,0.493227303,0.339562237,0.022658197,0.51515913,0.22962226,0.006937635,0.526750505,0.16234313,-0.014097673,0.536883295,0.097569495,-0.03145029,0.452092081,0.32032001,0.021207131,0.477121353,0.195103139,0.007745919,0.492861748,0.117421001,-0.012788207,0.509078979,0.045104861,-0.028306589,0.409571916,0.327020764,0.010400405,0.428532034,0.202027515,-0.008691654,0.439513683,0.122698963,-0.026352642,0.449796677,0.049359024,-0.038150337,0.363687843,0.355506361,-0.005248324,0.38237083,0.256472647,-0.023878487,0.394317389,0.193383828,-0.033633258,0.405555159,0.12964505,-0.040363207
A,0.392853647,0.685269773,5.45E-07,0.479911238,0.617762506,-0.032961614,0.527293324,0.492677957,-0.036463477,0.533137083,0.386473775,-0.040497456,0.539760113,0.304975122,-0.042390767,0.492270321,0.339353144,0.022606974,0.51441443,0.229472801,0.006392511,0.526422262,0.162147969,-0.014858807,0.536833048,0.097549945,-0.032255929,0.451200396,0.320954621,0.020824108,0.476579666,0.196217924,0.006909455,0.492744982,0.119768888,-0.013502671,0.509392023,0.048786163,-0.028839858,0.408791155,0.328079402,0.009596182,0.42813468,0.202913463,-0.01001076,0.43919003,0.122964174,-0.027593918,0.449633867,0.049171537,-0.039264277,0.362917632,0.356889844,-0.006461855,0.382329345,0.25759396,-0.025638776,0.394789368,0.194222346,-0.035512377,0.40667972,0.13042292,-0.042235207
A,0.392094135,0.684378624,5.38E-07,0.478592753,0.618147075,-0.031739917,0.525880933,0.488297582,-0.033348937,0.531257331,0.381465465,-0.035336886,0.538493633,0.301106691,-0.035010703,0.490999579,0.338103563,0.023287416,0.51308614,0.227188781,0.007983496,0.525502384,0.159354746,-0.012204034,0.536564589,0.09512502,-0.028828958,0.449772894,0.319370717,0.021691144,0.474646568,0.195036635,0.008359786,0.49149856,0.118417829,-0.011231096,0.509253621,0.048178881,-0.025809778,0.407354325,0.325779408,0.010833749,0.426349998,0.200187832,-0.008285167,0.437662482,0.120764583,-0.025359601,0.448706567,0.047417521,-0.036585901,0.36155957,0.353792042,-0.004701107,0.379908562,0.255318463,-0.023434458,0.391931206,0.192453668,-0.033080038,0.403892696,0.128082544,-0.039599236
A,0.389062524,0.683797121,5.36E-07,0.475995272,0.617586076,-0.031239821,0.522562027,0.487639487,-0.032685082,0.528153777,0.380062282,-0.034702495,0.535703897,0.298892617,-0.034611527,0.487704873,0.335971117,0.023612013,0.50974679,0.225353852,0.008658476,0.521429956,0.157357156,-0.01171169,0.531618714,0.092208743,-0.028839421,0.446205139,0.317831308,0.021405887,0.470859706,0.193185106,0.008237125,0.486999512,0.115226835,-0.012205319,0.503687143,0.04209587,-0.027778681,0.403443694,0.325794131,0.010058931,0.421085358,0.199768797,-0.009499803,0.431815326,0.120887309,-0.027642181,0.441733748,0.047595978,-0.039754111,0.35736075,0.356081456,-0.005841618,0.375360698,0.25690949,-0.025503526,0.387264818,0.194189176,-0.036054928,0.398665756,0.130340338,-0.043331355
A,0.389755607,0.683719635,5.39E-07,0.474851876,0.617625475,-0.033877578,0.522715092,0.489539713,-0.036954176,0.526826084,0.381114364,-0.040003356,0.533291399,0.300282836,-0.040765863,0.487509608,0.335811704,0.020752149,0.509145916,0.224949315,0.005131898,0.52041465,0.157877088,-0.015657835,0.529827118,0.092756838,-0.032824665,0.445847332,0.317847759,0.019394493,0.470250636,0.191185579,0.00601007,0.485907078,0.11267972,-0.014169339,0.501356184,0.03911069,-0.029438237,0.403119028,0.326049924,0.008691382,0.422260106,0.200178713,-0.010913431,0.433489889,0.120274693,-0.028752981,0.443380177,0.046177715,-0.040586673,0.356638074,0.355775654,-0.00683657,0.375085175,0.255962431,-0.026435366,0.387259185,0.19231829,-0.036525711,0.39842245,0.127782494,-0.043374587
A,0.388977855,0.682617486,5.46E-07,0.474120408,0.615494907,-0.033692364,0.521977365,0.488928616,-0.037464242,0.528613091,0.380446941,-0.041452225,0.53878963,0.299575388,-0.043201674,0.486142039,0.33565408,0.021026533,0.507609308,0.224915087,0.005006048,0.519307852,0.158186853,-0.016319724,0.529217899,0.093507141,-0.03381709,0.444718689,0.317838043,0.01961172,0.46908626,0.190450311,0.006223538,0.485432267,0.1114057,-0.014352407,0.501802087,0.036912084,-0.03003338,0.402132809,0.325922579,0.008898572,0.420741588,0.200112984,-0.010320771,0.432154,0.120323747,-0.027996188,0.442343205,0.046466827,-0.039879166,0.355910718,0.355484307,-0.006644325,0.373410285,0.256418943,-0.025569526,0.385111958,0.192695618,-0.035181209,0.395732492,0.128309846,-0.041803434
A,0.389654458,0.681153059,5.54E-07,0.473213822,0.614888072,-0.03470837,0.52064538,0.491293311,-0.039643303,0.527251124,0.384506255,-0.044555597,0.535336375,0.303379416,-0.047179166,0.485775352,0.334985673,0.018888909,0.506738484,0.2255086,0.001843265,0.518332899,0.159897506,-0.020101318,0.528270066,0.095738858,-0.037820142,0.444068611,0.316930771,0.017679725,0.467749059,0.189002484,0.003430111,0.483826041,0.109008461,-0.017361937,0.499960691,0.033152342,-0.033089746,0.401234567,0.325240284,0.007149152,0.419710696,0.199524671,-0.012917629,0.430544764,0.119799316,-0.030696927,0.440057993,0.046060175,-0.042425286,0.355084926,0.3553361,-0.008248588,0.372970104,0.25694564,-0.027710332,0.384533465,0.19351615,-0.037308879,0.394621134,0.129472911,-0.043771993
A,0.388083547,0.680880725,5.38E-07,0.471966267,0.615408182,-0.033888806,0.519898474,0.491075069,-0.038167484,0.526849687,0.384891152,-0.042445395,0.534917295,0.303433239,-0.044422876,0.485004842,0.33503592,0.019653577,0.506321311,0.226250693,0.002640883,0.517607033,0.160910293,-0.019415161,0.52684319,0.096663982,-0.037236679,0.443632692,0.316770852,0.018344037,0.468039334,0.190535054,0.003782542,0.484241962,0.111629635,-0.016976299,0.500205636,0.037738055,-0.032503787,0.401003361,0.324775159,0.007771811,0.419509411,0.198843002,-0.012572527,0.430061966,0.119172603,-0.030106833,0.439281106,0.045679122,-0.041518155,0.355565131,0.354495972,-0.007576048,0.374416411,0.256446719,-0.027060203,0.385599017,0.193466246,-0.036399093,0.395190686,0.129615337,-0.042575322
A,0.387425274,0.681283593,5.54E-07,0.470858514,0.616793096,-0.035540737,0.519310892,0.492079139,-0.040968582,0.526885569,0.384030282,-0.046228684,0.535247087,0.303675205,-0.049194507,0.485049725,0.335481554,0.018027725,0.506546974,0.225944281,0.00094582,0.517835796,0.159314856,-0.020711239,0.526987433,0.095080823,-0.038255543,0.443088681,0.31743443,0.01721653,0.467781335,0.19039771,0.002845163,0.483939171,0.111642212,-0.01732765,0.499913126,0.037655324,-0.032446008,0.400295436,0.325397134,0.007000996,0.419148743,0.199056298,-0.013180125,0.430423319,0.118653148,-0.030532653,0.440424979,0.04489246,-0.041975584,0.354133159,0.354844123,-0.008185092,0.371851861,0.256391823,-0.027794501,0.383384258,0.19298926,-0.037406024,0.393787771,0.129097044,-0.043876845
A,0.386315167,0.681559801,5.52E-07,0.47071597,0.617037356,-0.034978662,0.519512236,0.490990728,-0.039852437,0.526437402,0.381923109,-0.04455277,0.537007093,0.301085114,-0.046864867,0.48487404,0.333779573,0.019322766,0.50644511,0.224802047,0.002786542,0.517684042,0.158821657,-0.018670106,0.526958108,0.094868451,-0.036136288,0.442873091,0.315823048,0.018446799,0.467614263,0.188966557,0.00450422,0.483988881,0.110374272,-0.01536788,0.500215769,0.036668271,-0.03020844,0.400022537,0.324224353,0.008150239,0.418823898,0.198292658,-0.011934109,0.430076778,0.118485421,-0.028961204,0.440087169,0.044994771,-0.040041704,0.353928894,0.354581892,-0.007072926,0.372673422,0.256898046,-0.026650134,0.384402633,0.193919361,-0.036034252,0.394661874,0.129979342,-0.042228695
A,0.386919439,0.682450891,5.45E-07,0.471472919,0.616788208,-0.034937561,0.519240618,0.49359408,-0.040403858,0.525791287,0.385832965,-0.045905907,0.537080228,0.304084212,-0.049045309,0.485432923,0.335150719,0.020761188,0.506905258,0.227191508,0.004118363,0.518101811,0.162558153,-0.017980112,0.527418494,0.098951787,-0.036064398,0.443556428,0.31667769,0.019694833,0.467946202,0.190898702,0.005665928,0.48418048,0.114141107,-0.014866591,0.500627398,0.041865319,-0.030431101,0.400555968,0.32426846,0.009073726,0.41972971,0.198838949,-0.011082502,0.430696964,0.119338095,-0.028444568,0.440530658,0.045809627,-0.039946925,0.354547441,0.354029775,-0.006469036,0.374022692,0.256271631,-0.026003167,0.385911554,0.193423107,-0.035408784,0.396250486,0.129289746,-0.041790951
A,0.387764901,0.681888342,5.40E-07,0.471802533,0.616630852,-0.033685643,0.518931925,0.490635008,-0.037684962,0.524910152,0.383271813,-0.041765921,0.535777092,0.303691506,-0.043473914,0.486179769,0.334129602,0.021617122,0.507218122,0.225648612,0.005961114,0.518321753,0.16058667,-0.01526229,0.527546585,0.09675014,-0.03275124,0.444088101,0.31566748,0.020199096,0.46828714,0.18895781,0.006935445,0.484258771,0.110960126,-0.013092049,0.500233531,0.03737393,-0.028204577,0.401276529,0.323719651,0.009399179,0.419947565,0.198352963,-0.01020862,0.430911392,0.119258344,-0.027601089,0.44067964,0.04600063,-0.039052352,0.3555035,0.353717804,-0.006216591,0.374298692,0.255843103,-0.025385445,0.385801643,0.193769827,-0.034715027,0.395802319,0.130635619,-0.041011788
A,0.387212873,0.682246804,5.47E-07,0.471275061,0.617286325,-0.035421692,0.518838525,0.494471937,-0.041417025,0.526082039,0.386233211,-0.047374271,0.53756237,0.303297609,-0.05094545,0.48538053,0.334736466,0.01976509,0.506794035,0.226696044,0.002819499,0.517940164,0.161591113,-0.019461401,0.527249038,0.097490758,-0.037744947,0.4436194,0.316460401,0.018775282,0.46802479,0.19102484,0.004580011,0.484324634,0.114315242,-0.015980557,0.500765622,0.042003006,-0.031709228,0.400687993,0.324482173,0.008226965,0.419831544,0.199163526,-0.012058757,0.430903286,0.119929969,-0.029376205,0.440778375,0.046641707,-0.040956527,0.35488975,0.354702234,-0.0072951,0.374242753,0.257194102,-0.027165722,0.386142612,0.194249481,-0.036837462,0.396466315,0.130256534,-0.043440033
A,0.387205303,0.681874394,5.42E-07,0.471261889,0.616265237,-0.03345333,0.518392384,0.490241677,-0.037726663,0.525559783,0.382569611,-0.042172708,0.537693441,0.302167535,-0.044252373,0.48520577,0.334522128,0.021229589,0.507141471,0.225475535,0.005468297,0.518589616,0.159993351,-0.01573183,0.527968168,0.096090466,-0.033215191,0.443489134,0.316442668,0.019664349,0.468258321,0.18972826,0.006439062,0.484491348,0.112050891,-0.013457086,0.500455737,0.039279222,-0.028606026,0.400850773,0.324499488,0.00877779,0.420014054,0.198719531,-0.010486118,0.430961609,0.119577795,-0.027534585,0.440400183,0.046699315,-0.038936954,0.35526973,0.354493618,-0.006929407,0.374335498,0.256445527,-0.025907494,0.385888845,0.193513289,-0.035239249,0.395885199,0.129641056,-0.041638926
A,0.385564893,0.681454659,5.18E-07,0.469833314,0.614378989,-0.032166466,0.517275751,0.487854928,-0.03535895,0.523430824,0.382051259,-0.038812365,0.531488657,0.302394092,-0.040153842,0.482520103,0.336826205,0.019177373,0.504962444,0.227580234,0.001226731,0.516977131,0.161345646,-0.021152696,0.52652806,0.096220374,-0.039185259,0.44122082,0.318392992,0.016991651,0.466411114,0.192245543,0.001055129,0.483050287,0.113745153,-0.020303344,0.498932421,0.039963901,-0.03613098,0.398488849,0.325999349,0.005785301,0.417163312,0.199942365,-0.015436647,0.428714037,0.119934916,-0.03339028,0.439024538,0.045515984,-0.045105942,0.352438897,0.355248302,-0.010007965,0.370849729,0.257428348,-0.029972628,0.383049279,0.194279298,-0.039743822,0.394358158,0.129906654,-0.046316817
A,0.385629386,0.680495501,5.42E-07,0.469424635,0.616135895,-0.033175517,0.515909374,0.48966831,-0.03692627,0.521787584,0.382323056,-0.040837292,0.531306565,0.302402437,-0.042485718,0.482654274,0.334162414,0.020755222,0.504332304,0.225548238,0.005132727,0.515495777,0.159728914,-0.01567685,0.524602115,0.095548838,-0.032803375,0.44072333,0.315449655,0.019024126,0.465186745,0.189145401,0.005891305,0.481184512,0.111120135,-0.013670348,0.497009516,0.037753403,-0.028478244,0.397987694,0.323169053,0.008054487,0.4166345,0.197791427,-0.011114449,0.427868485,0.119035989,-0.028091138,0.437947661,0.046261251,-0.039411131,0.352089286,0.352741748,-0.007712144,0.370284379,0.254167765,-0.026593512,0.382216901,0.191724747,-0.035787106,0.393047303,0.128539562,-0.042055458
A,0.3848975,0.679937661,5.35E-07,0.468388349,0.614097357,-0.034267314,0.515130341,0.488851875,-0.038903281,0.521564662,0.381659091,-0.043582764,0.532351315,0.301533699,-0.046019979,0.481592834,0.3337349,0.019925164,0.503045797,0.225497842,0.003244289,0.514210939,0.16019845,-0.018830996,0.523301363,0.095874459,-0.037009265,0.439827204,0.315905929,0.018609934,0.464138567,0.19044438,0.004236938,0.479992449,0.112839878,-0.016779188,0.495684266,0.039215535,-0.032792121,0.39704749,0.324288189,0.007972171,0.416195333,0.199077547,-0.012371601,0.426958174,0.119823813,-0.030310851,0.436210185,0.046261668,-0.042294029,0.351430714,0.354562908,-0.007482745,0.370643377,0.256650388,-0.027292132,0.382173359,0.193446651,-0.037257098,0.392269611,0.128834456,-0.044141598
A,0.383901834,0.679181218,5.48E-07,0.467258602,0.612843931,-0.033771921,0.514262319,0.488408387,-0.038578544,0.521102071,0.381793141,-0.043572068,0.530581236,0.302132189,-0.046323188,0.480837703,0.332660437,0.019828642,0.501745582,0.224112883,0.003180214,0.512850761,0.158332467,-0.01837221,0.522227764,0.094118953,-0.035943523,0.438724935,0.314766347,0.018204354,0.462669134,0.188916609,0.004161745,0.478530616,0.110728115,-0.015977278,0.494394839,0.03677085,-0.031181902,0.395681411,0.323191702,0.007287723,0.413872868,0.198597848,-0.012561771,0.424869239,0.119296491,-0.029773945,0.434823811,0.045830458,-0.041206062,0.349426866,0.353494704,-0.008469425,0.367185473,0.255685031,-0.027782533,0.378651351,0.192575246,-0.037259024,0.389065862,0.128403217,-0.043707434
A,0.383930683,0.679138422,5.22E-07,0.46754542,0.611306131,-0.032218352,0.513696253,0.486301512,-0.036104642,0.519171417,0.381063879,-0.040413156,0.527141213,0.302091151,-0.042488482,0.479307353,0.332343221,0.021347882,0.500223398,0.224676684,0.004926343,0.511676788,0.160156712,-0.016683737,0.521034896,0.096655935,-0.034381937,0.437687308,0.314313829,0.019149214,0.461147428,0.189804718,0.005039097,0.477177262,0.11359629,-0.0151482,0.493018866,0.0419918,-0.03037825,0.394867569,0.322121263,0.007741305,0.412897557,0.197317719,-0.012131467,0.423881233,0.11834231,-0.029364416,0.433596611,0.044941872,-0.040856197,0.348949283,0.351725936,-0.008363887,0.366809636,0.254272044,-0.027597802,0.377940089,0.191729605,-0.037011869,0.387610525,0.128093839,-0.043471374
A,0.383584768,0.678402305,5.49E-07,0.465933859,0.611531258,-0.034375951,0.512101054,0.487345397,-0.039882265,0.518973053,0.381567687,-0.045515608,0.528762519,0.302347153,-0.049019299,0.479316205,0.33125779,0.018480007,0.499596804,0.2240372,0.001271421,0.510086775,0.158623084,-0.020954566,0.518548787,0.094081402,-0.039086223,0.437077612,0.313606799,0.016853852,0.460846782,0.187950641,0.002221531,0.476616472,0.11030823,-0.018409187,0.492351055,0.035705835,-0.033958837,0.39394021,0.322542727,0.005973795,0.412292063,0.197175309,-0.014539341,0.422764391,0.118612051,-0.032017261,0.431748807,0.045811146,-0.043473423,0.34778589,0.3536129,-0.00975512,0.365995556,0.254897952,-0.029595869,0.377718002,0.191677883,-0.039199825,0.38812542,0.12757349,-0.045635622
A,0.38260743,0.676208198,5.41E-07,0.465544254,0.609736681,-0.034768961,0.512634158,0.488656163,-0.040715378,0.518642426,0.383767694,-0.046584796,0.524321318,0.302370995,-0.050225709,0.478121519,0.330695897,0.017441446,0.498381197,0.223350197,-0.000299181,0.509313822,0.158799186,-0.022887513,0.518392444,0.094974577,-0.041157749,0.436254412,0.313076526,0.016160877,0.459686667,0.187551081,0.001070505,0.475909591,0.110608369,-0.019796042,0.492219746,0.037696451,-0.035574906,0.393321335,0.321527243,0.005646524,0.411268592,0.196097404,-0.015158457,0.421848625,0.117295176,-0.0327872,0.431304574,0.044572353,-0.044419777,0.34770745,0.352154613,-0.009702185,0.36542514,0.254262388,-0.029748779,0.376563787,0.191151544,-0.039553713,0.386415064,0.127021402,-0.046188302
A,0.376308173,0.675010443,5.11E-07,0.458566934,0.608830929,-0.033070117,0.506376207,0.490833849,-0.039103333,0.514910698,0.387588561,-0.045437265,0.517817736,0.303839266,-0.049768798,0.47091651,0.330611318,0.016599126,0.49116984,0.221717328,-0.001627474,0.501775026,0.155753598,-0.02448497,0.509862721,0.091109753,-0.042999785,0.428971171,0.314724475,0.014475308,0.451904535,0.192662105,-0.001174695,0.468282878,0.12080285,-0.022051301,0.483899534,0.054310709,-0.037896633,0.385873109,0.323169887,0.003460145,0.401973635,0.198447421,-0.016554272,0.413418353,0.119089127,-0.032658923,0.424144179,0.045132577,-0.043684527,0.33998695,0.353667021,-0.012352112,0.355340272,0.255007684,-0.031412844,0.366495728,0.191530436,-0.040052313,0.377123266,0.127608687,-0.04601115
A,0.374530643,0.673530757,5.06E-07,0.456308126,0.605697572,-0.028187601,0.502538979,0.480135649,-0.030391295,0.507825971,0.378256083,-0.033401754,0.510559857,0.300633699,-0.034551054,0.464940786,0.330588251,0.019689234,0.485710263,0.222875804,0.002904295,0.497719109,0.156730533,-0.017899493,0.507751584,0.093456209,-0.034682814,0.423190594,0.314010024,0.015942775,0.44641462,0.191524401,0.001388122,0.464103401,0.11707902,-0.017777614,0.481472135,0.049113482,-0.03205011,0.380565941,0.322376877,0.003718317,0.395970374,0.19686541,-0.015608028,0.407736212,0.118579239,-0.031764425,0.419092208,0.046882778,-0.042487107,0.335569888,0.352553785,-0.012767262,0.349329084,0.252933085,-0.031418465,0.360317856,0.1889745,-0.040520266,0.37190178,0.124738961,-0.046722662
A,0.373293698,0.672957182,5.23E-07,0.455966622,0.607324481,-0.031795632,0.502905428,0.481976032,-0.035341125,0.509116471,0.379050523,-0.039056573,0.512709975,0.30191052,-0.040457983,0.464397877,0.327202648,0.0200538,0.485440344,0.221525446,0.004672026,0.496290863,0.156647235,-0.016138792,0.504505098,0.093715668,-0.033293646,0.42240563,0.310240448,0.018245153,0.444587946,0.188147813,0.005791432,0.461510211,0.115941942,-0.012391279,0.478072315,0.049555123,-0.02629683,0.379866272,0.318072617,0.007513967,0.396917671,0.193823278,-0.010303578,0.408603221,0.118189067,-0.025170792,0.41904515,0.048414528,-0.035147998,0.335539222,0.347706258,-0.007980858,0.35046348,0.24997972,-0.025665987,0.360497296,0.186773956,-0.033837911,0.369656026,0.122590423,-0.03937348
A,0.372790128,0.673247039,5.32E-07,0.4551287,0.605818987,-0.032581612,0.501764417,0.482349992,-0.037415434,0.508327186,0.379897594,-0.042572785,0.51397723,0.302705437,-0.045431703,0.464191198,0.326515496,0.019730108,0.485407442,0.220964283,0.003298723,0.496642709,0.157065138,-0.018338375,0.504933715,0.094809353,-0.035940498,0.422145844,0.309884667,0.017783225,0.444894344,0.187323228,0.004243486,0.462401032,0.115021437,-0.014619817,0.479375899,0.047878653,-0.028810477,0.379506648,0.318403155,0.006719853,0.396619916,0.193632394,-0.012071883,0.408136129,0.117001086,-0.027326418,0.418392152,0.046283185,-0.037372448,0.334739506,0.349218458,-0.009179848,0.349941939,0.251087308,-0.027367154,0.35977,0.187371284,-0.035540011,0.368454635,0.122546732,-0.040971179
A,0.371373594,0.674128711,5.27E-07,0.454073012,0.607595205,-0.032783456,0.501895726,0.484167188,-0.037487082,0.508886695,0.380380094,-0.042336617,0.514075875,0.301395178,-0.044948667,0.463434368,0.328184307,0.018585246,0.485076368,0.221472397,0.001727888,0.496793836,0.157511428,-0.019974671,0.505480766,0.095414668,-0.03756436,0.421765387,0.311333358,0.016841667,0.444665551,0.187891707,0.002762013,0.462198973,0.115025967,-0.016383935,0.47877565,0.047717601,-0.030803336,0.379128426,0.319576025,0.005999458,0.396593094,0.19416292,-0.01349169,0.407999158,0.117043674,-0.02935748,0.417984515,0.045988202,-0.039830483,0.333987355,0.349730968,-0.009584757,0.349790275,0.251837015,-0.028669761,0.359872311,0.187921673,-0.03762453,0.36888963,0.122651309,-0.043600939
A,0.368970513,0.669155717,5.32E-07,0.451423556,0.602801859,-0.03079775,0.497802764,0.478507042,-0.034821134,0.50510031,0.375771731,-0.039553177,0.511411369,0.297253311,-0.042180933,0.460524976,0.326895684,0.019353451,0.481706917,0.219179332,0.002275795,0.494032085,0.153702229,-0.018940337,0.505086362,0.09084928,-0.03620689,0.419066161,0.309111923,0.0163121,0.442285597,0.185138375,0.001526402,0.45988813,0.110098541,-0.018269589,0.477760822,0.039827555,-0.033191301,0.376543134,0.316562951,0.004412232,0.39227435,0.191586137,-0.015780637,0.402968228,0.114650548,-0.032436933,0.413191795,0.043017596,-0.043549452,0.331059545,0.346030861,-0.012006953,0.34428525,0.248897761,-0.031889949,0.353719652,0.185647205,-0.041789562,0.362996161,0.120133609,-0.048578899
A,0.367370248,0.670115232,5.31E-07,0.451004177,0.602883339,-0.032520294,0.498805106,0.481407225,-0.037844174,0.506166995,0.378350705,-0.043378789,0.507843971,0.297879249,-0.046931781,0.459730804,0.323731661,0.016845249,0.48056826,0.216869965,-0.00047746,0.492539823,0.15280813,-0.022448517,0.502505779,0.090544522,-0.04031745,0.417519003,0.307887912,0.014767134,0.439215153,0.184372023,0.000218397,0.457103878,0.111789018,-0.019485123,0.47441417,0.044866204,-0.034518518,0.374035656,0.317583889,0.003812023,0.390280366,0.19228901,-0.016178692,0.401620597,0.115057558,-0.032784723,0.411755443,0.043636829,-0.043959744,0.32843709,0.349670887,-0.011750082,0.342778981,0.251857251,-0.031795859,0.352401525,0.187635437,-0.04175818,0.360944182,0.121772319,-0.048546761
A,0.367770761,0.670641184,5.45E-07,0.450396121,0.602920294,-0.033736557,0.49695012,0.483328938,-0.040439498,0.504748404,0.37952894,-0.047276363,0.507866025,0.297229171,-0.052020632,0.458650917,0.325314552,0.015629888,0.479613751,0.218450338,-0.002546107,0.491732419,0.15467453,-0.025124721,0.501664519,0.092420727,-0.043294378,0.416989475,0.308655202,0.013904251,0.439545751,0.185223043,-0.001137367,0.457883328,0.11283493,-0.021043919,0.47563073,0.045846552,-0.036232419,0.373841882,0.317294598,0.003178433,0.390454918,0.192303091,-0.016865771,0.401720077,0.115088254,-0.033352833,0.41193229,0.044080585,-0.044497978,0.328251511,0.34842512,-0.012294268,0.342175066,0.250939608,-0.031974342,0.351629794,0.186934918,-0.041579865,0.36016956,0.121718884,-0.048152838
A,0.366706908,0.670117497,5.53E-07,0.449250072,0.602117002,-0.034000892,0.496058226,0.480769098,-0.040676787,0.50306648,0.375926912,-0.0474592,0.508458912,0.294840038,-0.051961105,0.457946986,0.325031996,0.016308686,0.479187846,0.217912391,-0.00205834,0.491531372,0.153348178,-0.024476245,0.501340866,0.091129124,-0.04225697,0.416432947,0.30791533,0.014769945,0.439116389,0.183295146,-0.000245194,0.456735581,0.109715462,-0.019497383,0.473813683,0.041791826,-0.033889234,0.37371093,0.31586203,0.00409798,0.391011119,0.190315187,-0.015862646,0.40217191,0.112732112,-0.031281542,0.412257433,0.042044133,-0.041356437,0.328046679,0.345991611,-0.011403216,0.342378557,0.248202607,-0.030535726,0.351992488,0.184286088,-0.039056029,0.36045742,0.119586915,-0.044614598
A,0.362745613,0.666533053,5.51E-07,0.445345521,0.597677946,-0.030896682,0.492370337,0.477190077,-0.036039796,0.502376676,0.374963254,-0.042085208,0.504970968,0.294025064,-0.046147548,0.453070581,0.32422477,0.01899723,0.474356264,0.216463521,0.00115373,0.48778981,0.151524365,-0.020816507,0.499378473,0.08930406,-0.038354009,0.412073642,0.307703704,0.015955435,0.435963184,0.184764028,0.000857935,0.454927266,0.111530364,-0.018923,0.473639876,0.043661624,-0.033831492,0.369343281,0.315531194,0.003967636,0.386242121,0.190116063,-0.015967669,0.39756611,0.112303078,-0.032194607,0.408284545,0.040894866,-0.043067995,0.323670089,0.345216066,-0.012619713,0.338044733,0.247577608,-0.032012586,0.347500443,0.183393702,-0.041425265,0.356584162,0.117931485,-0.047889397
A,0.362321019,0.667931676,5.77E-07,0.445934623,0.600175023,-0.033460934,0.493761957,0.477784693,-0.039482307,0.501766384,0.373360217,-0.045806848,0.503327847,0.295404464,-0.049980175,0.453415036,0.322121143,0.017797774,0.474501371,0.216112509,0.000467207,0.486642718,0.151272476,-0.02144701,0.496339202,0.088709652,-0.039070681,0.411329418,0.305991411,0.015982725,0.43437317,0.182602927,0.00163275,0.453221977,0.109539568,-0.017254123,0.471501917,0.042293549,-0.031295501,0.368197799,0.314879954,0.005032725,0.385370851,0.188983738,-0.014797249,0.396721989,0.110598832,-0.030434897,0.407010198,0.039438903,-0.040515408,0.322630346,0.345815539,-0.01073721,0.337554395,0.247651577,-0.02995511,0.347095579,0.183152199,-0.038745061,0.355606467,0.118151933,-0.044467036
A,0.362145096,0.667777658,5.63E-07,0.4451406,0.600435019,-0.033778284,0.492543936,0.479916275,-0.040255904,0.500048995,0.376143396,-0.046980917,0.502009749,0.295411289,-0.051571134,0.452813596,0.321410298,0.017119907,0.473842353,0.214480877,-0.000430318,0.485870063,0.149759397,-0.022580255,0.495926142,0.087107509,-0.040393658,0.410862744,0.305420518,0.015380302,0.433356225,0.182261541,0.000990871,0.451141715,0.109112412,-0.018372562,0.468812764,0.041907102,-0.033011835,0.367860556,0.314465046,0.004527029,0.384546965,0.189290121,-0.014878607,0.395535409,0.111422837,-0.03066376,0.405884326,0.040283948,-0.041218266,0.322437555,0.345987946,-0.011204149,0.337082952,0.24799113,-0.030182596,0.346464038,0.183883563,-0.03905708,0.354911894,0.118944794,-0.045024268
A,0.362858355,0.667342901,5.58E-07,0.445835441,0.599656641,-0.033714235,0.493289769,0.478456318,-0.039561823,0.499187618,0.375691772,-0.045315899,0.500191927,0.29523918,-0.048864145,0.452650666,0.321830302,0.015444666,0.473885059,0.215488583,-0.003047547,0.486130506,0.151262015,-0.025800675,0.495994806,0.088476658,-0.043851964,0.410547704,0.305480808,0.01378357,0.433454186,0.180819929,-0.001667287,0.451909959,0.106039017,-0.021535601,0.469623625,0.037910521,-0.036350545,0.367468417,0.314712077,0.003120596,0.384053856,0.188851446,-0.017515613,0.395531952,0.110881686,-0.033991691,0.406265497,0.039629638,-0.044671614,0.322185844,0.346495211,-0.012254375,0.336891562,0.249030426,-0.032078553,0.346471995,0.18511191,-0.041296273,0.35507971,0.120084047,-0.047340091
A,0.362673998,0.667136729,5.47E-07,0.446152836,0.598104715,-0.032843623,0.493920565,0.476422906,-0.037787054,0.499312878,0.374313056,-0.042656779,0.499124318,0.293970436,-0.045342781,0.452849001,0.321011126,0.016706644,0.473894209,0.215506092,-0.001496168,0.486314774,0.152475879,-0.024335761,0.496182621,0.090514481,-0.042510342,0.410608798,0.304663539,0.014751533,0.43330133,0.179062322,-0.000816081,0.452247649,0.103740275,-0.021121096,0.470275581,0.035176367,-0.036222015,0.367369741,0.314298451,0.003797867,0.383337438,0.187754199,-0.017303381,0.395097941,0.110138625,-0.034380581,0.406304836,0.03908819,-0.045353118,0.322106302,0.346586049,-0.011726348,0.336930275,0.249128938,-0.031947616,0.346610248,0.185343325,-0.041575205,0.355605155,0.119863391,-0.04793527
A,0.362731755,0.668725967,5.31E-07,0.446851313,0.599390864,-0.031979155,0.495649934,0.476851523,-0.036229052,0.5006271,0.374700725,-0.040454969,0.498532116,0.29433316,-0.042550702,0.453527898,0.322177589,0.016668351,0.474626601,0.215887815,-0.001582047,0.487093866,0.152558014,-0.024372168,0.496953368,0.090167135,-0.042569365,0.41156134,0.305878103,0.014372082,0.434698194,0.180240095,-0.00142094,0.454107523,0.105123371,-0.021855671,0.472485423,0.036695451,-0.037089471,0.368498564,0.315547258,0.003201174,0.384939849,0.188640371,-0.0180427,0.396628588,0.110272408,-0.035325833,0.407588989,0.038373768,-0.046526693,0.323440641,0.347816616,-0.012446871,0.338789701,0.249986902,-0.032926776,0.348635584,0.185466215,-0.042903379,0.357842177,0.119066566,-0.049575683
A,0.366217047,0.669962406,5.53E-07,0.451046705,0.600071847,-0.033832751,0.499023587,0.477554888,-0.039727848,0.505280793,0.373772204,-0.045944981,0.508158803,0.297668219,-0.050226644,0.458816737,0.330406964,0.017024018,0.479680061,0.224967688,-0.003833261,0.492716223,0.162416637,-0.028379299,0.503985882,0.102935791,-0.04695683,0.4168154,0.312327325,0.015461685,0.440466434,0.185798407,-0.002035374,0.460065156,0.108767688,-0.023092071,0.479927182,0.037822098,-0.038287103,0.374132901,0.319466472,0.004479878,0.390754849,0.192189664,-0.017999513,0.402271777,0.112153471,-0.035398718,0.413969278,0.040997028,-0.046172649,0.328676254,0.347993076,-0.011322724,0.343835354,0.249807194,-0.031443518,0.353309244,0.184703007,-0.040954672,0.362210214,0.119327068,-0.047196202
A,0.367293745,0.67073977,5.43E-07,0.452080786,0.602013111,-0.031786136,0.500558257,0.479521632,-0.036307722,0.506313443,0.376716614,-0.041094124,0.508821905,0.298128247,-0.043740802,0.458855927,0.324944705,0.017561449,0.480399996,0.217288196,-1.24E-05,0.492907166,0.152644232,-0.022100937,0.503524661,0.089964151,-0.039855585,0.416827142,0.308782011,0.015138217,0.439872801,0.183772296,0.000215092,0.45857504,0.108145893,-0.019947916,0.476641834,0.0382514,-0.035190381,0.373913527,0.318113893,0.003859717,0.391094685,0.192398474,-0.016562784,0.40312764,0.115279764,-0.033861957,0.413790762,0.044399619,-0.045294564,0.328353554,0.349618942,-0.011925337,0.342734605,0.252305508,-0.032179814,0.352003038,0.188294381,-0.042439558,0.360027909,0.12266773,-0.049339499
A,0.367374063,0.672224581,5.41E-07,0.450979948,0.603162766,-0.032279789,0.498703957,0.481382489,-0.037481423,0.505116343,0.378622204,-0.042871904,0.508932114,0.29937464,-0.046212114,0.46014595,0.326039314,0.017067961,0.481627733,0.220099911,-0.001500891,0.494421005,0.156630293,-0.024407227,0.504522979,0.094811827,-0.042516291,0.41822356,0.309597522,0.014878624,0.442357093,0.184715912,-0.001027802,0.461938471,0.109808177,-0.021111939,0.480663598,0.041159779,-0.03593713,0.375004292,0.318444401,0.003661319,0.392208785,0.19211483,-0.017524395,0.403945565,0.113534659,-0.034379419,0.41501078,0.042172134,-0.045181125,0.329124689,0.349548668,-0.012119388,0.343999237,0.251289606,-0.032191679,0.353518486,0.187053859,-0.041624539,0.36232093,0.121380657,-0.047814526
A,0.367319703,0.672499478,5.47E-07,0.451306045,0.602856159,-0.0324554,0.498959601,0.481752992,-0.037849605,0.504766107,0.3783243,-0.043662317,0.50762254,0.298903286,-0.047346789,0.460078835,0.325696081,0.01903791,0.481452107,0.220146671,0.001123824,0.494089961,0.157077968,-0.021567645,0.504322529,0.095715374,-0.039633464,0.418158919,0.309290558,0.016830809,0.442179173,0.185242817,0.001749563,0.461539418,0.110801458,-0.018138258,0.480412841,0.042169869,-0.032994084,0.375167996,0.317723691,0.005397946,0.392341554,0.192028582,-0.015004642,0.404061466,0.114116907,-0.031561643,0.415083915,0.043515682,-0.042351894,0.329473376,0.348383248,-0.01075584,0.344045311,0.250765681,-0.030228384,0.353260398,0.187090158,-0.039418001,0.361728609,0.122073978,-0.045571368
A,0.366906285,0.672770798,5.38E-07,0.451204717,0.602500439,-0.031260412,0.498553962,0.480807394,-0.036004391,0.504632533,0.376954705,-0.041309267,0.507409692,0.296762556,-0.044584122,0.458732575,0.327168047,0.018655777,0.480863601,0.220201075,0.000437782,0.494310528,0.156628713,-0.022141177,0.505459011,0.095131814,-0.040089328,0.417048305,0.31069383,0.015966918,0.441046566,0.186268002,0.000407709,0.460697681,0.111841351,-0.019696709,0.479760468,0.043589562,-0.034712862,0.374135137,0.31929338,0.004252532,0.391188025,0.192959324,-0.01652135,0.403315544,0.114918292,-0.033511456,0.414575309,0.044046909,-0.044679664,0.328469723,0.350214541,-0.011997388,0.343117446,0.252571404,-0.032120813,0.352319419,0.188375145,-0.042020649,0.360655248,0.122778833,-0.048687853
B,0.44568038,0.743869245,-7.43E-07,0.565904021,0.705204844,-0.043473393,0.66150099,0.663480639,-0.082777433,0.711595118,0.635222912,-0.122243933,0.707195282,0.626631856,-0.154470682,0.630383372,0.363225043,-0.041809674,0.734722733,0.509910762,-0.102377661,0.692361593,0.579512894,-0.146752834,0.655435145,0.563127637,-0.180311456,0.566348672,0.364606112,-0.054347254,0.687144995,0.543531418,-0.106861971,0.63768965,0.606350303,-0.126428872,0.606275737,0.580618441,-0.140761331,0.505708456,0.415401697,-0.075050183,0.616328597,0.584861636,-0.117571577,0.575199246,0.628370881,-0.11337091,0.546152771,0.592975855,-0.110393204,0.448898315,0.492236942,-0.103642933,0.534981251,0.621436477,-0.134857222,0.519083858,0.654436171,-0.137216881,0.496517926,0.629114866,-0.136553362
B,0.449927002,0.732302666,-4.29E-07,0.583384454,0.698757768,-0.028386345,0.680170834,0.672297299,-0.068264358,0.748340726,0.649093568,-0.111608453,0.724622726,0.642456293,-0.14750652,0.645160317,0.379876137,-0.041022424,0.74328506,0.505475461,-0.098398626,0.705947459,0.588585436,-0.130206183,0.667665899,0.592417359,-0.151310205,0.579870343,0.379210293,-0.060722034,0.692190111,0.551608324,-0.112608641,0.648099661,0.633863926,-0.121708333,0.614735961,0.611072063,-0.126207411,0.51960218,0.41936636,-0.086366639,0.626638412,0.586981654,-0.12673378,0.593707621,0.651219904,-0.114687063,0.562118769,0.628441334,-0.105467126,0.46524933,0.484848082,-0.117500015,0.547801733,0.617942333,-0.139332905,0.535661578,0.662177026,-0.132235602,0.515445292,0.641634405,-0.125421062
B,0.456830025,0.720368922,-2.00E-07,0.590940654,0.692261577,-0.039791919,0.688586652,0.67418611,-0.088163443,0.759005308,0.647475958,-0.137649596,0.72095716,0.641142607,-0.178876624,0.644084454,0.379781544,-0.057940528,0.742073357,0.505289614,-0.117449827,0.710952997,0.58400923,-0.146497473,0.673788428,0.58938843,-0.164616138,0.577183843,0.37782976,-0.073394291,0.689796388,0.54767853,-0.128762826,0.648140669,0.633467734,-0.132929131,0.617110312,0.612651825,-0.132394582,0.518469095,0.416485131,-0.095613234,0.624678254,0.588785112,-0.138528407,0.592521429,0.64921546,-0.122770786,0.560944378,0.624731183,-0.110389747,0.465967596,0.480324417,-0.124539174,0.54584825,0.625624001,-0.148152471,0.534220278,0.667432904,-0.142092347,0.513415039,0.644351304,-0.136001125
B,0.451030105,0.722188354,-2.51E-07,0.577391922,0.69202143,-0.037940644,0.674212217,0.666732967,-0.082753085,0.74436599,0.641603231,-0.128689796,0.712486923,0.639781952,-0.166599393,0.635564029,0.378387153,-0.049926743,0.732619226,0.498060048,-0.109516196,0.699651957,0.580299914,-0.140991464,0.662754536,0.589580953,-0.160404935,0.569400668,0.374833047,-0.064838588,0.677500784,0.541056216,-0.119224705,0.638258934,0.627399564,-0.125951394,0.609401464,0.608403325,-0.127031833,0.510985792,0.412802428,-0.086896598,0.616804123,0.582660556,-0.13125582,0.585442126,0.647176862,-0.119587712,0.554833412,0.624176681,-0.109092988,0.460336477,0.476970077,-0.115105331,0.541921675,0.621279895,-0.140786588,0.52704823,0.669280887,-0.136964485,0.50556314,0.649290979,-0.131681204
B,0.456394136,0.711373448,-2.29E-07,0.58331871,0.686036527,-0.037891261,0.677768826,0.666281939,-0.083071053,0.745779634,0.639237821,-0.129269466,0.710830331,0.633817136,-0.167560995,0.6362468,0.375261128,-0.055505257,0.732384264,0.498444438,-0.114654765,0.701485515,0.576119006,-0.144560173,0.664614081,0.582083642,-0.163266554,0.570851386,0.374868572,-0.070922486,0.683086395,0.543211579,-0.125722498,0.643506944,0.623957872,-0.131413162,0.611666262,0.606222093,-0.132214874,0.512683988,0.415011972,-0.093015991,0.618039727,0.587687254,-0.135641128,0.585583866,0.643077075,-0.12267042,0.553839326,0.617260158,-0.112339281,0.461085469,0.481050134,-0.12151242,0.541348815,0.626256049,-0.145787224,0.527840734,0.66504091,-0.142284364,0.505994081,0.640572846,-0.138170362
B,0.456392527,0.712994099,-2.35E-07,0.581337452,0.686898172,-0.035887666,0.678374112,0.662823558,-0.07868164,0.747766733,0.637337565,-0.12287166,0.712079704,0.637424111,-0.159588516,0.635477543,0.376498878,-0.050934907,0.730501592,0.497834802,-0.108771242,0.699966431,0.576595068,-0.138347998,0.664090514,0.584925234,-0.156584799,0.569643497,0.375410408,-0.066491224,0.68003428,0.542867243,-0.119753443,0.641455472,0.622514486,-0.126004398,0.610801578,0.603591979,-0.126821235,0.511455178,0.415061206,-0.088591561,0.615881741,0.584903002,-0.131283388,0.58532238,0.64165771,-0.119950622,0.55536747,0.616942406,-0.109913401,0.459995836,0.479664326,-0.116691321,0.539511502,0.623237431,-0.141115323,0.527028799,0.663643599,-0.137879685,0.506885827,0.640662432,-0.133315891
B,0.458972096,0.711112261,-2.67E-07,0.584366977,0.686179399,-0.03424624,0.681583464,0.664438844,-0.075434826,0.749713302,0.639696658,-0.118224375,0.712921381,0.636898756,-0.153612018,0.638745606,0.376012564,-0.048298001,0.731209576,0.499695957,-0.105548128,0.699555337,0.57773459,-0.136232167,0.664026856,0.583746552,-0.155728281,0.572517633,0.375436962,-0.064400204,0.679690659,0.545904756,-0.117109016,0.642026007,0.622496188,-0.12563923,0.612047911,0.604481697,-0.12886706,0.513176024,0.416099042,-0.086789533,0.615188837,0.587755442,-0.128560632,0.584770977,0.641626239,-0.119006388,0.555216551,0.615411878,-0.110874452,0.460657239,0.482077032,-0.11499849,0.539478004,0.626008689,-0.138857707,0.527876675,0.664287269,-0.136349112,0.508508682,0.640143633,-0.132775918
B,0.456722081,0.714888036,-2.90E-07,0.582348704,0.690173686,-0.034717277,0.681432605,0.667293787,-0.076132499,0.750998735,0.643204391,-0.11928273,0.713448763,0.642490268,-0.155016005,0.63929975,0.379948795,-0.048252854,0.732547879,0.500931501,-0.106551558,0.699454665,0.579513729,-0.138152122,0.664585352,0.583852232,-0.158297181,0.572829247,0.378826797,-0.064648554,0.681489348,0.546975136,-0.118163191,0.642641962,0.623181462,-0.127017394,0.612302601,0.603869557,-0.13034609,0.513357043,0.419408083,-0.087561108,0.617451131,0.588524759,-0.130159512,0.586390436,0.643687963,-0.120741203,0.556318164,0.618855953,-0.112410732,0.461313426,0.485354334,-0.116377071,0.541395187,0.62704432,-0.14077577,0.528325558,0.666216254,-0.138512969,0.50768894,0.643276691,-0.134961754
B,0.45811224,0.714143991,-2.80E-07,0.584878504,0.69007206,-0.033233017,0.683642447,0.668158293,-0.073706172,0.752501309,0.644003332,-0.1160561,0.71387285,0.643207431,-0.150921389,0.641514957,0.381051987,-0.046375405,0.733409405,0.504647851,-0.103981264,0.700708687,0.583118558,-0.135375112,0.665210426,0.591076255,-0.155341119,0.574693084,0.378709078,-0.063031316,0.680735052,0.5506531,-0.11581406,0.642573953,0.627787113,-0.125080928,0.613219261,0.611144245,-0.128849328,0.514981389,0.418345153,-0.085986607,0.616990209,0.593071818,-0.127860501,0.585992396,0.648148477,-0.118741512,0.556507587,0.623242557,-0.110794798,0.46242249,0.483823121,-0.1147274,0.541018665,0.63008666,-0.138502941,0.529049635,0.668758154,-0.136153385,0.509816587,0.644965053,-0.132688075
B,0.459008098,0.722406745,-3.38E-07,0.584652841,0.700090289,-0.030940982,0.684242427,0.6738379,-0.068941697,0.752523482,0.650175154,-0.109097265,0.717460752,0.651820242,-0.14184548,0.647157788,0.384427518,-0.042883828,0.739301085,0.514830291,-0.099799365,0.702727556,0.591382086,-0.131683037,0.667749166,0.589834154,-0.152821213,0.581291378,0.381263167,-0.060853522,0.688512921,0.557986438,-0.11392127,0.646847665,0.631293416,-0.123511679,0.615431786,0.611294091,-0.12744087,0.521213174,0.420576274,-0.085077159,0.622154415,0.598677635,-0.126621217,0.58934927,0.652498841,-0.117641948,0.560398579,0.625510454,-0.109830514,0.468556881,0.48639369,-0.115029424,0.545916259,0.636058271,-0.138582453,0.532408893,0.674373984,-0.136745915,0.513057292,0.648502111,-0.133703113
B,0.460117459,0.715874076,-2.84E-07,0.585645199,0.695322692,-0.033532504,0.684383035,0.674260378,-0.074517719,0.753456831,0.651399016,-0.117415942,0.715294838,0.650091767,-0.152804285,0.649053752,0.385087401,-0.046476524,0.737002492,0.513755798,-0.104982004,0.702104926,0.59207058,-0.136507869,0.667557776,0.598543823,-0.156343296,0.582008004,0.38098526,-0.06336426,0.683800876,0.557738423,-0.116809919,0.642861485,0.634397149,-0.125173777,0.614380836,0.615631044,-0.127830505,0.521470368,0.419027388,-0.086748168,0.620293796,0.597811341,-0.129558146,0.587098658,0.653080344,-0.118798211,0.557989597,0.627388716,-0.109246872,0.467820048,0.483229876,-0.116046414,0.544815958,0.632211208,-0.140695661,0.53095454,0.671854258,-0.137412414,0.511577606,0.64770323,-0.13275218
B,0.457124144,0.716921091,-2.77E-07,0.585040092,0.695354819,-0.035472509,0.68395555,0.674402833,-0.077185661,0.752317369,0.651039779,-0.120528109,0.713279009,0.649419367,-0.156189963,0.646291435,0.384851575,-0.046492282,0.734890103,0.511806607,-0.10547293,0.700875521,0.590664804,-0.137489557,0.665995181,0.597198725,-0.157219946,0.579902172,0.381792188,-0.062134635,0.682624817,0.557802558,-0.115424171,0.642131805,0.635262489,-0.123731032,0.612804174,0.615590155,-0.126080111,0.519997418,0.420070648,-0.08462882,0.6187464,0.598986387,-0.127694979,0.586228192,0.654257834,-0.117372297,0.556748569,0.628384888,-0.10763476,0.466636837,0.483549595,-0.113169253,0.543686569,0.630934477,-0.13756001,0.530403137,0.671109557,-0.134236693,0.510550499,0.648421943,-0.129275039
B,0.461732686,0.720381677,-2.56E-07,0.587263107,0.697746277,-0.035025142,0.685970843,0.675657749,-0.076763675,0.753853142,0.652878761,-0.11997591,0.713735819,0.654541135,-0.155581877,0.648192883,0.39128989,-0.049359102,0.736423552,0.515546381,-0.107668526,0.703521967,0.594373286,-0.139203548,0.669011056,0.600033104,-0.159175262,0.581037462,0.388290673,-0.065348901,0.684244037,0.5600245,-0.119510129,0.646516979,0.636520028,-0.128474012,0.617169082,0.618021369,-0.131482184,0.521162927,0.426603824,-0.087781526,0.619547307,0.601773262,-0.130497336,0.591247261,0.657109559,-0.12088719,0.563382208,0.632167339,-0.11215619,0.468745708,0.49017033,-0.116201714,0.545859039,0.63772893,-0.140214071,0.536424816,0.677548528,-0.137617037,0.518635094,0.655434012,-0.133731872
B,0.467528135,0.718103468,-2.41E-07,0.591232836,0.695274591,-0.033614367,0.687167466,0.67620331,-0.076287933,0.754582524,0.655140042,-0.120936953,0.715202451,0.657212496,-0.158319533,0.651758313,0.392486691,-0.050633308,0.740658462,0.519574761,-0.109146513,0.707573056,0.595743954,-0.140293077,0.673600674,0.599189639,-0.16014719,0.584666014,0.390484214,-0.067756146,0.689678073,0.564798594,-0.121871918,0.64966768,0.639223695,-0.129321545,0.620025277,0.618614018,-0.131584391,0.524792433,0.428578854,-0.091184802,0.623386145,0.605807781,-0.132980496,0.593000293,0.658351243,-0.1216328,0.564941764,0.632293463,-0.112318151,0.471800685,0.491144687,-0.120683432,0.548190176,0.63857013,-0.143584043,0.537867248,0.675786614,-0.140010938,0.520126939,0.65237999,-0.135914296
B,0.468286812,0.720832586,-2.88E-07,0.593886316,0.700296223,-0.030387893,0.691567183,0.67846936,-0.069378719,0.757070065,0.656510532,-0.11076583,0.717356741,0.661843121,-0.14517197,0.656632185,0.399138391,-0.045079481,0.745833755,0.52612716,-0.101615578,0.708916605,0.601375699,-0.133297399,0.675117254,0.600916922,-0.154619142,0.589840949,0.39444226,-0.063334987,0.693626821,0.568358004,-0.115688093,0.653193176,0.638951004,-0.124990642,0.624373555,0.617359757,-0.129303172,0.529583037,0.431830406,-0.087607235,0.627965212,0.609131873,-0.127838254,0.598015606,0.658826172,-0.118629128,0.570923984,0.63109839,-0.111410171,0.476690292,0.49446404,-0.117644034,0.554198503,0.643031061,-0.140249848,0.544763505,0.679761529,-0.137968004,0.528033555,0.656139374,-0.135132402
B,0.480157733,0.722448945,-2.93E-07,0.608584285,0.700667262,-0.025890544,0.70693481,0.68430388,-0.064192072,0.7751562,0.671065807,-0.105664715,0.7378878,0.678214729,-0.140994877,0.673776686,0.408106685,-0.047840197,0.762587547,0.544023216,-0.100762866,0.723898828,0.613883555,-0.12839812,0.689697385,0.60918963,-0.147510171,0.609452009,0.407632828,-0.06806092,0.715443373,0.589106977,-0.117747322,0.668272614,0.654546499,-0.123216413,0.636871755,0.630875766,-0.125405997,0.55029583,0.444956541,-0.09322416,0.649349213,0.629350603,-0.130229101,0.612625301,0.676868677,-0.117113441,0.584210038,0.651667118,-0.107829899,0.496773064,0.506154358,-0.123961844,0.574114203,0.656523585,-0.143739119,0.559098303,0.690727234,-0.138474673,0.540799856,0.666535497,-0.134010583
B,0.478303164,0.723449826,-1.61E-07,0.60429126,0.703408778,-0.03161788,0.702304244,0.689612567,-0.075157866,0.772801459,0.674195468,-0.121072359,0.734381318,0.67551887,-0.160427094,0.673591912,0.414445281,-0.053697489,0.763729095,0.54010129,-0.112224579,0.727090538,0.613459229,-0.142493293,0.691201866,0.617922187,-0.161535531,0.608286738,0.409290999,-0.071744539,0.714102745,0.582703292,-0.125070304,0.669452071,0.656395376,-0.13041839,0.640046358,0.635457873,-0.13120544,0.548669815,0.44424051,-0.095572546,0.647402406,0.625858247,-0.136731088,0.613113225,0.677947164,-0.122693636,0.58491689,0.654046535,-0.111568891,0.494147599,0.503593266,-0.12524569,0.571686983,0.655457079,-0.1476565,0.56228441,0.69762814,-0.141764432,0.547692001,0.680819631,-0.135827914
B,0.478501201,0.723424613,-1.23E-07,0.607335806,0.70192492,-0.03350272,0.709065378,0.681792915,-0.076156497,0.777037382,0.668017209,-0.120714255,0.732554317,0.677625358,-0.158572391,0.676814854,0.412006855,-0.05321411,0.765061378,0.541194618,-0.111169279,0.731108308,0.614464879,-0.141241148,0.695759952,0.617022574,-0.160558298,0.610459328,0.405511767,-0.070165947,0.71379602,0.581368804,-0.124776229,0.672250807,0.654212058,-0.131168291,0.643185556,0.632883906,-0.132187873,0.550397396,0.439485013,-0.09324643,0.64619571,0.624622881,-0.13529636,0.61396277,0.674317896,-0.123257287,0.585915089,0.647333264,-0.113087878,0.496947765,0.498750687,-0.122407116,0.572723269,0.656338036,-0.145842537,0.563156307,0.695468664,-0.142190412,0.547083616,0.674768627,-0.137840003
B,0.478286594,0.720841765,-1.16E-07,0.606757104,0.70096302,-0.037850406,0.707639694,0.686260939,-0.08504153,0.776522636,0.670883834,-0.133067697,0.732335687,0.67771244,-0.173950657,0.674951553,0.406529486,-0.064424068,0.763779283,0.542975545,-0.122871689,0.727600455,0.617871284,-0.149948508,0.691582739,0.620865524,-0.166701883,0.607944548,0.404111743,-0.079888813,0.711916625,0.585915565,-0.134152412,0.667564631,0.65901053,-0.137118697,0.63912189,0.634807169,-0.13587597,0.54816103,0.442152858,-0.101192981,0.644608736,0.630947053,-0.142679363,0.611686051,0.679546177,-0.127410486,0.584172189,0.651899517,-0.115352318,0.494466782,0.503460169,-0.128883898,0.571328163,0.660894811,-0.151905283,0.561414242,0.698462725,-0.146822006,0.545504034,0.677251101,-0.141441822
B,0.476812899,0.722540021,-1.49E-07,0.606881618,0.703498602,-0.034550618,0.707969725,0.686964333,-0.078292228,0.776261389,0.672019482,-0.123054154,0.733952403,0.67941916,-0.16041486,0.674619794,0.402018487,-0.058423448,0.765418768,0.543266296,-0.115407988,0.72725594,0.618119955,-0.143024057,0.691833019,0.616110563,-0.160887823,0.607782304,0.401689768,-0.075103678,0.713542819,0.587740421,-0.128217205,0.669816494,0.657507062,-0.132966816,0.641755044,0.631362438,-0.133642003,0.547440767,0.443003446,-0.097390257,0.646677136,0.633222401,-0.138782591,0.6137802,0.680739641,-0.125484452,0.587145746,0.651220679,-0.114892937,0.493438333,0.508133173,-0.125597939,0.573609471,0.666601181,-0.149062261,0.564448774,0.703294039,-0.144935071,0.549939156,0.680601537,-0.140249237
B,0.478094608,0.724866867,-1.94E-07,0.608571708,0.705900192,-0.028901525,0.710413933,0.687062621,-0.068629473,0.777956605,0.672669828,-0.110433809,0.735899508,0.680892646,-0.145220175,0.67660284,0.404904276,-0.051310815,0.767744601,0.542021573,-0.106946714,0.731190562,0.618234456,-0.135052562,0.695542514,0.619493365,-0.153404519,0.610346138,0.403294533,-0.070415877,0.716592073,0.585999846,-0.121881865,0.674624503,0.656947732,-0.127803266,0.644708514,0.634795547,-0.129651651,0.549888253,0.443801522,-0.094798706,0.650084317,0.631817698,-0.134739876,0.617400229,0.681431592,-0.122761779,0.589328468,0.653825223,-0.113458395,0.495540231,0.509732127,-0.124615639,0.575639129,0.668620706,-0.147094265,0.566260219,0.706243038,-0.143230364,0.551019251,0.683900237,-0.139091998
B,0.48287496,0.731618762,-2.58E-07,0.613421679,0.71075511,-0.022709945,0.714896679,0.690213203,-0.05851575,0.783090353,0.677412987,-0.09806177,0.743087292,0.68708539,-0.131360725,0.687334597,0.415429562,-0.0427435,0.775356114,0.55287534,-0.098318554,0.737119257,0.62582916,-0.128642201,0.701556563,0.626860499,-0.148828879,0.621221781,0.412100971,-0.065025784,0.72508198,0.59777838,-0.116419308,0.679171741,0.664210677,-0.123483635,0.64592737,0.643689334,-0.12605238,0.559615552,0.450349897,-0.092613243,0.656261742,0.643698215,-0.132047862,0.619700789,0.688746572,-0.121014893,0.590882301,0.661348045,-0.11228355,0.50311476,0.514832616,-0.125406623,0.581598103,0.676991403,-0.147376582,0.570730329,0.712412238,-0.143685117,0.556259334,0.690663636,-0.139726803
B,0.483475596,0.732538104,-1.83E-07,0.615573466,0.712885141,-0.027835855,0.716775775,0.69594419,-0.06871251,0.785867095,0.682711303,-0.112401165,0.74306953,0.689474583,-0.149290606,0.687768638,0.418817848,-0.051464166,0.775720477,0.556010246,-0.107420444,0.738606215,0.629626274,-0.135024518,0.703095376,0.628473461,-0.153002128,0.621377051,0.41497618,-0.071824715,0.724948943,0.59721607,-0.123785093,0.680917323,0.66876328,-0.128336176,0.651368022,0.644006193,-0.128854662,0.560135365,0.452343851,-0.097417735,0.657544315,0.637884617,-0.13793312,0.624670446,0.68936938,-0.123876199,0.596752107,0.662812173,-0.112858593,0.50421387,0.515208483,-0.128483132,0.581596851,0.67041266,-0.15108268,0.574250042,0.711104751,-0.145333067,0.560161114,0.69208169,-0.139529616
B,0.484751344,0.732338905,-1.72E-07,0.617445886,0.712567985,-0.028668562,0.720785379,0.691495121,-0.0684058,0.788335562,0.678233624,-0.11062365,0.742962778,0.687792182,-0.145899355,0.687140644,0.417542458,-0.049195629,0.776523709,0.553470314,-0.104201913,0.739991546,0.629170775,-0.131614149,0.704568923,0.629697859,-0.149578735,0.621483743,0.412970722,-0.068387486,0.725843012,0.593263149,-0.12013945,0.681601346,0.66653645,-0.12468867,0.651289046,0.64333576,-0.124880232,0.561642528,0.449215829,-0.093068272,0.659813404,0.635803103,-0.133102566,0.62531364,0.687794685,-0.119423084,0.596163094,0.660633802,-0.108536012,0.508065701,0.511145413,-0.123364016,0.585612953,0.669619322,-0.145440742,0.574128687,0.709873021,-0.14028801,0.556970596,0.688462853,-0.13503775
B,0.483473688,0.727460086,-1.37E-07,0.615006566,0.711019635,-0.03438827,0.717588186,0.695503116,-0.079486154,0.78654933,0.681743741,-0.126309142,0.743399024,0.686192513,-0.165932357,0.687298834,0.415679216,-0.056748889,0.77506119,0.55170989,-0.114924811,0.738835692,0.625596702,-0.143419981,0.703086078,0.627525866,-0.161409467,0.621431708,0.411519438,-0.074364901,0.725631595,0.591135859,-0.128313437,0.680826485,0.664744973,-0.132110476,0.651490271,0.640078843,-0.131236464,0.5618186,0.448111981,-0.097981766,0.659904599,0.632785678,-0.139459684,0.626648247,0.684413314,-0.12352068,0.598131299,0.657549262,-0.110856533,0.508159876,0.509504557,-0.127872258,0.585638165,0.666571021,-0.151146516,0.574888706,0.706961632,-0.145102203,0.557937682,0.686185658,-0.138811797
B,0.484969378,0.72686398,-1.30E-07,0.61664325,0.711417317,-0.035966128,0.71917212,0.696789443,-0.081398755,0.787901878,0.680939674,-0.128088504,0.744919121,0.684468985,-0.167440951,0.686948836,0.415513515,-0.05854018,0.775389433,0.551589251,-0.117512852,0.738958716,0.627011418,-0.146501914,0.702943981,0.629059613,-0.1646851,0.62113744,0.410997808,-0.075302437,0.724295557,0.590553105,-0.130270764,0.680315852,0.665267289,-0.134828389,0.651542306,0.64138943,-0.134234011,0.561688721,0.447784007,-0.098152146,0.65864557,0.632362783,-0.141154677,0.626047969,0.685057163,-0.126294658,0.597979188,0.658447981,-0.113890544,0.508282065,0.509301662,-0.127194926,0.584667385,0.666051984,-0.151881248,0.574998736,0.707512736,-0.146718323,0.559225678,0.687449336,-0.140725255
B,0.484546512,0.728254735,-1.41E-07,0.617549777,0.712104321,-0.03458092,0.718938351,0.697471619,-0.07940986,0.787541509,0.682811439,-0.125926018,0.74473995,0.685373485,-0.165064543,0.687591791,0.414961547,-0.054753896,0.776811004,0.551811635,-0.113492139,0.740705132,0.626857221,-0.142895818,0.704692364,0.628218174,-0.161427483,0.622737408,0.410735339,-0.072265983,0.7280882,0.589051187,-0.126828969,0.6843009,0.664792597,-0.131317824,0.654927313,0.64160943,-0.130593717,0.563951313,0.44732064,-0.095994875,0.662536919,0.630182266,-0.138459936,0.629881918,0.684311569,-0.123180494,0.601136208,0.658320129,-0.110465541,0.511177063,0.509304345,-0.125926733,0.588334382,0.665078819,-0.149811015,0.57756871,0.706721306,-0.144005194,0.560290337,0.685907185,-0.137623593
B,0.484941185,0.729386568,-1.47E-07,0.617953837,0.712710738,-0.03312967,0.719322085,0.698078096,-0.077289119,0.788519263,0.683540523,-0.123373136,0.74623096,0.685322702,-0.162110135,0.687403858,0.416420281,-0.053840809,0.776857734,0.551614046,-0.111723304,0.740531981,0.626490533,-0.140840098,0.703994215,0.627325177,-0.159394369,0.622165442,0.411818147,-0.071813278,0.727469265,0.58952713,-0.125383109,0.683998406,0.665180683,-0.129895478,0.65466696,0.640779853,-0.129648432,0.563308299,0.448735178,-0.095730782,0.662789047,0.629852831,-0.137259007,0.630883217,0.684231877,-0.121622272,0.601976871,0.657761455,-0.109132499,0.510364652,0.511113465,-0.125715241,0.587964058,0.665777564,-0.149149746,0.57799536,0.707501411,-0.143011615,0.56079638,0.686378777,-0.136592403
B,0.484093249,0.73112309,-1.18E-07,0.617136896,0.714458942,-0.035888921,0.718180716,0.700689554,-0.081554741,0.787427604,0.684706867,-0.128665715,0.74530834,0.684699655,-0.168332517,0.684534132,0.416080892,-0.056083277,0.775581777,0.551683009,-0.114574827,0.740762413,0.626870453,-0.143805861,0.705038786,0.629306555,-0.162088171,0.619538903,0.411486864,-0.072519206,0.725246787,0.590673447,-0.126315877,0.682039857,0.666053653,-0.130354285,0.652938485,0.642146289,-0.129561275,0.561167836,0.448230982,-0.095280543,0.6613428,0.631580234,-0.137079448,0.629176259,0.684769332,-0.121351838,0.600507736,0.658692241,-0.108521558,0.508889973,0.510370553,-0.124399684,0.58846736,0.665029943,-0.148070499,0.5780707,0.707205772,-0.142156616,0.560673714,0.688395023,-0.135656253
B,0.481090128,0.730062127,-1.79E-07,0.613742888,0.716755569,-0.033774003,0.71665132,0.701430023,-0.076421656,0.785653532,0.683354318,-0.120711438,0.744199812,0.683711529,-0.157571465,0.685850322,0.415596247,-0.050734829,0.775610149,0.550688446,-0.107983045,0.739082515,0.625748813,-0.137925014,0.703233778,0.627711535,-0.157240912,0.621845782,0.409729213,-0.067993179,0.725765109,0.587906957,-0.121367291,0.682168245,0.663430989,-0.127492338,0.652867496,0.642747939,-0.128304556,0.563502967,0.445847929,-0.091431573,0.661538541,0.628026903,-0.133023202,0.628515542,0.68262583,-0.119708858,0.600006938,0.658903182,-0.108675867,0.511315703,0.508472085,-0.120980911,0.587908864,0.664988577,-0.144976407,0.577215254,0.70789969,-0.140673682,0.56089747,0.689782202,-0.135444626
B,0.483328402,0.733043194,-1.85E-07,0.614985168,0.715717018,-0.031453844,0.717390656,0.697467864,-0.072655722,0.786412537,0.681120634,-0.115724877,0.743565381,0.683077514,-0.151252776,0.685846686,0.416759551,-0.04854558,0.776477158,0.550252318,-0.104383893,0.740863979,0.626397431,-0.133577004,0.703835368,0.629174471,-0.152507469,0.621355653,0.410083652,-0.066210456,0.724619925,0.586465955,-0.118222401,0.681958377,0.662778795,-0.124136209,0.65120399,0.641133547,-0.125009611,0.562955141,0.445521683,-0.089719497,0.660488486,0.626582921,-0.129951373,0.628853798,0.683045149,-0.1163809,0.599801064,0.657806098,-0.105335914,0.510957599,0.507744968,-0.119103119,0.586849809,0.664270639,-0.141937643,0.576490283,0.706294298,-0.137076676,0.558942378,0.685022891,-0.131591603
B,0.480951399,0.728405237,-1.88E-07,0.613881826,0.713473737,-0.032746989,0.716406345,0.696843922,-0.074595042,0.784960628,0.681025922,-0.118101418,0.744073987,0.682602108,-0.154134884,0.685954034,0.414005876,-0.050960153,0.775759518,0.549548864,-0.107996121,0.740260124,0.626896679,-0.137862653,0.703414619,0.629927397,-0.15714927,0.621238708,0.408604324,-0.068437822,0.724820733,0.586217284,-0.121931322,0.68221432,0.662927985,-0.128494784,0.650787413,0.642726004,-0.129805118,0.562168896,0.445135713,-0.091859154,0.660490215,0.626768291,-0.133557856,0.628609598,0.682764471,-0.120238081,0.598766506,0.658300519,-0.10911683,0.509275854,0.507957876,-0.12119361,0.587247968,0.6629408,-0.144920528,0.577253401,0.705233097,-0.139996365,0.559657753,0.685464442,-0.134344503
B,0.478239059,0.730663896,-1.60E-07,0.608675301,0.71418345,-0.03600673,0.711230278,0.693992317,-0.078620732,0.780548871,0.676452339,-0.122291379,0.738780975,0.677809834,-0.158192843,0.675517857,0.40949744,-0.050203722,0.769753337,0.542483032,-0.107882053,0.73264581,0.61849153,-0.13956365,0.695649028,0.617224753,-0.16017735,0.610750675,0.405636132,-0.065339737,0.716459215,0.580295861,-0.11874821,0.673461318,0.657025039,-0.124989524,0.643717349,0.635760784,-0.1261473,0.553206444,0.442873031,-0.087136082,0.655000806,0.621663272,-0.128716692,0.62254554,0.678846657,-0.114798367,0.593108237,0.656305254,-0.103169352,0.503710926,0.50583452,-0.115288615,0.584695339,0.657231808,-0.138623416,0.571958482,0.699247658,-0.133793592,0.551936388,0.680378735,-0.128279358
B,0.474304914,0.726944327,-1.79E-07,0.607472718,0.712391913,-0.037213489,0.709938049,0.696146011,-0.081671432,0.778830051,0.67643702,-0.127029136,0.738146186,0.675014138,-0.164457723,0.677902579,0.408611447,-0.054137446,0.769080698,0.544725418,-0.112316169,0.733400762,0.619458854,-0.142408103,0.696754515,0.620985687,-0.161683127,0.613454759,0.404972434,-0.069695264,0.718841314,0.583162725,-0.12427365,0.675755441,0.65699178,-0.13077192,0.645121515,0.635126829,-0.131805792,0.555517077,0.44302091,-0.091653436,0.655768514,0.624143422,-0.133667678,0.623515666,0.676042378,-0.120102815,0.593863904,0.650269866,-0.108843558,0.504199147,0.507062197,-0.120061338,0.58302331,0.662310302,-0.144447386,0.572087944,0.701347589,-0.140645161,0.553829134,0.67903924,-0.135676339
B,0.478772521,0.732140899,-1.97E-07,0.610823274,0.715828836,-0.033557031,0.714417696,0.694832206,-0.074794866,0.782478988,0.676373601,-0.11737752,0.737351775,0.678674877,-0.152092218,0.679811895,0.415280581,-0.050447956,0.771363676,0.543785512,-0.107574992,0.736192465,0.621528745,-0.137395903,0.698600411,0.625447273,-0.156556055,0.61487174,0.408313781,-0.066952176,0.71830523,0.582222044,-0.120912857,0.677015245,0.658600867,-0.127752244,0.646309435,0.63803035,-0.12907961,0.556335747,0.44370681,-0.089613177,0.65452832,0.624202251,-0.131124228,0.623585045,0.679034829,-0.1187457,0.594869077,0.652759314,-0.108354367,0.504939616,0.505889893,-0.118310273,0.581680536,0.66281122,-0.142020047,0.570138216,0.70188421,-0.138720647,0.551488757,0.677996635,-0.134435922
B,0.476885766,0.730766892,-1.68E-07,0.610404909,0.715530396,-0.038719412,0.713466585,0.697625756,-0.083593987,0.782367885,0.676837623,-0.129195258,0.740071654,0.677053213,-0.166669592,0.678000271,0.41017139,-0.053224705,0.772362053,0.54589951,-0.110799313,0.736521125,0.61945641,-0.140249327,0.700167418,0.619550586,-0.159181103,0.6141541,0.408075571,-0.067883395,0.721364796,0.586372018,-0.122301489,0.675798535,0.658839107,-0.127768636,0.645248652,0.633199394,-0.127692938,0.557435513,0.44663614,-0.089301802,0.658221781,0.628330886,-0.13120544,0.624767661,0.67882216,-0.117325842,0.596001983,0.65087682,-0.105608694,0.507786989,0.51047647,-0.117357485,0.586640656,0.664789975,-0.140989929,0.573298693,0.7015118,-0.136890799,0.55411762,0.677124321,-0.131796718
B,0.477483928,0.73419553,-2.12E-07,0.611217201,0.716097951,-0.031114763,0.715122223,0.693658412,-0.070444711,0.783927381,0.675771832,-0.111607186,0.740768254,0.678679228,-0.144893646,0.679995716,0.411649823,-0.044515941,0.774455905,0.546532094,-0.09964104,0.738877892,0.62175715,-0.129312396,0.701027393,0.623250723,-0.148871332,0.61631918,0.40831244,-0.06193994,0.722701788,0.584063351,-0.113692783,0.680742919,0.65739584,-0.120607331,0.649160624,0.63624078,-0.122488834,0.558969498,0.446431875,-0.085478477,0.659825325,0.626375914,-0.125228986,0.627325654,0.680153728,-0.112741739,0.597172558,0.655036807,-0.102628015,0.509055495,0.511021852,-0.114954561,0.587651551,0.666569471,-0.137423322,0.574215472,0.705422819,-0.133608297,0.553954482,0.682671487,-0.129152656
B,0.475497544,0.732889533,-2.28E-07,0.606664181,0.716016233,-0.034036476,0.709319115,0.693694413,-0.075182192,0.778774202,0.674702823,-0.117717043,0.738331616,0.675711632,-0.152391478,0.676619172,0.410650909,-0.047322713,0.770093858,0.543866932,-0.104403511,0.733076394,0.621085525,-0.135602519,0.695664883,0.621003926,-0.15607065,0.61159867,0.405773729,-0.063474603,0.714545786,0.58112675,-0.117213957,0.671455324,0.659470856,-0.124531232,0.641485155,0.637188554,-0.126414552,0.553878367,0.442725241,-0.086035445,0.653146148,0.620436192,-0.127888083,0.620226443,0.67876637,-0.11488422,0.590334356,0.653733611,-0.104007892,0.504493833,0.505582094,-0.114666462,0.582377374,0.657521844,-0.138348043,0.567510784,0.6984846,-0.133971542,0.546393573,0.675182283,-0.128807485
B,0.474828839,0.728876412,-2.05E-07,0.607680559,0.711582422,-0.033687431,0.711185038,0.690223813,-0.075157277,0.78018707,0.671820879,-0.118119001,0.736850858,0.674637556,-0.153224349,0.674975395,0.408467412,-0.050042734,0.768134534,0.53995651,-0.107236311,0.733640909,0.61822319,-0.137282863,0.695735693,0.621765733,-0.156729937,0.60932678,0.404035181,-0.066765882,0.714803934,0.578339756,-0.121890083,0.673275113,0.655678868,-0.129330426,0.641100705,0.63606298,-0.131003261,0.551177442,0.441144019,-0.089663595,0.652250051,0.619618177,-0.13185361,0.620190918,0.675814152,-0.119188197,0.588946104,0.65115416,-0.108518943,0.50098747,0.504405856,-0.118648902,0.581503987,0.65844816,-0.142710984,0.567800522,0.698144317,-0.139047921,0.546191752,0.675052345,-0.134481966
B,0.476963192,0.727652133,-1.99E-07,0.607865751,0.712917566,-0.035664719,0.710095286,0.695456326,-0.079195596,0.778800189,0.674310446,-0.123973884,0.737233341,0.672172487,-0.16101104,0.677968442,0.409851968,-0.052424233,0.767413557,0.542437673,-0.110489041,0.731173456,0.617678583,-0.141077965,0.694610655,0.619519711,-0.160850301,0.612104893,0.403299451,-0.068773702,0.714644194,0.579146922,-0.123172127,0.671700478,0.654389441,-0.129959494,0.642033994,0.632229567,-0.131350473,0.553376257,0.438705862,-0.0914739,0.651626229,0.6184147,-0.133340076,0.619361758,0.672287405,-0.119989261,0.589995921,0.645923674,-0.109201312,0.501818657,0.500722528,-0.120501958,0.578734994,0.656358957,-0.144640565,0.566516161,0.696116149,-0.140749589,0.547636509,0.672580838,-0.136024252
B,0.478966892,0.725321949,-1.43E-07,0.607663274,0.711030066,-0.039652113,0.70849359,0.695628703,-0.086801454,0.777192831,0.675590038,-0.134689331,0.736204147,0.672593415,-0.174721599,0.67728126,0.409032524,-0.05868078,0.767193913,0.541297317,-0.118915893,0.731044531,0.615750194,-0.149143443,0.693984747,0.618093133,-0.16791226,0.611146808,0.402725339,-0.073611036,0.715262175,0.578619003,-0.129452601,0.67188561,0.654253662,-0.134097606,0.643312395,0.629754007,-0.133211881,0.552487612,0.438097388,-0.095301628,0.650856733,0.61883837,-0.138265625,0.619316161,0.671703398,-0.12281052,0.590781331,0.644363582,-0.110130519,0.500446379,0.49885416,-0.12374232,0.576407433,0.655771852,-0.148925543,0.565658689,0.696012437,-0.144547805,0.548351049,0.673088431,-0.139013782
B,0.477990091,0.728554666,-1.54E-07,0.608103395,0.712256908,-0.037990205,0.70881623,0.695162237,-0.083218254,0.77669549,0.673429847,-0.129634738,0.735194862,0.670589924,-0.168338448,0.675285161,0.409331918,-0.053851452,0.766633153,0.54092294,-0.113332957,0.73075521,0.615529835,-0.143852264,0.694529474,0.616769552,-0.162944391,0.609778821,0.403446257,-0.069491915,0.716046691,0.577985823,-0.125110298,0.672738612,0.653368056,-0.131069213,0.643652141,0.629983664,-0.130903229,0.55140388,0.439021379,-0.091897331,0.650952935,0.618574679,-0.135322914,0.619051039,0.672864437,-0.121283762,0.590906382,0.647617817,-0.109070033,0.499511003,0.500426769,-0.12084388,0.57716167,0.655183792,-0.145785436,0.565633476,0.696796358,-0.141404822,0.547996283,0.676045835,-0.135719717
B,0.482836097,0.728932261,-1.68E-07,0.610399842,0.713717163,-0.036405139,0.708238542,0.69864583,-0.081432521,0.775924206,0.67862916,-0.127717361,0.736159205,0.676256299,-0.166434646,0.678937495,0.41226083,-0.056881428,0.767973661,0.544132292,-0.115340009,0.732878983,0.619851232,-0.143897787,0.697475314,0.621797919,-0.161744013,0.612593472,0.407326549,-0.073301584,0.717716753,0.582950413,-0.128124923,0.674977362,0.657995582,-0.13323085,0.645632505,0.635116756,-0.132972568,0.553123415,0.443606108,-0.095885649,0.651981831,0.624101281,-0.138462842,0.620239735,0.676764011,-0.124608114,0.592092097,0.650096059,-0.113115601,0.499865115,0.505356789,-0.124671742,0.577018142,0.659282446,-0.148876369,0.566424966,0.698860049,-0.144262895,0.549595833,0.676653743,-0.138821721
B,0.471895248,0.763908386,-4.75E-07,0.589279771,0.737712622,-0.042773474,0.679234982,0.701067269,-0.077387042,0.733237386,0.671302021,-0.111674301,0.736835361,0.658657908,-0.138241753,0.673676729,0.42085427,-0.033961192,0.766280472,0.557709813,-0.090577506,0.725194335,0.624749064,-0.129295602,0.690770149,0.610170662,-0.156447202,0.614988863,0.417067349,-0.042614218,0.720418453,0.594124436,-0.091190144,0.670201242,0.649994195,-0.105322734,0.64120096,0.62361306,-0.113594092,0.555910289,0.458314598,-0.060429346,0.655504882,0.632121563,-0.101324655,0.612924635,0.669340551,-0.096752964,0.587157428,0.636218786,-0.091698669,0.499862522,0.527790666,-0.085536465,0.578430712,0.662309408,-0.115148626,0.55814755,0.692420542,-0.118458569,0.537523627,0.667269886,-0.117301457
B,0.477418661,0.741611063,-2.87E-07,0.614605367,0.723166406,-0.030979758,0.716959357,0.702256083,-0.07192257,0.784049511,0.67807126,-0.115248442,0.749684632,0.678610504,-0.150999025,0.681110919,0.415959954,-0.049522191,0.776206493,0.550363064,-0.106316283,0.73425287,0.627214789,-0.135409817,0.697519124,0.62400502,-0.154987007,0.615905523,0.411752284,-0.068514585,0.724511027,0.591166437,-0.123660475,0.674722373,0.665401995,-0.130577892,0.642809331,0.641976476,-0.131942824,0.557538867,0.447939694,-0.093285717,0.658991277,0.628765225,-0.135672793,0.622239828,0.682042062,-0.122767352,0.593540788,0.656470895,-0.112231471,0.506140709,0.508520424,-0.123843074,0.583348691,0.657985687,-0.147019193,0.568793178,0.69790113,-0.141699508,0.552235007,0.675773203,-0.136231229
B,0.485024273,0.732375562,-1.65E-07,0.617934585,0.713250279,-0.037304804,0.718329728,0.698303342,-0.084198169,0.787223935,0.680166602,-0.132589415,0.744977593,0.682259858,-0.173222855,0.686830878,0.413713336,-0.056506611,0.776184976,0.552041829,-0.115258344,0.739648402,0.624324799,-0.144197628,0.704141796,0.624639988,-0.162714094,0.620771885,0.408778906,-0.073039651,0.725070655,0.591593266,-0.128132075,0.677899659,0.664518356,-0.131695256,0.647940814,0.638286293,-0.130484894,0.561551571,0.444143713,-0.096204825,0.659959197,0.632483006,-0.138315424,0.624676883,0.681649625,-0.122154899,0.595128894,0.652535975,-0.109253332,0.50831449,0.504751682,-0.126108199,0.585167289,0.661258459,-0.149649471,0.572000325,0.698274374,-0.143966511,0.553117096,0.674049795,-0.137916118
B,0.488233805,0.735461116,-1.79E-07,0.617595017,0.717946291,-0.032775715,0.717835009,0.701437712,-0.074782163,0.786988318,0.683931828,-0.118954174,0.747322381,0.685208797,-0.155884743,0.688062489,0.420302033,-0.048929144,0.777929902,0.549326718,-0.105489984,0.743144214,0.623423696,-0.13466908,0.707365155,0.62580055,-0.153231546,0.622944713,0.414547503,-0.066405125,0.727183461,0.588306189,-0.118414365,0.685239315,0.662098408,-0.123957127,0.655751526,0.640625,-0.124461979,0.563640952,0.449077785,-0.090124488,0.660431325,0.628955126,-0.130590454,0.628620386,0.680440962,-0.11788702,0.600277185,0.654448569,-0.107366964,0.510022759,0.509304821,-0.119861618,0.585228741,0.662575305,-0.142378196,0.575495481,0.701894045,-0.137771204,0.558879554,0.681681275,-0.132508636
B,0.48695606,0.735725045,-2.09E-07,0.614262104,0.71905309,-0.027002951,0.713339925,0.706287265,-0.066788107,0.783095837,0.692530394,-0.109888047,0.745387852,0.691719294,-0.146920711,0.690371811,0.426873475,-0.045696158,0.777340591,0.55750829,-0.102105729,0.739499211,0.632339001,-0.133288279,0.70505619,0.633799553,-0.153632447,0.624373734,0.419390321,-0.066252105,0.725352108,0.595253587,-0.116575681,0.681463003,0.669146061,-0.123910874,0.65270257,0.648815691,-0.126688048,0.562502325,0.452977955,-0.092295542,0.657425344,0.633553505,-0.131691873,0.623445928,0.687388003,-0.119355924,0.595832169,0.663579702,-0.109623551,0.505125821,0.512381494,-0.123756371,0.58082664,0.662395239,-0.145728558,0.573702872,0.70728898,-0.139612898,0.561507821,0.693454564,-0.133329004
B,0.484195352,0.73669982,-2.10E-07,0.613302588,0.72160095,-0.028682575,0.714214325,0.706766009,-0.068825334,0.784452438,0.691505015,-0.111948647,0.745117843,0.692290425,-0.14858599,0.691620648,0.42658776,-0.045412544,0.776503503,0.56000489,-0.101645477,0.739594221,0.633140147,-0.132212237,0.704843998,0.633665442,-0.152183458,0.626023889,0.419437796,-0.065294251,0.725466907,0.596607983,-0.116326682,0.681236506,0.669798017,-0.123019144,0.651578546,0.648601115,-0.124828048,0.564549685,0.452735186,-0.090991996,0.65739131,0.633837998,-0.131066307,0.623637378,0.686681569,-0.118668154,0.595588744,0.661588907,-0.108589426,0.508116186,0.51246208,-0.12231686,0.581159651,0.664610326,-0.144752681,0.571702182,0.706645906,-0.139111176,0.55653578,0.688927829,-0.133101195
B,0.467135638,0.726442397,-2.17E-07,0.590971887,0.713782191,-0.037938874,0.694092333,0.69960165,-0.080677807,0.760701001,0.683163047,-0.124142714,0.715845883,0.683313727,-0.16064316,0.664761722,0.421141505,-0.05494146,0.747650146,0.548609436,-0.115921699,0.705899119,0.623098791,-0.153770328,0.672499716,0.617450535,-0.17986773,0.595949888,0.415701061,-0.070975408,0.69032079,0.589010894,-0.128197581,0.645721495,0.658709586,-0.143007651,0.616779268,0.632986188,-0.151876301,0.532385528,0.451296151,-0.09335921,0.622063279,0.630937934,-0.138687745,0.589102507,0.679727674,-0.134161755,0.56157738,0.647967517,-0.129999131,0.477684408,0.511878371,-0.121659964,0.551246583,0.663199425,-0.1472352,0.536782384,0.696444154,-0.147409126,0.515611649,0.66798085,-0.146890119
B,0.438536733,0.697124779,-3.51E-07,0.54013592,0.691403687,-0.065578334,0.62871331,0.667254329,-0.119901508,0.669955909,0.636728644,-0.168957829,0.626315117,0.640943766,-0.210846633,0.592767835,0.383480459,-0.085585199,0.661450624,0.529145122,-0.160173863,0.623772204,0.588279486,-0.206878901,0.595746815,0.554170191,-0.23901172,0.518577278,0.38106662,-0.088955738,0.604237914,0.556738973,-0.157322019,0.567688227,0.607233644,-0.175159469,0.545608163,0.559283197,-0.186012685,0.451897979,0.422085285,-0.101275556,0.533995271,0.597839952,-0.152688667,0.504728973,0.629359663,-0.146352649,0.479121208,0.582608342,-0.141199201,0.394216686,0.488191098,-0.122536406,0.461254358,0.626864791,-0.155803815,0.448185802,0.648562729,-0.159908473,0.424455255,0.613902926,-0.161387235
B,0.416937888,0.694834054,-2.69E-07,0.518879116,0.691866755,-0.052200776,0.60937041,0.665594459,-0.102244347,0.652699828,0.640341163,-0.149423152,0.597621322,0.636939704,-0.189201429,0.573989511,0.373844028,-0.075254649,0.626772165,0.496650547,-0.150721848,0.607344866,0.585475981,-0.197741926,0.592547715,0.573269129,-0.227477819,0.498424441,0.370715052,-0.085795432,0.570036411,0.539444447,-0.153122216,0.546652675,0.612735391,-0.173793882,0.53017658,0.576619029,-0.186478704,0.429275483,0.410945743,-0.104229733,0.503779352,0.578778625,-0.157188907,0.484408021,0.63116926,-0.152874857,0.461791933,0.591917872,-0.148749128,0.373357147,0.47547695,-0.129616171,0.43674159,0.615700245,-0.162654489,0.428813726,0.651702046,-0.164502203,0.40863061,0.617670596,-0.164064735
B,0.339389771,0.676569104,-9.72E-08,0.417752534,0.658537626,-0.048359629,0.498090655,0.62189889,-0.087421939,0.508686185,0.580501914,-0.121228144,0.447493911,0.579508543,-0.148554251,0.4568699,0.357459396,-0.060830858,0.498079956,0.461896449,-0.114153169,0.476734728,0.53930366,-0.152265325,0.459874839,0.532797694,-0.179045379,0.383070469,0.341883004,-0.065201789,0.436906129,0.480111927,-0.108747773,0.422476977,0.554423988,-0.125143513,0.410814941,0.534135461,-0.137988701,0.318665147,0.373695254,-0.075634181,0.368266791,0.525386214,-0.112042293,0.366164654,0.577500641,-0.111777619,0.35670498,0.544991255,-0.112133995,0.265135944,0.430901229,-0.091712706,0.309195131,0.559223652,-0.11259497,0.316183329,0.59587127,-0.112982318,0.307853997,0.568824351,-0.113534652
B,0.297868341,0.667125762,-4.12E-07,0.379439861,0.659441411,-0.045044757,0.460716128,0.627536774,-0.082896203,0.470719635,0.587405562,-0.116716243,0.399261266,0.576048732,-0.143874526,0.434802204,0.353817254,-0.04671688,0.464863032,0.481996804,-0.10393054,0.440836966,0.560937762,-0.143827602,0.421551645,0.548475444,-0.171469316,0.359311372,0.340643883,-0.053862475,0.39593032,0.500641286,-0.101827979,0.386333495,0.577416241,-0.119673125,0.378933281,0.556278646,-0.131724134,0.290476501,0.3724612,-0.067889333,0.333618879,0.535080552,-0.108166531,0.332332402,0.590122938,-0.102811143,0.324194074,0.552629054,-0.098744817,0.230307072,0.42913568,-0.08822871,0.272566736,0.563642442,-0.11660096,0.284135461,0.603952885,-0.116037577,0.284247279,0.571224511,-0.112926632
B,0.294696093,0.668835998,-3.00E-07,0.377484471,0.662193716,-0.050367847,0.45438084,0.632951796,-0.091297001,0.464314729,0.591010809,-0.127547354,0.3977516,0.585725188,-0.157073721,0.425455034,0.356936991,-0.054454368,0.456220299,0.473103195,-0.114331327,0.439377666,0.553796589,-0.155686393,0.422563791,0.552045047,-0.182713181,0.350769758,0.345316947,-0.059281714,0.386792451,0.49536705,-0.11049971,0.382049501,0.57454133,-0.129841328,0.374603361,0.558941364,-0.141303435,0.281712621,0.376218975,-0.071317643,0.327257127,0.542055845,-0.114756651,0.328771412,0.597108364,-0.113961563,0.317245513,0.563686252,-0.110965572,0.221773595,0.429082811,-0.089640923,0.265319765,0.568122745,-0.118921116,0.27685836,0.608442426,-0.120656163,0.272476643,0.578097045,-0.118511595
B,0.287342548,0.669351578,-3.44E-07,0.369520724,0.660652339,-0.048209779,0.44560191,0.63263166,-0.08876536,0.457827091,0.593580365,-0.125405774,0.391886175,0.588788509,-0.155528471,0.421044379,0.358257532,-0.051578812,0.450077355,0.475287378,-0.110473864,0.432973802,0.554788291,-0.150810704,0.415867567,0.553562582,-0.177010387,0.34608835,0.347265989,-0.056976736,0.380356967,0.498935997,-0.107494406,0.375830173,0.577602863,-0.126227751,0.36902988,0.562211812,-0.137129977,0.276769847,0.377818346,-0.069447376,0.320870638,0.541964591,-0.111575015,0.323593199,0.597536147,-0.109642066,0.312984228,0.565777421,-0.105905771,0.216667816,0.430225134,-0.088187516,0.259015232,0.566933393,-0.116196997,0.270955682,0.606968582,-0.117057316,0.26704216,0.576641142,-0.114256449
B,0.268363476,0.677570999,-3.73E-07,0.343538761,0.666762888,-0.046835929,0.418686777,0.635390282,-0.085325047,0.42868191,0.593212545,-0.118916705,0.361341596,0.577516258,-0.145709693,0.396236062,0.357509702,-0.050709818,0.416766465,0.486851156,-0.107594274,0.398976475,0.566414297,-0.147029236,0.384851664,0.561654091,-0.173307031,0.322420925,0.347403437,-0.055741619,0.35048297,0.503022194,-0.104413308,0.347313792,0.580351114,-0.122073971,0.342842668,0.569481969,-0.133058399,0.254129171,0.380174458,-0.067537591,0.292533457,0.544582725,-0.110014521,0.294887096,0.603151083,-0.106753074,0.285986304,0.576443136,-0.102576546,0.194314182,0.436792821,-0.085331544,0.232674092,0.574313581,-0.116739951,0.246500313,0.615114331,-0.119148172,0.246749163,0.584372759,-0.117163636
B,0.270394623,0.680152535,-3.16E-07,0.343826801,0.666880131,-0.047280014,0.41817528,0.636426151,-0.087210365,0.422284901,0.595662951,-0.122454144,0.355485648,0.587857902,-0.151485533,0.391407192,0.363526911,-0.052392691,0.416129202,0.482559323,-0.108743414,0.401298404,0.559573889,-0.148852944,0.38693589,0.557238638,-0.175645754,0.314860344,0.353398889,-0.05709216,0.347631007,0.504987299,-0.104304135,0.346689701,0.579315841,-0.12287797,0.341195941,0.567882836,-0.13485162,0.245437786,0.38514486,-0.068351157,0.289131671,0.548412859,-0.108077414,0.295057446,0.603212178,-0.106337778,0.285912126,0.57630682,-0.103778914,0.186015546,0.440436065,-0.085659645,0.22914511,0.57663089,-0.113526218,0.244578987,0.61705935,-0.115151815,0.243325025,0.58898586,-0.113239683
B,0.260547191,0.672620654,-3.68E-07,0.335852981,0.666794419,-0.052403826,0.409355104,0.64331913,-0.093475893,0.406699002,0.604065716,-0.127845153,0.341876775,0.5831303,-0.15595144,0.385096431,0.366015315,-0.063042611,0.408145189,0.493895888,-0.121068262,0.390388489,0.569518864,-0.160693616,0.375261366,0.564721107,-0.186714917,0.305665016,0.355819941,-0.064431958,0.338043481,0.519393146,-0.112904064,0.338693619,0.593821049,-0.130340025,0.33509782,0.585124195,-0.141409382,0.235078976,0.388723761,-0.072297581,0.278265804,0.562610328,-0.115232661,0.290364236,0.61986649,-0.112026632,0.28714624,0.598462224,-0.107475691,0.175042346,0.4446778,-0.086252779,0.21729359,0.579172194,-0.117309995,0.235882521,0.620313287,-0.118076466,0.238439307,0.595011115,-0.11443118
B,0.26096946,0.682996631,-3.69E-07,0.335454851,0.673030913,-0.049384858,0.409804642,0.645538032,-0.090248063,0.406691313,0.604375005,-0.125360489,0.341260731,0.58947432,-0.153926939,0.387262464,0.369807839,-0.058307528,0.407737345,0.490323246,-0.116261795,0.391460508,0.570061207,-0.156012118,0.377055556,0.567667425,-0.182616055,0.307255983,0.35676825,-0.062240988,0.336701006,0.511310399,-0.110941775,0.336794615,0.590822339,-0.128382176,0.332135618,0.578234315,-0.139461488,0.236154109,0.387968451,-0.072677329,0.276653916,0.552520871,-0.114627488,0.285023034,0.612175107,-0.110434346,0.278267324,0.584931731,-0.106087618,0.175415277,0.44400841,-0.089224249,0.21775274,0.581629395,-0.119488701,0.236137271,0.626169622,-0.120115481,0.237521514,0.598036468,-0.116957448
B,0.275334567,0.6769436,-3.36E-07,0.352768898,0.669172406,-0.048315957,0.42840904,0.644263148,-0.088025212,0.432456553,0.604262352,-0.122970827,0.368159205,0.593763411,-0.151716515,0.407267004,0.370721996,-0.051665168,0.430093765,0.494692713,-0.105667695,0.411343187,0.563460588,-0.143665642,0.397893459,0.549357772,-0.169813275,0.332023323,0.359363616,-0.054851215,0.365131795,0.518302083,-0.099735789,0.359034508,0.586003304,-0.115962639,0.353204787,0.566921711,-0.126728073,0.26410532,0.390445769,-0.064690582,0.304736882,0.552408934,-0.102170475,0.305069387,0.599921525,-0.097875446,0.295999676,0.567189693,-0.093824662,0.205345333,0.444238961,-0.080820024,0.246399343,0.570798814,-0.10526453,0.257616103,0.607807279,-0.104147576,0.256029755,0.581925988,-0.100540958
B,0.363825768,0.634710371,-1.70E-07,0.4332425,0.642111063,-0.051068585,0.502694488,0.626529634,-0.09027417,0.516405821,0.594240904,-0.12435241,0.468710959,0.575615346,-0.154383123,0.464373231,0.371018946,-0.065116175,0.500507832,0.483878076,-0.122936338,0.487655878,0.545174181,-0.165644109,0.47727114,0.535106361,-0.193619594,0.396129638,0.359692097,-0.065901101,0.441390187,0.504550219,-0.110129975,0.432176173,0.559516907,-0.13011618,0.420473665,0.538547218,-0.145514071,0.333711058,0.388224095,-0.072788849,0.379783392,0.535904169,-0.108239159,0.378588825,0.574095428,-0.108893469,0.366081893,0.546114683,-0.109741896,0.279400378,0.438947797,-0.085579887,0.318443149,0.558285594,-0.106849715,0.323438346,0.587310553,-0.107228555,0.313249171,0.565397739,-0.106557719
B,0.376585096,0.645131111,-2.47E-07,0.455795705,0.642392159,-0.036413521,0.525948763,0.624683857,-0.068811469,0.545634031,0.592898309,-0.100646183,0.501247823,0.566567838,-0.128538609,0.494900227,0.36642617,-0.040067144,0.522505224,0.434242129,-0.094737157,0.529487967,0.489600718,-0.131859198,0.540062785,0.499232501,-0.152590901,0.430128068,0.351829946,-0.045120731,0.467110604,0.481351733,-0.087929517,0.462109387,0.549157023,-0.105040245,0.455043256,0.545292854,-0.113649316,0.367811233,0.379833281,-0.056043763,0.409442991,0.525206506,-0.090137191,0.405013651,0.569875956,-0.088006303,0.39440161,0.55264318,-0.083356738,0.310235322,0.431675076,-0.072089791,0.347931355,0.548876584,-0.089923978,0.352663606,0.584920347,-0.085826978,0.346618831,0.57380712,-0.078653127
B,0.427704096,0.648399949,-2.15E-07,0.520610273,0.638358235,-0.053939398,0.593648136,0.607919693,-0.096868217,0.628856838,0.58420527,-0.13696143,0.620208323,0.569881678,-0.168852687,0.582114816,0.346309483,-0.051154044,0.622750103,0.432111025,-0.124433614,0.619761527,0.513243437,-0.170406878,0.619585931,0.535369813,-0.194961742,0.521937191,0.338045388,-0.052414313,0.584705114,0.472840995,-0.115007266,0.572637379,0.541560113,-0.133323416,0.566429853,0.52895391,-0.139376506,0.463320076,0.367916822,-0.064173311,0.527325034,0.51883781,-0.115551285,0.512977719,0.57238853,-0.112715237,0.499329984,0.553327203,-0.10383755,0.412237406,0.421349436,-0.083124056,0.467039227,0.546325803,-0.112671189,0.460481107,0.585401237,-0.113156997,0.444646657,0.5631423,-0.107952937
B,0.499503314,0.653651357,-3.87E-07,0.597905338,0.645626664,-0.045334462,0.676961422,0.622198641,-0.082169324,0.722013652,0.594633758,-0.116248235,0.726934612,0.564992487,-0.14237529,0.679038227,0.359326363,-0.046422333,0.757101119,0.483463079,-0.104013078,0.721998334,0.549495935,-0.140097722,0.690037847,0.535442352,-0.163952738,0.623042762,0.339199692,-0.050785214,0.707564414,0.498991698,-0.102344483,0.668924332,0.562260091,-0.115836136,0.642214239,0.53476274,-0.123297781,0.565518022,0.360196054,-0.063172691,0.645462275,0.511543632,-0.106931977,0.615388453,0.568656027,-0.100180089,0.589732826,0.544523835,-0.093358606,0.511495709,0.408940703,-0.081549622,0.577918589,0.525866687,-0.11133898,0.563880324,0.571011186,-0.110011622,0.543768167,0.550661743,-0.105732024
B,0.536804318,0.65230912,-4.62E-07,0.640155613,0.652628422,-0.025217647,0.732260227,0.639157176,-0.053240493,0.789514065,0.614460051,-0.083109073,0.762138546,0.58831948,-0.107651137,0.71784693,0.372804284,-0.023355994,0.786731303,0.48748821,-0.070603624,0.747737169,0.551630378,-0.105648346,0.716241658,0.537028432,-0.130742475,0.663688064,0.356255889,-0.037592929,0.738497555,0.497954369,-0.078523621,0.699064434,0.561989963,-0.093878575,0.671078205,0.543485403,-0.104647167,0.60749352,0.376351684,-0.057331525,0.677908003,0.511995375,-0.090200536,0.648624957,0.568200409,-0.08626163,0.622626007,0.547195971,-0.083745576,0.557207048,0.424609601,-0.081494518,0.616250217,0.53479749,-0.09894266,0.598620832,0.576971531,-0.094871275,0.575587869,0.559620619,-0.091824628
B,0.599377513,0.651704252,-4.58E-07,0.709312379,0.660981894,-0.021982938,0.799856067,0.6479792,-0.047393553,0.860554814,0.631394446,-0.076226808,0.863358617,0.605433464,-0.098487608,0.807329774,0.387699068,-0.013779351,0.88201046,0.507522225,-0.058719385,0.839121342,0.573203146,-0.087508105,0.808417797,0.556776285,-0.106921896,0.758921921,0.368036389,-0.029203491,0.840943217,0.521208405,-0.066790909,0.792485237,0.583759069,-0.076386131,0.765692711,0.55536145,-0.081655376,0.70700717,0.386752218,-0.05090997,0.78249824,0.528651237,-0.083512366,0.746714532,0.5863626,-0.076168619,0.723365963,0.561586142,-0.070027873,0.657937884,0.431706101,-0.076884024,0.71945399,0.546609938,-0.093986414,0.697287679,0.588219225,-0.08799208,0.675279856,0.567477345,-0.082240298
B,0.624351025,0.656256914,-3.92E-07,0.729531527,0.670460701,-0.020025635,0.823794186,0.656293273,-0.045466043,0.888746321,0.645323515,-0.07387156,0.885595202,0.621768415,-0.095499612,0.828035355,0.39964962,-0.015571521,0.906325638,0.513593137,-0.059986025,0.863275826,0.579049945,-0.088501886,0.83295536,0.565851867,-0.107786596,0.783491194,0.378899366,-0.0320893,0.867186904,0.525115192,-0.071233056,0.819133937,0.587299347,-0.080278993,0.793999553,0.563296199,-0.084603518,0.735937595,0.393517435,-0.054404028,0.810659349,0.536520839,-0.085736476,0.771614909,0.589192748,-0.076666512,0.749186754,0.563731968,-0.069676198,0.692051172,0.434206009,-0.080915965,0.74949348,0.552029312,-0.096706823,0.722202361,0.589305282,-0.089960173,0.699742496,0.566016495,-0.08435408
B,0.672854781,0.651565194,-4.23E-07,0.787632227,0.673412859,-0.017706346,0.875700176,0.666301548,-0.043398269,0.937669158,0.656760216,-0.072460644,0.942305923,0.626102388,-0.094828196,0.884200096,0.413053572,-0.018038496,0.961454511,0.535318613,-0.063008532,0.915897608,0.600709677,-0.090512417,0.885500193,0.583585918,-0.109097175,0.843898714,0.388934076,-0.035193119,0.928079844,0.544287741,-0.077031411,0.874943078,0.608590245,-0.086970218,0.847727835,0.58027631,-0.090938181,0.799704969,0.402132332,-0.057222392,0.874598622,0.548942983,-0.090844214,0.833232641,0.60688442,-0.081922345,0.809538901,0.579493105,-0.073804229,0.758270741,0.440685004,-0.082839027,0.810797036,0.55940032,-0.099460445,0.785764635,0.600602329,-0.092470072,0.766267121,0.576838076,-0.085934617
B,0.680540144,0.649747789,-3.65E-07,0.792494297,0.67112869,-0.015674027,0.880117238,0.661382735,-0.040543053,0.942231059,0.656223655,-0.068442106,0.951261282,0.630135179,-0.089525618,0.887216628,0.412776917,-0.02102432,0.967570543,0.524280965,-0.063565403,0.924198091,0.592011988,-0.087095022,0.892622769,0.579651713,-0.102885671,0.850113928,0.388163507,-0.039225001,0.938622713,0.535476327,-0.07819967,0.886303961,0.60495007,-0.083895452,0.858100772,0.579171479,-0.085136868,0.808281958,0.401768386,-0.061842512,0.886727095,0.544993222,-0.094286062,0.843397379,0.606118143,-0.081873231,0.817436039,0.580588341,-0.071957491,0.767351627,0.442105055,-0.087700196,0.821325123,0.560720623,-0.105361611,0.79352951,0.603319407,-0.096799344,0.772085249,0.580583334,-0.089187235
B,0.693091273,0.649350762,-3.35E-07,0.79884994,0.673827648,-0.023021325,0.885239899,0.665789485,-0.051037516,0.946628213,0.663012087,-0.080589987,0.96656853,0.63124758,-0.103031397,0.901124835,0.417651594,-0.025073031,0.977693498,0.533268273,-0.069805264,0.935717225,0.598873913,-0.095698729,0.903573871,0.589941025,-0.112474561,0.86348176,0.393046558,-0.039217182,0.947316229,0.543952167,-0.080414146,0.896606803,0.608796716,-0.088817239,0.868240118,0.584239364,-0.091647997,0.821658611,0.406506479,-0.058533493,0.89567256,0.553106844,-0.092337653,0.853149474,0.609151721,-0.081363574,0.827553511,0.584368944,-0.072115198,0.780321479,0.445875078,-0.08168117,0.830539703,0.567863941,-0.100775197,0.803937018,0.606431425,-0.093723461,0.78395927,0.582517087,-0.086701967
B,0.694589376,0.653479874,-3.18E-07,0.801193476,0.677632749,-0.022178631,0.883131921,0.668026924,-0.05089331,0.941262007,0.664788723,-0.081701532,0.969540238,0.642028511,-0.105496757,0.90461874,0.421525091,-0.026258582,0.982586861,0.535353899,-0.073711455,0.94252342,0.600980401,-0.099505208,0.910309792,0.596689641,-0.115323886,0.866722345,0.395401776,-0.041739646,0.953436792,0.547519743,-0.087847084,0.89984715,0.61451298,-0.096228905,0.868264854,0.592900038,-0.096907288,0.824514389,0.408209652,-0.062523335,0.898061514,0.557676613,-0.101284333,0.852937162,0.615626097,-0.089853056,0.825739861,0.591698766,-0.078179464,0.781674504,0.447394252,-0.086824432,0.832075477,0.570155621,-0.108783938,0.804379761,0.610634506,-0.100960881,0.78402698,0.587340474,-0.092064053
B,0.693441153,0.655259013,-3.15E-07,0.799761057,0.679080367,-0.02287692,0.8810606,0.668039918,-0.051435824,0.939488411,0.664261103,-0.081791162,0.972988486,0.646457493,-0.104892738,0.900670528,0.421277225,-0.02766479,0.980369091,0.53299433,-0.074271724,0.940290809,0.598923385,-0.099063776,0.907705069,0.593219042,-0.114477679,0.863194048,0.396369576,-0.042544898,0.952349901,0.545238495,-0.088244893,0.900131106,0.612700582,-0.096276268,0.868409634,0.591063678,-0.096994832,0.821585834,0.410035014,-0.062634937,0.896668792,0.556587934,-0.100901075,0.852733076,0.615261614,-0.089384355,0.825269401,0.591409564,-0.077987328,0.779168129,0.449647009,-0.086285055,0.829814494,0.571387708,-0.108103365,0.803451121,0.611769557,-0.1007974,0.783416808,0.588376224,-0.092555799
B,0.693522334,0.657888472,-3.35E-07,0.800887287,0.680578232,-0.020880435,0.886152565,0.671903133,-0.048311792,0.947255015,0.667581618,-0.077800743,0.963286519,0.639830947,-0.10015212,0.897385359,0.422020316,-0.026157336,0.976204753,0.533729672,-0.072294205,0.933104336,0.599748254,-0.09759856,0.90188092,0.588039279,-0.113800824,0.858893156,0.3972435,-0.042122997,0.947052479,0.544990659,-0.086177781,0.894385755,0.612181664,-0.093355902,0.865938306,0.588727713,-0.09440501,0.816407084,0.410948247,-0.06316077,0.891481638,0.557002783,-0.099214777,0.848344564,0.615100324,-0.0871787,0.82352221,0.590364397,-0.076472886,0.77465564,0.450862229,-0.087851271,0.827325702,0.571406901,-0.107255399,0.800314724,0.611148417,-0.099473208,0.779951096,0.587746561,-0.091894552
B,0.668732285,0.652255297,-3.31E-07,0.772199988,0.670230269,-0.028810447,0.860473931,0.66184473,-0.058949735,0.926817119,0.654393494,-0.088968463,0.930346906,0.62120533,-0.111585438,0.867971718,0.408323824,-0.034956843,0.947452664,0.523633063,-0.082115665,0.902286291,0.591041863,-0.109702937,0.869509161,0.576239705,-0.12788859,0.825916111,0.385195196,-0.046974111,0.910393,0.536201656,-0.091814756,0.859247386,0.60470289,-0.101162232,0.831951499,0.579681814,-0.104724661,0.780148745,0.400782675,-0.064232305,0.857031941,0.545155287,-0.1010575,0.817755938,0.604362309,-0.091007896,0.792992055,0.580950618,-0.081746072,0.736798525,0.442219853,-0.085769266,0.793589652,0.559207141,-0.106668785,0.769140065,0.599412501,-0.100615628,0.746942759,0.577230334,-0.094146445
B,0.660373807,0.645955563,-3.50E-07,0.762820423,0.663533807,-0.033163477,0.851268768,0.658113241,-0.064733483,0.914580464,0.64712894,-0.095696919,0.91497618,0.614786685,-0.119388066,0.860470355,0.403136969,-0.033494107,0.937773705,0.514554799,-0.080753267,0.891189933,0.582119584,-0.109602362,0.860391855,0.566878498,-0.128778741,0.815186322,0.380693942,-0.043720357,0.895814061,0.527757525,-0.086765394,0.844051063,0.594399631,-0.096637122,0.8188833,0.569462717,-0.101083644,0.766389489,0.396366566,-0.060107477,0.841383696,0.539125144,-0.096597239,0.801458657,0.596544325,-0.087808244,0.779004335,0.573518932,-0.079520293,0.720561028,0.437731683,-0.081162713,0.781522512,0.54984796,-0.100850306,0.755451202,0.589361787,-0.094335675,0.732699871,0.569063246,-0.087794587
B,0.647583604,0.640954733,-3.38E-07,0.749317586,0.656234324,-0.032443747,0.838048398,0.649298072,-0.063505337,0.901610732,0.636286974,-0.093929991,0.896329224,0.604483247,-0.117366329,0.845136285,0.395903468,-0.034928203,0.922093213,0.50540638,-0.080991879,0.876833141,0.573870659,-0.108777873,0.84677732,0.559164345,-0.127431974,0.798546493,0.374805719,-0.045526952,0.878777564,0.519814789,-0.08707884,0.828685045,0.586201668,-0.096520558,0.804145753,0.560547292,-0.101275377,0.748343527,0.391414344,-0.061926354,0.82389766,0.532218754,-0.097702183,0.785821438,0.588720262,-0.089517564,0.764072597,0.564966381,-0.082030393,0.701148212,0.432672471,-0.082795754,0.764190793,0.543249667,-0.102064267,0.738512218,0.582390606,-0.095508926,0.714970112,0.562441468,-0.089235589
B,0.603489995,0.626190543,-4.45E-07,0.695688605,0.636971831,-0.029630542,0.781477153,0.624272108,-0.057474833,0.834758401,0.600255072,-0.085690066,0.813398659,0.571462393,-0.108149484,0.776070356,0.364365995,-0.027757453,0.842248201,0.474233359,-0.076115914,0.800384581,0.541392803,-0.109414317,0.770555794,0.523645818,-0.13207297,0.722464979,0.346476614,-0.039624285,0.796142995,0.484402359,-0.081393346,0.752718508,0.552057862,-0.094659552,0.727531374,0.528920889,-0.102635011,0.667830884,0.364843309,-0.057450645,0.737148523,0.500348866,-0.092543557,0.705444515,0.557379782,-0.087245643,0.682404697,0.534058154,-0.082299985,0.617841482,0.407832235,-0.079798952,0.679079056,0.516242206,-0.097908556,0.657603621,0.558046818,-0.092324942,0.633705258,0.541221321,-0.08713562
B,0.591747046,0.623940945,-3.11E-07,0.675626457,0.63270098,-0.041677825,0.755940557,0.61908114,-0.076207854,0.807684839,0.590386987,-0.108621381,0.791667938,0.558773994,-0.134606734,0.758580267,0.360866398,-0.042615209,0.820925057,0.46796459,-0.093265817,0.780912399,0.533979952,-0.125416398,0.752118647,0.522582352,-0.14678143,0.702849388,0.339092225,-0.048954181,0.771149158,0.475432694,-0.093429863,0.728512943,0.544804513,-0.104440972,0.704627275,0.523513734,-0.109962918,0.645950377,0.356812388,-0.062242709,0.709354997,0.490894347,-0.100118898,0.680116296,0.549866974,-0.093173884,0.65982461,0.530263484,-0.086716354,0.593699038,0.400536776,-0.080997914,0.647108734,0.509917498,-0.102462634,0.630331278,0.553817272,-0.098452613,0.611792445,0.538395166,-0.093902826
B,0.551530302,0.62705797,-5.86E-07,0.648212314,0.625455976,-0.041792579,0.733849764,0.606632471,-0.075593889,0.782505989,0.578725576,-0.10879492,0.765582681,0.547203243,-0.134542525,0.734966516,0.352374077,-0.033347614,0.796350062,0.465473056,-0.088643856,0.754994988,0.527306497,-0.124989614,0.725446582,0.509053886,-0.149151266,0.680158198,0.333172739,-0.040620886,0.750402093,0.476280719,-0.089099094,0.70609051,0.540328383,-0.103837907,0.684810877,0.509438992,-0.111188307,0.623018563,0.3523224,-0.056137279,0.686035752,0.490404189,-0.095678315,0.655738294,0.541741848,-0.091067657,0.637870669,0.512372196,-0.085916199,0.569881618,0.39667657,-0.078077093,0.620933294,0.507992148,-0.102382764,0.604438961,0.547270119,-0.10144484,0.586297572,0.526817203,-0.098185301
B,0.544415236,0.628227293,-3.94E-07,0.635630488,0.62565583,-0.02868942,0.724331975,0.605911195,-0.057400934,0.778631449,0.574395061,-0.086315215,0.743047893,0.551360369,-0.109434128,0.717327774,0.3553783,-0.026493402,0.772718728,0.446671367,-0.07469397,0.734658182,0.514055014,-0.109562539,0.70697248,0.503376305,-0.134050384,0.660858393,0.330668598,-0.039371468,0.71989888,0.454725146,-0.082139783,0.684922099,0.526070654,-0.098839208,0.661893249,0.508667648,-0.109510839,0.602845073,0.344127774,-0.058062658,0.659698427,0.478144884,-0.092957444,0.635121644,0.535674334,-0.091326334,0.612648606,0.509230494,-0.089824416,0.551012754,0.383896321,-0.081292205,0.597182751,0.499962896,-0.100631572,0.581970811,0.542711973,-0.099269725,0.562197983,0.518924952,-0.097787537
B,0.459618539,0.606691182,-5.98E-07,0.55467093,0.60448271,-0.048259232,0.640059829,0.585467577,-0.08805301,0.673114538,0.557051897,-0.125169575,0.634170592,0.531313121,-0.155298486,0.617775083,0.307492286,-0.048492845,0.680706978,0.438443929,-0.10743726,0.643847048,0.506542563,-0.14789474,0.610537529,0.484979063,-0.176333815,0.549292922,0.294175327,-0.054404721,0.619465351,0.446436644,-0.10356386,0.589735031,0.512795806,-0.119808748,0.565907598,0.48316747,-0.131298646,0.485181898,0.325908244,-0.068049386,0.551025331,0.465585262,-0.108909994,0.535761178,0.520872235,-0.101777256,0.515409112,0.49094981,-0.096752033,0.430273145,0.38381052,-0.088441588,0.48606652,0.492692709,-0.1154963,0.479709208,0.532007813,-0.113023788,0.459781945,0.510386825,-0.109082051
B,0.438931525,0.622043788,-3.55E-07,0.53270787,0.616737247,-0.046886001,0.614028335,0.583560228,-0.085241154,0.629074335,0.540462911,-0.118952513,0.570049524,0.515876889,-0.14545235,0.593602777,0.312511027,-0.048600473,0.625113904,0.424409419,-0.106316455,0.600689769,0.506353438,-0.147277683,0.580550194,0.49587661,-0.175985679,0.522407115,0.28886354,-0.054802381,0.559644163,0.426448226,-0.101973608,0.545796514,0.508557916,-0.120967731,0.532589972,0.488269061,-0.135044232,0.454526097,0.314141214,-0.068148375,0.494178832,0.458988249,-0.10958261,0.487293184,0.525255203,-0.10765405,0.474114507,0.495028615,-0.106759876,0.397520393,0.367447317,-0.08728762,0.429125994,0.49671185,-0.115748107,0.429586023,0.541705966,-0.117416911,0.418976247,0.510883451,-0.117388427
B,0.428907752,0.619854808,-4.08E-07,0.512696147,0.616436779,-0.045038275,0.594806671,0.585008383,-0.082817718,0.606703639,0.541132748,-0.116066106,0.542483568,0.517334938,-0.142790481,0.576454639,0.305938542,-0.045943797,0.605715096,0.418049723,-0.103608638,0.574624538,0.502541959,-0.143675774,0.548757315,0.491580456,-0.170514971,0.501831532,0.285030305,-0.052475095,0.537031353,0.41511178,-0.09727703,0.518548608,0.504126251,-0.113892719,0.504080296,0.485209465,-0.125525996,0.430709928,0.311390042,-0.065935411,0.47017312,0.443690538,-0.105435178,0.462770134,0.516667306,-0.099995114,0.446680695,0.490129352,-0.096031815,0.369275421,0.363989651,-0.084830917,0.403534859,0.480154663,-0.109238759,0.406969011,0.531281769,-0.104998924,0.398211896,0.505654275,-0.100255653
B,0.409548491,0.613824666,-3.24E-07,0.493905753,0.614789963,-0.054062523,0.571519971,0.586458325,-0.095818959,0.58032459,0.545552075,-0.131674334,0.517552912,0.516673684,-0.160732523,0.553054214,0.300189018,-0.051590387,0.585958719,0.411930114,-0.110351242,0.557285488,0.487122774,-0.151173204,0.535405099,0.473657846,-0.178006291,0.479792625,0.284628928,-0.052974485,0.515930116,0.4243792,-0.098456971,0.498609543,0.501722038,-0.116190709,0.487451464,0.480415046,-0.128318653,0.408350855,0.313559175,-0.062377896,0.448186129,0.456651628,-0.101639889,0.440552324,0.514568508,-0.098969132,0.42714715,0.483284861,-0.096716098,0.346985817,0.36520502,-0.078110807,0.381189734,0.484156907,-0.103190236,0.383269221,0.526825607,-0.102080747,0.374564886,0.499134809,-0.099164352
B,0.336956292,0.594462633,9.69E-08,0.411248654,0.602701962,-0.045353856,0.492499143,0.586548924,-0.084809519,0.498134136,0.544723332,-0.123889953,0.440515429,0.519331455,-0.161238417,0.485104799,0.333602339,-0.050513066,0.540171325,0.319554359,-0.110369809,0.585810304,0.338777661,-0.151599139,0.623898447,0.352433383,-0.174183771,0.413182139,0.301479757,-0.053724118,0.45385915,0.403423607,-0.109934635,0.441092819,0.490882009,-0.131557375,0.425397098,0.506357193,-0.137447283,0.343597084,0.322441936,-0.063359223,0.383606821,0.45270744,-0.109850124,0.377377391,0.512936592,-0.106454968,0.367004186,0.502326012,-0.095437117,0.278433621,0.367832154,-0.078245088,0.315758258,0.471359879,-0.102322884,0.324394077,0.517780423,-0.093024425,0.322689831,0.509464622,-0.078781374
B,0.337338805,0.589933574,-3.21E-08,0.396898299,0.603687525,-0.060521904,0.474394411,0.586365819,-0.105902329,0.476472259,0.539257288,-0.145316824,0.418662935,0.507881761,-0.180707872,0.470620543,0.32893762,-0.072620898,0.519662559,0.366148829,-0.134798735,0.538315892,0.409094632,-0.175914899,0.558155656,0.4064219,-0.20067215,0.396078825,0.297451854,-0.06935934,0.435926378,0.425682485,-0.125854433,0.426421225,0.505765915,-0.145926729,0.419154763,0.495396942,-0.154070839,0.327009708,0.317968607,-0.073179312,0.363291204,0.467348218,-0.118323989,0.360311478,0.519602418,-0.113682121,0.354374766,0.493690342,-0.106024511,0.262848437,0.364261121,-0.083732203,0.296050191,0.482524395,-0.111196317,0.304512948,0.525331855,-0.107057139,0.303860962,0.508281052,-0.098661929
B,0.315403044,0.600099802,-3.06E-07,0.383208573,0.603921294,-0.048769064,0.459663153,0.580105841,-0.08747787,0.460665494,0.534317076,-0.121254995,0.394633651,0.5078758,-0.149755269,0.447491229,0.315377176,-0.050167747,0.47472614,0.401477009,-0.107225075,0.458581418,0.47819525,-0.147062585,0.444912463,0.48763904,-0.171212986,0.375229061,0.292013824,-0.051430833,0.397218853,0.427530766,-0.093444042,0.387997478,0.508335948,-0.111156158,0.380694151,0.499115974,-0.122605123,0.307411522,0.314573616,-0.0595208,0.332183212,0.459545583,-0.095255487,0.330786824,0.513686717,-0.09225554,0.322989792,0.487694055,-0.089492299,0.245189041,0.359348804,-0.073408067,0.271557391,0.478002936,-0.096088022,0.281924784,0.519248605,-0.092775181,0.281813681,0.496379584,-0.087399296
B,0.298514962,0.599463642,-2.53E-07,0.367413372,0.60116142,-0.047131062,0.445030153,0.577044606,-0.084888652,0.447344303,0.533170819,-0.118118919,0.383021533,0.510619402,-0.146450192,0.431670398,0.317134142,-0.047747929,0.452249944,0.399045378,-0.101663008,0.444254994,0.468343854,-0.138373807,0.442728579,0.475711107,-0.160668403,0.359963775,0.294971496,-0.049597193,0.379906058,0.426121294,-0.092123277,0.371633261,0.504812419,-0.109084427,0.367426395,0.494657606,-0.118576191,0.292538971,0.317451447,-0.057957944,0.316795528,0.462581098,-0.094121397,0.315642893,0.515016258,-0.090884566,0.310196817,0.486717939,-0.086850628,0.230026752,0.360399872,-0.07190381,0.255228341,0.478529394,-0.094280668,0.265861899,0.51972723,-0.090177312,0.267050475,0.495835751,-0.083683312
B,0.287699461,0.602010071,-3.43E-07,0.359393001,0.60580343,-0.04537636,0.437503219,0.578234613,-0.080466583,0.432196796,0.532682002,-0.110170372,0.366182625,0.505910456,-0.134523734,0.418865263,0.311336815,-0.044706795,0.43503356,0.41492179,-0.096188731,0.417173147,0.486886173,-0.132220879,0.406827807,0.485707641,-0.155182943,0.345399052,0.291334361,-0.047040053,0.365206778,0.426473141,-0.087169364,0.356243193,0.50480926,-0.10360077,0.350820988,0.493639827,-0.113622613,0.278065026,0.314970464,-0.05546242,0.303805441,0.461171031,-0.09018521,0.304257333,0.5169909,-0.086907648,0.296873659,0.489115059,-0.083378121,0.216785923,0.359941274,-0.069194414,0.243920088,0.480957031,-0.091628976,0.255709141,0.52496177,-0.088007301,0.256103903,0.499564886,-0.082202926
B,0.278494835,0.606092036,-3.61E-07,0.354046613,0.604189038,-0.042785931,0.432040155,0.573252797,-0.076093152,0.419166803,0.528960347,-0.104069166,0.351701081,0.506970644,-0.126252919,0.406331509,0.307069302,-0.043475132,0.422637761,0.413636506,-0.093246013,0.407735139,0.486863375,-0.127984434,0.398859441,0.482512623,-0.150945872,0.331994325,0.288926065,-0.046702199,0.353328437,0.430737019,-0.086305387,0.348428369,0.50724411,-0.102455921,0.343899995,0.494390577,-0.112926722,0.264972776,0.313932657,-0.055690821,0.292940259,0.467071086,-0.090331241,0.296753854,0.523010075,-0.087678015,0.29008472,0.493576914,-0.084992521,0.205182448,0.361673921,-0.069823839,0.235106409,0.488885343,-0.094090447,0.248596936,0.533032835,-0.092870682,0.248657718,0.504936814,-0.088884518
B,0.262301207,0.608478248,-3.30E-07,0.33474955,0.601885438,-0.050629687,0.407931626,0.570723593,-0.089133337,0.401228011,0.525885761,-0.121308029,0.334031284,0.502850652,-0.146856382,0.392530173,0.301698893,-0.050627459,0.402851254,0.41710481,-0.103103131,0.388305724,0.491653174,-0.139138699,0.379829824,0.484724879,-0.162846163,0.318369716,0.287091225,-0.051231328,0.334481806,0.434335828,-0.095507532,0.333437562,0.512184024,-0.112156324,0.331028044,0.498767376,-0.121945031,0.251001716,0.312895477,-0.058534145,0.275896639,0.47083509,-0.098590918,0.283313751,0.531749904,-0.096571378,0.279341936,0.504926324,-0.092605151,0.190928951,0.360509664,-0.071590662,0.219530538,0.486844838,-0.099400818,0.235960543,0.533099234,-0.099773712,0.239694208,0.50698185,-0.096022099
B,0.259423554,0.607026696,-3.24E-07,0.332273573,0.600641072,-0.04853778,0.406369746,0.568968654,-0.085602656,0.398325026,0.523774862,-0.116746381,0.330638528,0.504957676,-0.141564637,0.384815097,0.305793315,-0.049026359,0.400125742,0.419533104,-0.10235595,0.385868222,0.491941065,-0.13914004,0.376436502,0.486790955,-0.163341179,0.309963673,0.291254252,-0.051220037,0.3320086,0.434084624,-0.097073719,0.331719667,0.509171009,-0.114835165,0.329270661,0.49774453,-0.1249694,0.242412284,0.316983402,-0.060073704,0.273809254,0.474214345,-0.101332575,0.283165365,0.532496989,-0.100368544,0.279373348,0.505560637,-0.096752971,0.183376655,0.364724994,-0.074438393,0.216225401,0.493154287,-0.103401437,0.232446313,0.537239611,-0.104512058,0.234470487,0.509102464,-0.101239875
B,0.253975779,0.607750177,-3.38E-07,0.32653743,0.602567971,-0.049618457,0.396927536,0.570906639,-0.087959208,0.385238588,0.527765214,-0.12018586,0.317540735,0.503368318,-0.146189734,0.377783298,0.307756186,-0.052808531,0.391753882,0.427478403,-0.108316951,0.375187159,0.499756694,-0.146685511,0.364404768,0.494808674,-0.172037661,0.301132143,0.293279707,-0.054761801,0.322298706,0.443188995,-0.10280358,0.321818024,0.51685816,-0.121080548,0.320122063,0.505623698,-0.13155055,0.232364625,0.320288777,-0.063428015,0.263385803,0.478565723,-0.10578198,0.273098111,0.535024166,-0.103786185,0.270768106,0.507813931,-0.099731445,0.173742756,0.370076418,-0.077904396,0.208629251,0.49848488,-0.108683981,0.226247847,0.541368484,-0.110196464,0.230218649,0.512877405,-0.107015595
B,0.252576709,0.610068858,-3.76E-07,0.327138633,0.605736375,-0.050477006,0.400683373,0.573300004,-0.088496275,0.388297945,0.528215051,-0.120187558,0.319697022,0.507276595,-0.14516367,0.379876763,0.309140205,-0.051005676,0.396028936,0.427977622,-0.107042633,0.377924293,0.502732277,-0.145602807,0.366217315,0.494657218,-0.171282753,0.303302914,0.293706298,-0.052629042,0.32427457,0.444104075,-0.102011397,0.32332471,0.520042419,-0.120536685,0.321447253,0.504332423,-0.130750805,0.235049158,0.319118738,-0.061281182,0.264821678,0.477517098,-0.104684263,0.274311721,0.537704587,-0.102672562,0.270997614,0.509130239,-0.09819372,0.176587015,0.366050214,-0.075806595,0.208337545,0.496459603,-0.106566653,0.224601001,0.541459799,-0.108298719,0.227310866,0.510829091,-0.105132855
B,0.258286327,0.61109364,-3.58E-07,0.331542581,0.604974866,-0.050750528,0.405608028,0.575526237,-0.090205528,0.4009552,0.531243861,-0.123687714,0.33470729,0.514091492,-0.150117904,0.390569329,0.30837512,-0.05265516,0.401856661,0.427295148,-0.109389968,0.38550207,0.502675831,-0.148204923,0.374963373,0.49425444,-0.173992008,0.313753515,0.292626083,-0.055127412,0.330486953,0.442078412,-0.104661219,0.331144303,0.52034229,-0.121803582,0.330447227,0.504480839,-0.131116778,0.244873971,0.318422973,-0.064731061,0.272153109,0.48052448,-0.107594691,0.281717211,0.541967988,-0.103139296,0.278133303,0.514189541,-0.097067028,0.185716808,0.366553247,-0.080578238,0.215295523,0.498574108,-0.109785296,0.232142255,0.543692827,-0.109525725,0.235415906,0.51497519,-0.10516867
B,0.265882313,0.612290323,-3.40E-07,0.336657763,0.607219815,-0.050452236,0.41046989,0.580101371,-0.090346836,0.40950948,0.535892129,-0.124141477,0.345124781,0.516993523,-0.150716141,0.396862447,0.31281364,-0.053860564,0.409252435,0.426920354,-0.109363571,0.393057555,0.502296031,-0.147099778,0.382514685,0.494493395,-0.172464818,0.321339011,0.295926183,-0.056118466,0.340279073,0.438916802,-0.103903137,0.338883579,0.516951919,-0.120231241,0.337055743,0.501403689,-0.129754663,0.253392339,0.320532382,-0.065250963,0.281758547,0.476096898,-0.105843149,0.287799984,0.534986913,-0.100677893,0.282147765,0.506101429,-0.095191821,0.194322824,0.368174016,-0.080657043,0.223741531,0.497894973,-0.108806491,0.238780528,0.540863216,-0.108671457,0.240623966,0.511414409,-0.105002195
B,0.29323101,0.610882282,-3.38E-07,0.36119023,0.607551217,-0.042936835,0.435434997,0.582109272,-0.077471547,0.43207112,0.541264892,-0.10718216,0.369272411,0.523673415,-0.130996287,0.413128078,0.317207485,-0.045047898,0.433044732,0.421156764,-0.094210058,0.416165531,0.49441573,-0.128277302,0.405407012,0.488223344,-0.151121944,0.340719789,0.299995065,-0.048489731,0.366047949,0.435648352,-0.086637199,0.361192882,0.513249993,-0.10021802,0.358260334,0.499372154,-0.109357864,0.275112957,0.32510516,-0.057785518,0.305307716,0.470860988,-0.089822069,0.307857066,0.528786182,-0.084236577,0.301486433,0.502782285,-0.080150023,0.216728225,0.371955723,-0.072576642,0.247573197,0.493485093,-0.092332415,0.261383623,0.538663208,-0.088293001,0.26367718,0.517426252,-0.08318302
B,0.300083488,0.611789465,-3.70E-07,0.3742823,0.611992598,-0.045722712,0.450583965,0.587422907,-0.082459524,0.454346657,0.542451859,-0.114308916,0.390250564,0.520042121,-0.140135005,0.426769018,0.319202602,-0.046437483,0.452277929,0.427219957,-0.098302804,0.429872513,0.500403762,-0.134643435,0.41385296,0.49446407,-0.158596739,0.355490744,0.303431332,-0.049148649,0.384487242,0.439694315,-0.089908898,0.375316352,0.511216462,-0.105874531,0.369272679,0.496430248,-0.116099797,0.289304584,0.328991711,-0.058060672,0.323493719,0.475791037,-0.091368824,0.324182183,0.529852033,-0.086874187,0.316244304,0.506482244,-0.082949966,0.23124215,0.375056922,-0.072858863,0.264761657,0.494269907,-0.092554569,0.276137799,0.535499036,-0.088889755,0.275740385,0.515116513,-0.083724469
B,0.319957584,0.60915935,-1.89E-07,0.389297575,0.61378324,-0.054348473,0.465955377,0.593247354,-0.097245418,0.471074224,0.549958646,-0.134611189,0.408823878,0.532695293,-0.166044891,0.450233638,0.328400403,-0.055510327,0.473006189,0.403611988,-0.115487091,0.464659154,0.477676719,-0.155960813,0.460115403,0.487550765,-0.179645672,0.378513366,0.309262514,-0.055027865,0.405380189,0.429120272,-0.1016353,0.400030792,0.506088853,-0.119451188,0.396014065,0.491418362,-0.128967822,0.312359005,0.333178192,-0.062147073,0.343470454,0.47182405,-0.099735253,0.343346715,0.524214029,-0.095835947,0.336377621,0.497166634,-0.090912797,0.252594203,0.377028584,-0.075741246,0.284642518,0.491600782,-0.095837533,0.294800431,0.534647226,-0.090371467,0.293901742,0.516443491,-0.08306852
B,0.343379408,0.608285487,-1.81E-07,0.409595728,0.613196671,-0.055732612,0.482091963,0.594320059,-0.100690387,0.492257714,0.553928375,-0.140170172,0.431192547,0.537372172,-0.174520731,0.465989769,0.327654511,-0.061904315,0.503950298,0.412061632,-0.124313228,0.494288772,0.488776207,-0.167143911,0.485859603,0.493478358,-0.192612052,0.3952685,0.311957806,-0.061255977,0.432859361,0.438289434,-0.109293923,0.425023466,0.514219224,-0.128850117,0.417721778,0.49775818,-0.140598297,0.330401748,0.337168992,-0.067912608,0.369326502,0.474600106,-0.105695628,0.367530882,0.527421176,-0.102596223,0.358310819,0.501755953,-0.099164166,0.271743804,0.382158458,-0.081044815,0.306243181,0.494995952,-0.10069219,0.315787792,0.537764549,-0.095712222,0.314058602,0.520894289,-0.089733914
B,0.394064754,0.612653077,1.11E-07,0.467929006,0.598918617,-0.036850829,0.527831972,0.568992317,-0.070181921,0.558387756,0.552069068,-0.104231447,0.571066678,0.548632562,-0.134707704,0.529173791,0.342870891,-0.041148778,0.576193869,0.376825571,-0.10175617,0.6045748,0.419797361,-0.143322557,0.634079874,0.432849109,-0.168064564,0.474738598,0.323203444,-0.047710925,0.530279398,0.426922917,-0.098212056,0.545078099,0.492167115,-0.114387117,0.560224771,0.489569038,-0.121074528,0.419817567,0.347913384,-0.06164775,0.471454978,0.481176168,-0.102643207,0.470574111,0.532806337,-0.096669614,0.467028737,0.520892918,-0.087835215,0.368516862,0.397149354,-0.081371866,0.406319976,0.51035291,-0.105038755,0.411770731,0.551060557,-0.099931039,0.407785118,0.536746144,-0.091677137
B,0.458084732,0.612242043,-1.32E-07,0.539495826,0.614114344,-0.06090368,0.606481135,0.602791786,-0.10842254,0.636015832,0.580329895,-0.149256214,0.609678388,0.56266135,-0.183603242,0.587844849,0.331722051,-0.076714247,0.639655948,0.459215522,-0.137877673,0.608454704,0.526227534,-0.177902907,0.584326386,0.505666435,-0.205523789,0.521550596,0.320107877,-0.074164689,0.580587983,0.479575664,-0.130091324,0.555771112,0.540824771,-0.146146625,0.541099668,0.515312195,-0.15609473,0.459262192,0.349947691,-0.079085529,0.516532063,0.508640885,-0.124217384,0.503201544,0.554802299,-0.121625908,0.489646018,0.525475025,-0.118532799,0.407145441,0.402202189,-0.090871587,0.4535864,0.531999171,-0.121571414,0.44781962,0.564888716,-0.126191616,0.434417099,0.535777926,-0.127391264
B,0.468093067,0.606756091,-3.73E-07,0.559634805,0.614770412,-0.049186867,0.643023729,0.612069368,-0.094840534,0.680786967,0.589248061,-0.137330562,0.640894055,0.566021502,-0.173605189,0.622690976,0.335033596,-0.065555364,0.674004436,0.468610793,-0.127659589,0.639206946,0.533693254,-0.167950854,0.611883163,0.508079171,-0.195711866,0.553816676,0.319689184,-0.071182497,0.614837229,0.479170263,-0.125116348,0.586083651,0.544477761,-0.139903128,0.567775965,0.514892936,-0.149854332,0.489107937,0.34446758,-0.08353287,0.551023364,0.498248369,-0.125512987,0.533299565,0.549487948,-0.117712975,0.513169348,0.521653414,-0.112543389,0.433494389,0.39195013,-0.10255871,0.486088157,0.518189847,-0.12896584,0.48098281,0.556052089,-0.12817584,0.465330124,0.532745719,-0.126186535
B,0.476852,0.634551167,-4.19E-07,0.575888634,0.639978886,-0.046443608,0.664960742,0.634679198,-0.089462407,0.711273789,0.608187079,-0.130002558,0.677816689,0.58065474,-0.163993523,0.65324384,0.34489876,-0.053694326,0.712709665,0.482860327,-0.110949717,0.675598085,0.536619127,-0.150391489,0.645441175,0.506907463,-0.178392366,0.588518679,0.325000465,-0.06121609,0.65812695,0.487692028,-0.108660206,0.621844649,0.546306431,-0.123208791,0.597570539,0.512569427,-0.134172708,0.524271131,0.345141441,-0.075670958,0.591226697,0.503674805,-0.113644086,0.565146744,0.550941288,-0.107560143,0.538437247,0.519988358,-0.104319125,0.465775967,0.392187357,-0.09689299,0.520573914,0.516212583,-0.120446898,0.506076396,0.553349137,-0.119257659,0.48097676,0.530198932,-0.117715761
B,0.545098782,0.652132928,-4.74E-07,0.65515089,0.656509459,-0.039045174,0.735880852,0.638332605,-0.072457001,0.789206088,0.622216105,-0.106493168,0.8203969,0.608135641,-0.133011818,0.767908514,0.377381146,-0.029067611,0.843312621,0.511329532,-0.083676934,0.797902048,0.566730499,-0.120969772,0.767295539,0.54726553,-0.146423936,0.718306541,0.358571589,-0.037818391,0.798633218,0.522432745,-0.084661111,0.749093533,0.57372272,-0.099174567,0.722278237,0.545144558,-0.107655473,0.660798252,0.377994835,-0.054957267,0.730236292,0.527968884,-0.09409602,0.694315076,0.575958848,-0.089195184,0.672540605,0.549351394,-0.08373078,0.603274345,0.422721893,-0.078174397,0.660813808,0.537229121,-0.101295158,0.640195727,0.574968696,-0.098094761,0.619261861,0.552930951,-0.093327895
B,0.590402603,0.646596253,-3.77E-07,0.701623559,0.657513142,-0.020311374,0.797301471,0.649921894,-0.046217598,0.860457361,0.638785005,-0.075568222,0.849279642,0.615069211,-0.098684184,0.800575078,0.387175262,-0.017906331,0.874744594,0.504171312,-0.064166151,0.830904603,0.568575859,-0.095839381,0.799927354,0.55405283,-0.117719978,0.751555443,0.369041294,-0.034927357,0.828531086,0.51760006,-0.076652423,0.78316927,0.577418506,-0.090457909,0.756233931,0.554188251,-0.098760813,0.697823107,0.384859741,-0.057503544,0.766605556,0.530935645,-0.09091308,0.731383085,0.578789532,-0.087751731,0.707825601,0.550460398,-0.08482603,0.64825958,0.425219655,-0.084089443,0.702359915,0.548271239,-0.101154096,0.680845618,0.583938122,-0.097997911,0.659368753,0.56028229,-0.095279656
B,0.622327685,0.650901318,-3.27E-07,0.725958586,0.664159417,-0.022547642,0.818803966,0.654984772,-0.050062936,0.881427407,0.64571923,-0.079931781,0.873888493,0.624903798,-0.103534803,0.82388252,0.396012783,-0.022889143,0.899295151,0.512153506,-0.067881912,0.85745883,0.577448666,-0.096348867,0.828018188,0.566663086,-0.115488827,0.775042653,0.375355303,-0.038181961,0.854694366,0.525412142,-0.078336939,0.808511078,0.585813344,-0.088135205,0.783071578,0.562677443,-0.093121856,0.723260283,0.390243232,-0.058916707,0.794334769,0.536728382,-0.091843911,0.758060277,0.587516427,-0.084569573,0.736863434,0.561929703,-0.07841482,0.675267756,0.429970533,-0.083673783,0.733455181,0.546755075,-0.100367323,0.709203422,0.583751857,-0.093950234,0.687980056,0.561959088,-0.088280909
B,0.643809199,0.64452666,-3.56E-07,0.746703744,0.663408756,-0.025017895,0.835790098,0.658581555,-0.05383205,0.89847064,0.653154075,-0.084351696,0.901593328,0.630344748,-0.108099431,0.846835792,0.398745716,-0.024584837,0.922699094,0.51875931,-0.070655912,0.880173147,0.582891345,-0.099683344,0.84958601,0.570316911,-0.118938781,0.801149189,0.378867567,-0.038608994,0.881613195,0.532638431,-0.078678966,0.834252298,0.592853844,-0.087899871,0.808357477,0.568368316,-0.092583507,0.751879215,0.394583285,-0.058474448,0.822843671,0.54308331,-0.0912477,0.785841763,0.593622565,-0.083265178,0.76440227,0.568058729,-0.076727442,0.705653489,0.43512699,-0.082692593,0.761521816,0.554086506,-0.099576421,0.736113966,0.590228319,-0.093565904,0.714787066,0.567302704,-0.088150583
B,0.663928449,0.6476565,-3.33E-07,0.768036425,0.668030083,-0.025942856,0.856117308,0.664554119,-0.055936117,0.917782962,0.658312559,-0.087432101,0.922157764,0.638142765,-0.112067357,0.86790663,0.406262547,-0.026655784,0.943464875,0.528127193,-0.072035596,0.899680138,0.591308773,-0.099600859,0.868659377,0.578157067,-0.117630072,0.822909892,0.384767294,-0.039989945,0.903477907,0.540868819,-0.079937652,0.853989959,0.601048946,-0.087744027,0.82752651,0.575053692,-0.090997793,0.774849236,0.399974227,-0.059007525,0.847331703,0.549178064,-0.091679014,0.808667719,0.600672543,-0.082352005,0.786040783,0.575904012,-0.074567758,0.729404509,0.440053344,-0.082321301,0.786598504,0.557833314,-0.098961242,0.761314034,0.594381511,-0.091856472,0.740170717,0.572575569,-0.085397087
B,0.677417755,0.648847938,-3.44E-07,0.782711267,0.67094475,-0.025190579,0.869318366,0.669390142,-0.05580337,0.931658149,0.66664505,-0.088215165,0.940476179,0.643643141,-0.113674529,0.884981692,0.413549423,-0.02539821,0.960412025,0.535868585,-0.071336962,0.916048527,0.598282516,-0.098875567,0.884710073,0.585081637,-0.116690002,0.841970921,0.390783459,-0.039489482,0.923133552,0.547732592,-0.079501063,0.871667087,0.609374166,-0.086735576,0.845631123,0.582386732,-0.089276969,0.795413017,0.404836357,-0.059333425,0.869329989,0.553950548,-0.092255607,0.828855813,0.607415557,-0.081343032,0.805974424,0.582517862,-0.07232058,0.750544131,0.444550335,-0.083449043,0.806784511,0.561712801,-0.100466073,0.780476153,0.599878848,-0.092191994,0.759479523,0.578168213,-0.084612787
B,0.711622,0.6637218,-3.35E-07,0.823058784,0.690626025,-0.022037201,0.917105317,0.669772267,-0.047402501,0.988283336,0.666135728,-0.075583667,1.050244689,0.660264611,-0.097434975,0.936043203,0.437715262,-0.012888395,1.010065675,0.563255727,-0.06196513,0.97941345,0.62812227,-0.093349837,0.95717448,0.62433356,-0.112846449,0.899372458,0.409440607,-0.026299711,0.972677708,0.57205081,-0.071864799,0.919214249,0.634189367,-0.083944611,0.891047657,0.602994025,-0.087113939,0.855348527,0.419385791,-0.046267394,0.91685468,0.572551787,-0.086849786,0.872270882,0.628508389,-0.079275154,0.84854424,0.59649539,-0.069381587,0.810010552,0.452839315,-0.069730915,0.851575017,0.579111755,-0.094299763,0.826588273,0.620647907,-0.088596344,0.807757318,0.59298408,-0.080145106
B,0.7175951,0.660686076,-2.26E-07,0.825931013,0.689434648,-0.018731039,0.919296682,0.672270358,-0.04229252,0.986876309,0.666952848,-0.069105625,1.042325377,0.658593357,-0.089557603,0.94129622,0.44152686,-0.015604931,1.021641493,0.551571369,-0.063915215,1.004100919,0.619681716,-0.092212923,0.987661004,0.631079018,-0.108704902,0.905254841,0.414343178,-0.030896096,0.983506978,0.567266345,-0.078033417,0.93436116,0.632238805,-0.089174107,0.905101955,0.60919863,-0.090517037,0.862834454,0.426127017,-0.051901959,0.927855492,0.578427672,-0.093203768,0.883151531,0.632404506,-0.083665244,0.857944012,0.603543639,-0.071776032,0.819225907,0.462569296,-0.076064438,0.860465884,0.588599563,-0.101149395,0.832131386,0.628413498,-0.093994819,0.812166095,0.60325402,-0.084099784
B,0.719921589,0.661149621,-2.87E-07,0.828439593,0.691132724,-0.01476896,0.924297512,0.671131432,-0.035335988,0.993602097,0.664793849,-0.059367076,1.051254153,0.658295512,-0.077020943,0.945948839,0.444455922,-0.013098722,1.022962093,0.561175525,-0.058751833,0.999951243,0.6281479,-0.085029572,0.983654976,0.633430421,-0.101060905,0.909392059,0.416166902,-0.029718414,0.98509115,0.575573504,-0.07437589,0.93380022,0.6388188,-0.083824232,0.907074392,0.611952066,-0.08503253,0.866314113,0.427402616,-0.051538583,0.930958271,0.583358049,-0.091912962,0.884596288,0.63719672,-0.081125416,0.860371053,0.606065929,-0.069027856,0.82186693,0.462230414,-0.076052845,0.865928173,0.587843597,-0.101049848,0.835966527,0.627926588,-0.092763916,0.815437019,0.601932466,-0.082373731
B,0.719932497,0.658683538,-2.72E-07,0.829061151,0.691322267,-0.0150612,0.922455668,0.672596991,-0.03656647,0.990558445,0.668030381,-0.061765585,1.047951221,0.663730979,-0.080573618,0.945301652,0.444074124,-0.012582995,1.021371841,0.561025798,-0.059460796,0.999678314,0.626827657,-0.087408431,0.984639049,0.631880045,-0.104710154,0.910107017,0.416277856,-0.029700788,0.984758973,0.577078402,-0.076409385,0.933181107,0.638503313,-0.087270901,0.906201959,0.611208677,-0.089031823,0.868188024,0.428240061,-0.052185342,0.931303024,0.584944367,-0.093460977,0.884956121,0.63710767,-0.083303541,0.860518277,0.605141222,-0.0714515,0.824948609,0.463802993,-0.077525698,0.866368771,0.590828478,-0.103141263,0.836473405,0.629150093,-0.095651291,0.81630373,0.601831853,-0.085781418
B,0.720747471,0.658825934,-2.51E-07,0.829141259,0.691600561,-0.017299647,0.919828713,0.675099492,-0.040619686,0.983361781,0.669860721,-0.06724564,1.034912825,0.663151085,-0.087196879,0.946317315,0.444201559,-0.015558594,1.022318482,0.562680662,-0.062556699,0.996906579,0.628207803,-0.089577585,0.977655351,0.63057822,-0.106045723,0.910513043,0.416113585,-0.032032825,0.984742403,0.575794995,-0.077997454,0.93421787,0.63784188,-0.087982826,0.907917261,0.610025048,-0.089480303,0.867886961,0.427902639,-0.053987902,0.931627393,0.581838846,-0.09511397,0.886380017,0.636296153,-0.084352903,0.861728072,0.605159223,-0.072347313,0.823847115,0.463463008,-0.078949615,0.866437852,0.589240968,-0.104800448,0.837136865,0.629350424,-0.097127952,0.816875637,0.602681756,-0.087219991
B,0.720727921,0.657601595,-2.61E-07,0.828359127,0.689327061,-0.016064189,0.922302902,0.671365142,-0.038156632,0.990392685,0.665496588,-0.063924439,1.045576334,0.658447564,-0.083274305,0.945547342,0.444198906,-0.013535488,1.02218163,0.560205221,-0.061208811,0.999270797,0.627573967,-0.088806674,0.981672764,0.63332206,-0.10517586,0.909440935,0.415595412,-0.030292943,0.984145403,0.573941469,-0.077116534,0.93316412,0.637525558,-0.087483451,0.905927837,0.610908449,-0.088594012,0.866770804,0.42652899,-0.052568831,0.930865169,0.579734683,-0.094585933,0.885275304,0.634935915,-0.083952412,0.859747589,0.604383826,-0.071292959,0.822631299,0.46089676,-0.077703327,0.865407765,0.586461425,-0.103725322,0.836736917,0.626609504,-0.095756441,0.816358507,0.600422382,-0.085172407
B,0.695746422,0.656681538,-3.19E-07,0.797106683,0.679917037,-0.022606693,0.881234169,0.673503339,-0.049879946,0.945107698,0.675180793,-0.078385919,0.969814777,0.648877501,-0.099704705,0.900909007,0.42334938,-0.030361515,0.976567447,0.541173756,-0.074433379,0.933207989,0.605839372,-0.100088067,0.901290834,0.595532835,-0.116857946,0.862031877,0.400975078,-0.044668328,0.944627821,0.553167343,-0.086918369,0.895544946,0.616293907,-0.09616778,0.867908239,0.59356302,-0.099702716,0.81829834,0.415636629,-0.063549563,0.891333461,0.55875355,-0.098903708,0.852005064,0.614738703,-0.089194804,0.827642083,0.592454016,-0.080075771,0.774969637,0.454514682,-0.08594612,0.829540431,0.569325447,-0.106196627,0.803957164,0.606978834,-0.099331565,0.781612873,0.584787905,-0.092205852
B,0.686098337,0.648316324,-3.92E-07,0.7849527,0.670087814,-0.025028165,0.868622303,0.667273402,-0.052860759,0.931450546,0.664571583,-0.08167015,0.947122216,0.63528949,-0.10366711,0.891583025,0.420683175,-0.026426207,0.967084587,0.534562111,-0.071408294,0.920047164,0.599262893,-0.09965153,0.888686359,0.584239006,-0.118421838,0.850192785,0.39663735,-0.039658979,0.928563595,0.543593764,-0.079374194,0.876301467,0.605871677,-0.088400915,0.849826455,0.581333101,-0.092792615,0.803288281,0.409570813,-0.058396522,0.874606788,0.550859928,-0.091690488,0.834226191,0.606007874,-0.082235791,0.811580241,0.582473159,-0.074124292,0.757691622,0.448157609,-0.081076704,0.814101517,0.55897665,-0.09850131,0.788912237,0.597899973,-0.090737797,0.767784894,0.577345312,-0.083639838
B,0.674567997,0.645319343,-3.61E-07,0.769857883,0.665400326,-0.029002316,0.855350673,0.661928415,-0.0573291,0.91760546,0.655762732,-0.085443377,0.924946368,0.62483263,-0.106598839,0.874349177,0.413616717,-0.030619731,0.948390007,0.525448203,-0.075067133,0.902485251,0.59085834,-0.10270457,0.87188971,0.577050745,-0.121169634,0.831959069,0.390813291,-0.041537061,0.908420086,0.534776807,-0.082191154,0.858326972,0.596578956,-0.092080317,0.832253397,0.574849963,-0.096963964,0.784530282,0.404300511,-0.05802355,0.854323864,0.543991566,-0.09231396,0.815563083,0.597702563,-0.084683985,0.793595612,0.576345265,-0.077567384,0.739001155,0.442759901,-0.078678288,0.796202838,0.554521382,-0.096838847,0.769509435,0.591354251,-0.090731077,0.746340275,0.571231961,-0.084887624
B,0.653705895,0.636532724,-3.76E-07,0.750134945,0.65824461,-0.027513962,0.838907719,0.652601361,-0.054637428,0.901828289,0.643258333,-0.081762537,0.900105238,0.615184367,-0.102377281,0.855515301,0.40569666,-0.029553935,0.927493215,0.518314421,-0.074202172,0.881378472,0.583204865,-0.102713563,0.851387441,0.567569375,-0.122479923,0.811274529,0.38288793,-0.041945774,0.885490119,0.526625872,-0.083410218,0.835869193,0.588745534,-0.094544202,0.810038924,0.565329492,-0.100609764,0.761747956,0.396148413,-0.059715647,0.829745829,0.534537494,-0.094517589,0.791692495,0.588979006,-0.0876671,0.769939899,0.566145062,-0.081441991,0.715236306,0.434989274,-0.081646241,0.770055711,0.549154103,-0.100424632,0.74298811,0.587345839,-0.095088482,0.719770491,0.566394806,-0.090053633
B,0.563068926,0.629219532,-5.42E-07,0.657702804,0.640583098,-0.023546843,0.747813642,0.629599214,-0.04938031,0.805210471,0.608950019,-0.077235803,0.780255973,0.583619595,-0.099409506,0.757760167,0.374285012,-0.020209502,0.814297259,0.481112152,-0.06834846,0.769073725,0.544021904,-0.103815109,0.738763988,0.526307404,-0.129070073,0.705082357,0.350415051,-0.036134806,0.767355323,0.485279173,-0.078928664,0.722843468,0.54868722,-0.095719114,0.697179735,0.529070258,-0.106472462,0.647562861,0.362028897,-0.057714999,0.704637289,0.501725376,-0.09109208,0.670218945,0.55381304,-0.088345692,0.646556258,0.527531803,-0.086435303,0.594301105,0.400750846,-0.083740987,0.639332473,0.520898342,-0.101328261,0.615419984,0.55850625,-0.098868482,0.592556953,0.533956766,-0.097104765
B,0.542950749,0.634838879,-4.16E-07,0.630643487,0.639082491,-0.024903378,0.719631076,0.619661033,-0.049992621,0.777322769,0.593996644,-0.076134719,0.745359838,0.570082366,-0.096846908,0.72622925,0.372733355,-0.021407666,0.779374123,0.470384926,-0.068019606,0.736702383,0.530302644,-0.102643207,0.707492232,0.514487147,-0.127617911,0.673665226,0.344747961,-0.036442459,0.729148686,0.473817736,-0.077614166,0.687854171,0.535003006,-0.095014289,0.663933277,0.512947023,-0.107073821,0.615818679,0.355400145,-0.057123531,0.664624333,0.490665108,-0.090504482,0.631646276,0.543159306,-0.088758007,0.608948112,0.516233504,-0.087999701,0.562274814,0.394823849,-0.082414493,0.600344896,0.512427032,-0.101931848,0.580556691,0.551021278,-0.101757243,0.56113255,0.525723934,-0.101782314
B,0.507972598,0.620596766,-3.63E-07,0.594512641,0.624373317,-0.033342149,0.684963167,0.60792613,-0.06390541,0.73745209,0.581665277,-0.092903703,0.703088701,0.556999385,-0.115689859,0.691086471,0.349861562,-0.0386866,0.740773022,0.463912815,-0.088913873,0.694877148,0.522267759,-0.123323329,0.6666677,0.499988317,-0.148829922,0.635015011,0.314013511,-0.050449483,0.687215805,0.464092195,-0.095666468,0.645486057,0.524635255,-0.110799551,0.624837875,0.5013659,-0.121720076,0.573013425,0.322654486,-0.068137959,0.621179104,0.479060203,-0.104246877,0.588606,0.53258121,-0.10025876,0.568734884,0.506809771,-0.098601647,0.51692462,0.364539504,-0.091358319,0.553415895,0.497976542,-0.114136226,0.535485685,0.539782047,-0.115960278,0.519736528,0.515268266,-0.117456079
B,0.482625425,0.608617783,-3.69E-07,0.573852479,0.611943305,-0.036344785,0.658003271,0.600703061,-0.071321853,0.700400352,0.575456142,-0.104124695,0.661846876,0.545183659,-0.130712748,0.66012615,0.330882549,-0.044988818,0.698346794,0.456634134,-0.098377787,0.661980331,0.518496871,-0.136353359,0.638052166,0.500201404,-0.163757548,0.598450422,0.300449073,-0.055489533,0.641215622,0.456448466,-0.100354247,0.609385014,0.517702341,-0.117282994,0.589815676,0.493959814,-0.13085629,0.533813,0.316876411,-0.071783677,0.576653481,0.473689795,-0.107712738,0.553246439,0.524482727,-0.104443721,0.534423053,0.495017648,-0.104167461,0.475861728,0.36552766,-0.093597606,0.509815097,0.497315526,-0.117780969,0.500623882,0.534524679,-0.119775079,0.487610638,0.50625211,-0.121216759
B,0.456932366,0.605790436,-3.25E-07,0.550478876,0.606865764,-0.042832006,0.63166374,0.591877937,-0.082991652,0.666178524,0.565687954,-0.12032786,0.620977521,0.540187299,-0.150996566,0.622305095,0.322743952,-0.052931879,0.665408969,0.442834914,-0.112714067,0.630079985,0.508735955,-0.155430436,0.604573727,0.486250013,-0.186023742,0.557695031,0.29907316,-0.06267982,0.610462546,0.443099856,-0.115349703,0.583181083,0.505960166,-0.134809718,0.562894464,0.483960032,-0.149042189,0.493806243,0.320787579,-0.079157636,0.544304967,0.466706485,-0.120296001,0.525272012,0.520027757,-0.117084309,0.505564928,0.4928177,-0.115748934,0.440560162,0.372377127,-0.101826318,0.478482425,0.502661943,-0.1291091,0.469997644,0.536590755,-0.132678404,0.453749716,0.504307032,-0.134989381
B,0.364457935,0.588437915,3.39E-07,0.428733826,0.600331187,-0.058662478,0.497112095,0.584493637,-0.107952185,0.506291628,0.54134661,-0.153018683,0.449769825,0.514470756,-0.194890976,0.498615384,0.324524999,-0.074818939,0.556073427,0.341389745,-0.13697502,0.578279555,0.407072753,-0.179617703,0.593514502,0.434010595,-0.206249595,0.431715876,0.292047828,-0.075709842,0.476488829,0.402055323,-0.129522994,0.469364762,0.484464198,-0.148690283,0.46207568,0.469599187,-0.159859449,0.365762979,0.310860723,-0.083581358,0.400795758,0.445038944,-0.124468304,0.398323298,0.500770569,-0.117457666,0.390993685,0.474229544,-0.11247015,0.306281686,0.355622947,-0.09843374,0.332636058,0.473466396,-0.121975757,0.337677419,0.516246855,-0.1159283,0.332606614,0.495664507,-0.109858371
B,0.334345877,0.580442309,4.09E-07,0.394753724,0.596457243,-0.056580864,0.472468853,0.5863837,-0.102337107,0.473631531,0.539130926,-0.143970817,0.410103887,0.505473316,-0.18454957,0.478647619,0.346209317,-0.072624512,0.544496894,0.330811709,-0.130580708,0.600549817,0.337257981,-0.172094718,0.651733994,0.333037019,-0.199060261,0.409238517,0.300083667,-0.070948631,0.43321836,0.41343537,-0.12518619,0.414833993,0.495617151,-0.144839898,0.400373787,0.493787408,-0.154020399,0.341450751,0.312160492,-0.075060368,0.361234456,0.450261235,-0.118177645,0.355586916,0.506331563,-0.109645635,0.349774092,0.485743523,-0.100951694,0.278658926,0.349343002,-0.08578261,0.297136486,0.460871637,-0.113297582,0.302724689,0.508283377,-0.105184749,0.303727806,0.494735539,-0.094246805
B,0.311742544,0.586675406,-1.00E-07,0.373053432,0.594965219,-0.049748741,0.44189629,0.568094432,-0.086705685,0.442781836,0.521800816,-0.117853813,0.383417934,0.497404695,-0.14395985,0.440897703,0.318156302,-0.058470193,0.449897438,0.406457514,-0.109809458,0.428091526,0.477933168,-0.143731862,0.421380669,0.473130137,-0.16578342,0.37466839,0.291781217,-0.059516389,0.388723195,0.412426025,-0.102683499,0.374313235,0.484890342,-0.119049251,0.371632993,0.466846943,-0.129418552,0.31001851,0.307293445,-0.066346787,0.324082851,0.436634779,-0.10391245,0.321188867,0.495149732,-0.102125756,0.32022357,0.472713709,-0.099402748,0.253098726,0.345214874,-0.07843779,0.269410223,0.46013394,-0.099508315,0.276740879,0.506928504,-0.097332217,0.280725092,0.49205336,-0.094170451
B,0.289583147,0.58101511,-2.78E-07,0.354075104,0.587489784,-0.0491421,0.423141599,0.565200925,-0.08569552,0.423119187,0.520800829,-0.11576201,0.358841032,0.492399186,-0.140421212,0.419084221,0.313140184,-0.053261369,0.42255491,0.422643572,-0.10439226,0.398605496,0.487705052,-0.140281692,0.387856036,0.476943076,-0.16466561,0.349399894,0.291035265,-0.053576406,0.357883841,0.421650052,-0.096345752,0.349018037,0.491143703,-0.112696111,0.345109969,0.478822708,-0.123059422,0.284002125,0.308327526,-0.059941448,0.296829164,0.449221015,-0.096421145,0.299649209,0.50653857,-0.092488706,0.296984553,0.484954417,-0.088680051,0.225913167,0.347513616,-0.072004572,0.241789103,0.461343408,-0.095350437,0.252421647,0.506769359,-0.093355693,0.256293952,0.488249868,-0.089370497
B,0.219872981,0.590915382,-2.27E-07,0.28726989,0.591434836,-0.057524089,0.359371692,0.563677192,-0.098284572,0.344184339,0.517248511,-0.130990714,0.27771163,0.493191183,-0.156521812,0.350770473,0.307052881,-0.055010371,0.357000679,0.414418638,-0.109090902,0.337554604,0.485240787,-0.145252436,0.326815486,0.473059475,-0.169379488,0.279432237,0.290558875,-0.053655624,0.289502323,0.423849225,-0.099926226,0.285750985,0.503278494,-0.117277324,0.282479644,0.480643332,-0.127218738,0.214807272,0.313836902,-0.059790827,0.229865506,0.454451621,-0.100867376,0.237279981,0.516412139,-0.09619426,0.235384181,0.484413028,-0.090676017,0.157571852,0.35691905,-0.072324909,0.175813586,0.466772527,-0.098874487,0.189653158,0.515219629,-0.095653772,0.192584559,0.490648389,-0.089690976
B,0.210709527,0.59504962,-2.91E-07,0.27661559,0.588934481,-0.047669362,0.347003013,0.558381855,-0.0840161,0.323370129,0.512096226,-0.113659762,0.253857136,0.492578238,-0.136897832,0.337674111,0.311616838,-0.049189694,0.337611109,0.414476603,-0.100110896,0.323026538,0.487932354,-0.133035704,0.315966249,0.479830712,-0.154484347,0.265436053,0.290611506,-0.050325543,0.270117611,0.420512915,-0.092904277,0.269725472,0.499383867,-0.107442863,0.269602031,0.482738256,-0.115530342,0.199612617,0.31038779,-0.057899732,0.209838688,0.450504422,-0.096674107,0.217864037,0.512649357,-0.093222521,0.217408881,0.481378138,-0.088938847,0.141311601,0.351064801,-0.070646681,0.156742603,0.469181657,-0.096685193,0.172788888,0.518912196,-0.095096081,0.17870611,0.491123766,-0.090637408
B,0.201124281,0.595678031,-2.94E-07,0.268325329,0.591927111,-0.049502149,0.338153124,0.558580041,-0.086141445,0.31068486,0.513865888,-0.11571034,0.240565717,0.494170666,-0.138628662,0.328877926,0.31435737,-0.050192803,0.324706525,0.415217102,-0.101830997,0.312261075,0.488841802,-0.135394454,0.306537509,0.481225699,-0.15685524,0.255042523,0.293400109,-0.049764864,0.256052524,0.425433904,-0.093442462,0.258562595,0.502509117,-0.108198106,0.259658009,0.485078216,-0.11592868,0.188527077,0.31308955,-0.056153934,0.198103011,0.453795344,-0.095979095,0.207925379,0.516135991,-0.093069658,0.207089469,0.486880273,-0.088490769,0.130234301,0.35220775,-0.067849211,0.146173626,0.4703601,-0.095108584,0.161105871,0.519710362,-0.094742104,0.164612472,0.491116256,-0.09065406
B,0.191733941,0.597885191,-2.82E-07,0.257021934,0.59478879,-0.04916453,0.327732474,0.559769988,-0.085182287,0.299810559,0.514049947,-0.114185415,0.228680819,0.500932634,-0.136490822,0.317449033,0.31540972,-0.047936086,0.313293278,0.415055573,-0.097838029,0.299989581,0.488211513,-0.130146429,0.294605702,0.47945261,-0.150798917,0.243695438,0.293229431,-0.047499277,0.243445769,0.425507635,-0.089506969,0.245603174,0.503560781,-0.103497788,0.247088805,0.483179301,-0.110538758,0.17769973,0.312343359,-0.053773787,0.184413567,0.452029377,-0.092139505,0.195317417,0.515206277,-0.08891388,0.196250826,0.485365689,-0.084006041,0.119476475,0.349905759,-0.06528341,0.132882327,0.464875519,-0.090152003,0.148755312,0.515464544,-0.087927438,0.153999388,0.488416016,-0.082536347
B,0.183261693,0.59311384,-2.42E-07,0.249399617,0.591965258,-0.053333353,0.318411738,0.556512117,-0.09146516,0.288377434,0.513777971,-0.12180417,0.21659632,0.502616525,-0.14522168,0.306904465,0.312859207,-0.053698335,0.30090344,0.418006927,-0.105071977,0.288529634,0.491194725,-0.137923852,0.284426481,0.481077582,-0.159154311,0.231849134,0.292311966,-0.051963855,0.230225846,0.431504577,-0.096443459,0.234627053,0.50804168,-0.111084335,0.238263905,0.486115217,-0.118265256,0.165332735,0.313381672,-0.057218574,0.171635732,0.458182991,-0.096969575,0.184099287,0.519135892,-0.093583681,0.186311722,0.486530423,-0.088360071,0.107970133,0.351510972,-0.068151973,0.121361114,0.468819112,-0.094093762,0.138766184,0.518215179,-0.092182256,0.145330757,0.48967731,-0.08688999
B,0.177481249,0.597459018,-2.75E-07,0.243368611,0.594330072,-0.050911997,0.310673714,0.557611346,-0.087625109,0.278321654,0.515166402,-0.117032625,0.206130445,0.501365304,-0.139715075,0.297345102,0.316662788,-0.051301479,0.29109025,0.41579935,-0.103512481,0.280351222,0.491476744,-0.13711001,0.277268171,0.483034015,-0.158755213,0.22228387,0.293602884,-0.050603636,0.219824016,0.428464681,-0.0950858,0.225848973,0.508601487,-0.110294148,0.229916349,0.488458574,-0.118114389,0.15634647,0.313804716,-0.05676543,0.161290392,0.455587685,-0.096859537,0.175367817,0.519168735,-0.093645863,0.178566426,0.488355219,-0.088770755,0.099251024,0.35216555,-0.068357244,0.109702557,0.467858404,-0.094642557,0.128737912,0.518901289,-0.092629418,0.137112826,0.492034793,-0.087315194
B,0.175138995,0.590395808,-2.58E-07,0.243191421,0.5857265,-0.045849863,0.307018697,0.549114466,-0.080066636,0.267901778,0.5126701,-0.107747465,0.196636647,0.500014603,-0.12966013,0.28623423,0.309604079,-0.050746866,0.279294103,0.413737804,-0.100495219,0.272275239,0.48720929,-0.133322105,0.271730453,0.48237589,-0.154470295,0.210824803,0.289758056,-0.051054209,0.211656794,0.429919153,-0.091399908,0.219582185,0.504259229,-0.105826654,0.223253936,0.488630056,-0.114477031,0.145781189,0.312244236,-0.057299435,0.153400987,0.452610314,-0.092865646,0.168355182,0.512292206,-0.089450419,0.170775697,0.486569732,-0.085824184,0.09082637,0.353426933,-0.068602934,0.104683764,0.46732083,-0.091712788,0.124517336,0.516849637,-0.088932984,0.131975502,0.494178027,-0.083950281
B,0.172793746,0.590063989,-3.29E-07,0.241399065,0.58714664,-0.04508324,0.305540681,0.551806927,-0.079547785,0.26780802,0.514443576,-0.107616097,0.194752395,0.495460808,-0.129610956,0.285534263,0.311017513,-0.050719891,0.280308962,0.413262695,-0.101937488,0.272208035,0.489225507,-0.13534759,0.272150874,0.484007984,-0.157171994,0.20960699,0.289463878,-0.051803187,0.214087009,0.427291572,-0.093640849,0.219175532,0.502171993,-0.108513333,0.220805436,0.483829886,-0.117590882,0.145048738,0.311459899,-0.058850721,0.156287104,0.452080607,-0.095396563,0.169400439,0.511466563,-0.091396727,0.170018688,0.484238595,-0.087698117,0.090217561,0.351843417,-0.07095848,0.106909744,0.466544092,-0.095388316,0.126874179,0.515976846,-0.093057491,0.133364618,0.492446721,-0.088416532
B,0.233947992,0.592684269,-2.88E-07,0.297237694,0.587463856,-0.062471244,0.361779869,0.554228961,-0.105545707,0.344065726,0.504446805,-0.138296902,0.287603468,0.477833122,-0.162928075,0.346926033,0.307778537,-0.072920337,0.34755373,0.4250063,-0.131378084,0.3404845,0.496160746,-0.167688474,0.335030258,0.482137442,-0.191271827,0.274506986,0.289861917,-0.066920616,0.279055119,0.424562931,-0.118728749,0.284116983,0.493546814,-0.134788141,0.285257995,0.469823599,-0.143400669,0.211721465,0.310727865,-0.068032146,0.223488837,0.451702982,-0.113043651,0.237376884,0.505986869,-0.109290905,0.237915382,0.474043548,-0.104410864,0.158686459,0.350875258,-0.075657487,0.17552948,0.465749353,-0.106773019,0.193444282,0.514423132,-0.107677177,0.19965671,0.490253806,-0.104881227
B,0.266198218,0.590679288,-2.76E-07,0.3274661,0.588604093,-0.055685841,0.396041751,0.557817698,-0.095421717,0.377961665,0.507536232,-0.126557574,0.314517587,0.483923495,-0.150724143,0.373312414,0.312250495,-0.062548496,0.381922394,0.414539188,-0.118868008,0.368515551,0.487344444,-0.154093459,0.361886859,0.477503508,-0.176770419,0.300086647,0.29244405,-0.059924055,0.314016581,0.410659045,-0.107980154,0.312643915,0.489566177,-0.121334195,0.311312348,0.474359721,-0.12777026,0.235906065,0.313081861,-0.064332999,0.252955556,0.44413808,-0.106278673,0.260893643,0.505861998,-0.099646874,0.258967817,0.48017168,-0.092779316,0.181724325,0.35486114,-0.074684307,0.202920586,0.461844414,-0.100488655,0.218097895,0.513608336,-0.096677691,0.221899867,0.496819943,-0.090875678
B,0.282233983,0.59095335,-4.39E-07,0.348902225,0.588172317,-0.045175117,0.420927048,0.556136489,-0.078728154,0.406549215,0.507003248,-0.106152102,0.342879742,0.485939384,-0.127195433,0.396061957,0.313532412,-0.048174281,0.405581266,0.414054513,-0.099144801,0.386367023,0.489694178,-0.131728187,0.375929058,0.483492941,-0.152970746,0.325282842,0.293384224,-0.048786819,0.340443432,0.412687004,-0.090878718,0.334611475,0.491157591,-0.102884218,0.330810189,0.480635494,-0.109284692,0.261995435,0.312749654,-0.055582009,0.280866861,0.440103263,-0.092113473,0.284656614,0.501330674,-0.086165972,0.279165149,0.480914354,-0.080484651,0.207712382,0.352655739,-0.067569941,0.230169699,0.456865042,-0.089112833,0.241225168,0.504776657,-0.085387483,0.240021795,0.487296402,-0.080091625
B,0.298602968,0.583933771,-3.86E-07,0.363694102,0.582158685,-0.043310702,0.439172626,0.556121945,-0.077197641,0.435885012,0.509885967,-0.105741359,0.373779029,0.491147637,-0.128755987,0.419964373,0.311738282,-0.047219388,0.428853512,0.416117072,-0.095459245,0.407816619,0.484308898,-0.127953172,0.396106899,0.476955742,-0.149946123,0.35069716,0.292048007,-0.049150363,0.365603715,0.413051367,-0.088465787,0.357160956,0.485325605,-0.102045141,0.351630628,0.473284125,-0.110946849,0.287586927,0.311010659,-0.056606445,0.306570023,0.439069897,-0.090409502,0.307960629,0.496400356,-0.085805789,0.300857902,0.476082653,-0.082126148,0.231700838,0.350844562,-0.069121398,0.254129827,0.453079522,-0.088873431,0.262908667,0.498609751,-0.085163392,0.261072069,0.481774658,-0.0806382
B,0.330411226,0.581106067,-4.16E-07,0.399829209,0.582039714,-0.043355286,0.475633532,0.55984503,-0.076045416,0.486257315,0.512266457,-0.104288206,0.429987162,0.484196305,-0.126559123,0.454908133,0.309836864,-0.041802518,0.484001845,0.410936952,-0.092756629,0.459367812,0.482705861,-0.127593115,0.440343529,0.473013699,-0.150109142,0.389643252,0.289988041,-0.044007618,0.418719918,0.412570775,-0.084066473,0.404433995,0.487384796,-0.099026322,0.394866675,0.473207414,-0.108310752,0.327854753,0.309384823,-0.052479751,0.357677698,0.439063996,-0.086454824,0.354358315,0.496291429,-0.082136616,0.344637096,0.474863946,-0.078103714,0.272086203,0.349588633,-0.066188686,0.300941646,0.456513852,-0.085295282,0.30728665,0.502365649,-0.080826476,0.303982288,0.487351537,-0.075335301
B,0.350989401,0.575642109,2.46E-07,0.418672562,0.584796548,-0.05365891,0.496844947,0.569454789,-0.097185396,0.505128324,0.524285674,-0.137778237,0.447063744,0.498594105,-0.177475557,0.486402214,0.324338168,-0.060696922,0.550047696,0.348629653,-0.115912423,0.597067773,0.366560072,-0.154970497,0.640605092,0.361209691,-0.17876853,0.416009456,0.297813058,-0.05970877,0.465491802,0.410926819,-0.113532871,0.447515011,0.486405432,-0.134482399,0.427738667,0.479809344,-0.142293647,0.351021469,0.319334239,-0.064474359,0.3965213,0.44664079,-0.109319113,0.388059944,0.501182497,-0.106115386,0.373544544,0.482249856,-0.097337127,0.29246369,0.361639112,-0.074863121,0.331672072,0.459677339,-0.099462658,0.335520297,0.502931654,-0.091865122,0.327727973,0.493079811,-0.080338486
B,0.414798021,0.58061111,9.40E-08,0.499208987,0.568655491,-0.030735377,0.562133491,0.533917964,-0.056631505,0.583601236,0.501037121,-0.084211141,0.568437159,0.482394278,-0.109221227,0.546407878,0.308966309,-0.026038537,0.591232181,0.344178617,-0.076944798,0.617171526,0.384783536,-0.113607205,0.641053379,0.400930822,-0.134658262,0.491641045,0.294348747,-0.032059945,0.53673315,0.404097617,-0.074173659,0.545268238,0.460330904,-0.091767974,0.550747931,0.455652475,-0.100401528,0.434613347,0.321827829,-0.044542961,0.479915679,0.447547436,-0.079556912,0.478938162,0.493796855,-0.078225344,0.472597539,0.480276525,-0.072540767,0.382605046,0.369917721,-0.061817598,0.419456422,0.470432013,-0.080953076,0.424138278,0.504540086,-0.07695628,0.416747332,0.489097714,-0.069728643
B,0.464673817,0.59029448,-3.17E-07,0.543626785,0.593394279,-0.047584064,0.617935658,0.574408948,-0.086716056,0.641648948,0.538657963,-0.121245109,0.592605591,0.513471484,-0.150184631,0.589381635,0.314547718,-0.058431547,0.64117527,0.418404371,-0.113688208,0.6094473,0.492558867,-0.151125282,0.582109392,0.473447204,-0.176561266,0.523814976,0.300663829,-0.06122401,0.579970181,0.428551316,-0.108119726,0.556117415,0.505274892,-0.12408109,0.539247274,0.482815683,-0.134772137,0.463388354,0.326156706,-0.069864482,0.518182218,0.454775184,-0.108140454,0.505608916,0.514145732,-0.103017814,0.487574816,0.489050806,-0.098858982,0.411968291,0.371929646,-0.083804108,0.457346529,0.478060573,-0.105893053,0.454213172,0.521620095,-0.102148287,0.44005388,0.503252923,-0.098084696
B,0.484603435,0.605174184,-4.77E-07,0.579185903,0.605215311,-0.047009457,0.658121169,0.594923258,-0.087033525,0.700636327,0.569244981,-0.124192648,0.683632374,0.539090872,-0.153895572,0.646244168,0.325274706,-0.050803043,0.714540422,0.453661501,-0.106282018,0.678738713,0.515028238,-0.143209919,0.647566319,0.500658691,-0.168878794,0.589928627,0.306096047,-0.055483181,0.665117323,0.461050272,-0.104297832,0.628261566,0.524195731,-0.118623428,0.604005933,0.501439869,-0.127867043,0.532724261,0.328407407,-0.067471452,0.602292717,0.474994123,-0.106781073,0.578836501,0.526477873,-0.101297401,0.558484316,0.503278255,-0.097191267,0.481037676,0.378767461,-0.086005859,0.536479473,0.49097994,-0.111769766,0.524975479,0.531010985,-0.111527726,0.505677462,0.514002979,-0.109718077
B,0.530546367,0.624839664,-3.96E-07,0.613696218,0.623123765,-0.036123175,0.69689405,0.609906614,-0.070416898,0.747516394,0.58259201,-0.103004642,0.72076714,0.560172856,-0.128661469,0.677851439,0.339316368,-0.042127367,0.742642641,0.459079087,-0.092085496,0.706058919,0.526023746,-0.12423107,0.678403497,0.510604978,-0.146378592,0.622066498,0.316015124,-0.051404905,0.694606006,0.465551406,-0.096927203,0.656270981,0.535889983,-0.109110601,0.631821573,0.51419884,-0.116016857,0.566217303,0.332096726,-0.066366389,0.636365056,0.48056531,-0.103543028,0.607897997,0.539621234,-0.096704379,0.584896147,0.51555723,-0.090954252,0.515978932,0.37612772,-0.086388133,0.575750768,0.488377422,-0.107152566,0.559018016,0.535036385,-0.102296613,0.538340986,0.519766867,-0.097452067
B,0.546566367,0.630790591,-6.13E-07,0.654412031,0.636854053,-0.026070958,0.744797766,0.626337528,-0.052480638,0.797785044,0.608738363,-0.081398323,0.78099525,0.586010695,-0.104757145,0.73868525,0.375929654,-0.017436981,0.802972257,0.491687804,-0.065460443,0.761906266,0.549593866,-0.0999308,0.733851016,0.533964574,-0.124050729,0.688345373,0.357489109,-0.031104403,0.758465171,0.50212729,-0.071852982,0.71421957,0.557206631,-0.088019766,0.690412998,0.53313154,-0.098712474,0.635431767,0.374849677,-0.051101174,0.701948225,0.515781283,-0.083168,0.668329835,0.558702409,-0.08122164,0.645851314,0.52844578,-0.080029897,0.586353719,0.416880488,-0.076049775,0.641547441,0.528301716,-0.094310142,0.622638404,0.56304884,-0.09249901,0.602255523,0.540337026,-0.090470418
B,0.617102206,0.642874479,-3.68E-07,0.723345697,0.658201814,-0.020308394,0.806153655,0.644865751,-0.044943072,0.864246428,0.63611865,-0.073405191,0.900033116,0.633831322,-0.095207363,0.830381513,0.405220091,-0.011887477,0.90648973,0.526658297,-0.055325195,0.865626514,0.582505226,-0.081120081,0.83622849,0.570788264,-0.097653717,0.788326502,0.387512922,-0.027049262,0.869574904,0.541193485,-0.063233107,0.821199179,0.592901945,-0.06982708,0.796574473,0.564737558,-0.072373636,0.741710484,0.404772758,-0.04869489,0.814813912,0.547012031,-0.079647973,0.777201414,0.595014393,-0.070401564,0.756617546,0.569950342,-0.062445544,0.695000947,0.444195002,-0.074513555,0.753710568,0.555588961,-0.090125978,0.729873359,0.591755748,-0.082464121,0.710665941,0.571740746,-0.075259395
B,0.648510456,0.647143185,-2.77E-07,0.753640831,0.667140961,-0.026034998,0.837084591,0.662571609,-0.056213617,0.899233222,0.660774767,-0.088218085,0.920157194,0.65238905,-0.113441877,0.854804337,0.415025115,-0.028836206,0.932130933,0.539946079,-0.073629953,0.888653517,0.598952591,-0.099065535,0.857455313,0.587455034,-0.115681954,0.813284099,0.397080004,-0.042028613,0.894928813,0.551822126,-0.081714004,0.844540536,0.605898142,-0.087656282,0.820258021,0.578650594,-0.089888096,0.767921269,0.4130162,-0.060986351,0.839786232,0.560256541,-0.094559066,0.799352586,0.604703426,-0.084551327,0.776920855,0.578143775,-0.076311156,0.723942339,0.450903952,-0.084142961,0.778977156,0.563886762,-0.102475367,0.75301832,0.597386658,-0.095463112,0.731996715,0.575642347,-0.089011922
B,0.664183974,0.645035267,-3.07E-07,0.770210266,0.671901703,-0.022114599,0.852696538,0.667894781,-0.050805215,0.911544144,0.668978333,-0.081955433,0.936325431,0.660991549,-0.106480047,0.874104083,0.421383262,-0.024577321,0.95109129,0.547478795,-0.067760915,0.905871987,0.605988503,-0.092281722,0.873924613,0.591475725,-0.108470738,0.833535373,0.402252883,-0.039634097,0.918651223,0.557097316,-0.077395231,0.866137564,0.611905217,-0.082386911,0.83903712,0.583915353,-0.084106795,0.789114594,0.418306351,-0.060060196,0.865479052,0.563303649,-0.09146557,0.823121548,0.611731887,-0.0793349,0.798806608,0.586823881,-0.070072904,0.745757818,0.457432538,-0.084408261,0.804945648,0.570508122,-0.10049995,0.777732849,0.60589087,-0.091417983,0.75611037,0.584969997,-0.083846085
B,0.703945637,0.656194508,-2.95E-07,0.810998797,0.689970434,-0.021901397,0.887904882,0.683785498,-0.049892355,0.943467379,0.68518889,-0.080865316,0.986880958,0.673198223,-0.105458334,0.925434649,0.444658577,-0.018235974,1.00558567,0.576233685,-0.066129349,0.970433474,0.642430961,-0.096486017,0.943338215,0.644160271,-0.115400277,0.891874075,0.421657085,-0.032170642,0.971640348,0.58363086,-0.077117503,0.916496575,0.641866982,-0.08957871,0.887328923,0.618199885,-0.093350239,0.851759613,0.434531212,-0.051828232,0.916962087,0.58840704,-0.089330375,0.870516777,0.637688994,-0.08172521,0.8464306,0.609519541,-0.072326474,0.809952617,0.469393849,-0.074989863,0.85386306,0.591294587,-0.096096516,0.826296151,0.625394821,-0.089460135,0.806818545,0.598357916,-0.081197046
B,0.711875796,0.656707287,-3.10E-07,0.820080042,0.691689014,-0.017388878,0.912237167,0.679807663,-0.040820904,0.977145076,0.680857718,-0.067605026,1.031081915,0.678081095,-0.087854795,0.939027369,0.454396337,-0.014170628,1.010434985,0.577105284,-0.058292974,0.977917671,0.633894205,-0.083557665,0.955249012,0.625712097,-0.09949024,0.904102087,0.428542435,-0.029757729,0.975812674,0.589175582,-0.072044559,0.921941638,0.642890275,-0.080087036,0.895908415,0.60927546,-0.081254229,0.862416863,0.440005928,-0.050877087,0.924453437,0.594373763,-0.087694801,0.876593173,0.641060829,-0.076246761,0.852607608,0.608354211,-0.065117367,0.818996191,0.475192189,-0.075220309,0.858911216,0.601401031,-0.098230071,0.829371631,0.635092974,-0.091336526,0.810693026,0.606686413,-0.082882211
B,0.714084506,0.659787893,-2.77E-07,0.821035206,0.695587814,-0.017826365,0.90739131,0.685567915,-0.04181188,0.970241606,0.687347054,-0.068948343,1.025186658,0.685233712,-0.089406639,0.938534081,0.458221912,-0.016276876,1.012569547,0.580726981,-0.061628621,0.981462896,0.642085731,-0.087715715,0.959962726,0.640604973,-0.103972107,0.905639708,0.432341158,-0.031928193,0.979984462,0.591334939,-0.076372601,0.926580787,0.647341728,-0.085492358,0.899274945,0.620278478,-0.08656875,0.865938723,0.443698585,-0.052975006,0.926262736,0.598674357,-0.091035642,0.87935257,0.646208167,-0.080088384,0.855763197,0.615876317,-0.068575576,0.824070573,0.479076505,-0.077225439,0.862713099,0.602867484,-0.09974061,0.83259362,0.637191236,-0.091910169,0.813126683,0.610332429,-0.082690649
B,0.71280545,0.659477651,-2.97E-07,0.82134223,0.696406722,-0.016882932,0.908603549,0.686670184,-0.040221523,0.973324776,0.688984454,-0.06676314,1.029410124,0.685675979,-0.086535811,0.938281953,0.459269255,-0.015436193,1.011592507,0.583961725,-0.060277592,0.978432715,0.644364476,-0.085826971,0.954995632,0.640877366,-0.101864763,0.905436635,0.433753937,-0.031512175,0.978911638,0.594097316,-0.075436458,0.925268173,0.649989367,-0.084134184,0.897605777,0.622711718,-0.085130759,0.865598857,0.445457667,-0.052937027,0.926100671,0.60057652,-0.090890348,0.879066944,0.648481369,-0.07955426,0.854920566,0.618015289,-0.067903377,0.823639035,0.480822027,-0.07748732,0.862298667,0.604755521,-0.100513093,0.832052469,0.639468312,-0.0927606,0.812445641,0.612727582,-0.083541878
B,0.684864879,0.663799822,-3.21E-07,0.784837961,0.688324451,-0.018186387,0.863751769,0.68690294,-0.043296099,0.925875783,0.694818079,-0.070437662,0.955942035,0.673721373,-0.090525724,0.890779614,0.441901386,-0.026355308,0.965718985,0.565939307,-0.067454517,0.920036554,0.624395251,-0.0915187,0.889988303,0.610399425,-0.108006291,0.854405582,0.422123075,-0.042477656,0.936646163,0.577342033,-0.081257157,0.885630667,0.63337338,-0.088847339,0.858745754,0.609124362,-0.092405237,0.812183797,0.437551975,-0.062788486,0.884500623,0.582355559,-0.095088027,0.843313694,0.632720411,-0.084507801,0.819612801,0.609313786,-0.075915918,0.769110084,0.477202535,-0.086325914,0.82379508,0.590026498,-0.104588076,0.795548558,0.624864817,-0.096734904,0.772360682,0.601441562,-0.089726344
B,0.67081517,0.658054292,-3.87E-07,0.770076036,0.683907628,-0.023701793,0.850972652,0.682608187,-0.050450154,0.910458922,0.683751583,-0.078255631,0.932404637,0.663460851,-0.098993964,0.88354975,0.440637171,-0.025103465,0.955057263,0.562480211,-0.067863531,0.907510877,0.622228444,-0.093623169,0.877655506,0.605130553,-0.11107485,0.843912721,0.418219805,-0.038605954,0.91830337,0.570607126,-0.077129245,0.866311193,0.626685143,-0.085080124,0.841223061,0.600664377,-0.089079477,0.797849894,0.432361335,-0.057444714,0.865068674,0.578469932,-0.089936398,0.82479912,0.629077673,-0.080838636,0.802693665,0.604902327,-0.073378466,0.752209544,0.472453862,-0.080117762,0.805030704,0.588513017,-0.097891927,0.778383136,0.623788953,-0.0915839,0.756937742,0.60112983,-0.085730977
B,0.655489683,0.653924048,-3.77E-07,0.752521873,0.680248499,-0.024505038,0.834272146,0.6787709,-0.050866246,0.89554894,0.679172039,-0.077793039,0.91236788,0.657223105,-0.097606294,0.864357114,0.434114158,-0.029227601,0.936890841,0.555402219,-0.072273068,0.890253901,0.617032588,-0.09762755,0.860493124,0.599845111,-0.114997827,0.823461711,0.412920088,-0.04241902,0.898584425,0.563390195,-0.082194611,0.847813845,0.620571733,-0.090321712,0.823004007,0.594652593,-0.094746672,0.776520789,0.428097814,-0.060667299,0.844025075,0.573957622,-0.094009973,0.8040694,0.623741031,-0.085067287,0.782402337,0.597953498,-0.077980816,0.730317831,0.468179256,-0.08274623,0.782769978,0.585989654,-0.101022944,0.755380869,0.618830681,-0.095155619,0.733535588,0.593440056,-0.090029575
B,0.592573702,0.646159768,-1.75E-07,0.675216079,0.663056254,-0.029708691,0.752752125,0.660121799,-0.061815098,0.811235607,0.65452075,-0.092946783,0.808100581,0.635276914,-0.118359447,0.770192742,0.406930625,-0.051973548,0.833808362,0.526929736,-0.097761266,0.789917827,0.586803734,-0.124091171,0.760781229,0.566972554,-0.142131045,0.716597855,0.386305273,-0.063248381,0.785611808,0.538268268,-0.10374853,0.742775381,0.592202306,-0.110653743,0.719134331,0.562993348,-0.116368972,0.659295619,0.404451698,-0.078584082,0.724616587,0.54826802,-0.113428079,0.691605568,0.599036753,-0.102977313,0.669044197,0.573240638,-0.096230194,0.605101585,0.447475553,-0.097767219,0.66112411,0.564145386,-0.118538886,0.640406251,0.601595163,-0.111862227,0.616516769,0.579089046,-0.106799796
B,0.55851078,0.650068045,-3.75E-07,0.650787354,0.664857328,-0.033318833,0.732622087,0.657419205,-0.064019777,0.786124706,0.644497752,-0.094503015,0.770074725,0.622142434,-0.119527176,0.748358011,0.398997784,-0.031936359,0.798648179,0.523008883,-0.079980969,0.759209394,0.579985023,-0.113194451,0.734023452,0.559662282,-0.136484072,0.693542242,0.379757434,-0.042717215,0.748493373,0.533118665,-0.08293131,0.707215071,0.586832345,-0.097083151,0.683448851,0.556402743,-0.107579045,0.633458853,0.399536341,-0.059809055,0.685679734,0.546013772,-0.095200218,0.655662,0.593260646,-0.093185373,0.634410501,0.564648569,-0.091728963,0.577460408,0.446528733,-0.08180622,0.622135997,0.567551196,-0.103371538,0.606273174,0.601347327,-0.103092127,0.587699354,0.576207042,-0.102082171
B,0.518601835,0.643369794,-2.84E-07,0.606101871,0.652474761,-0.054347981,0.674355626,0.637914479,-0.094701543,0.715516567,0.625678837,-0.131525427,0.739316106,0.610496104,-0.1616503,0.705045819,0.391299933,-0.05146281,0.758555114,0.52541101,-0.105816349,0.72159636,0.569909632,-0.140914321,0.69756937,0.540023923,-0.165504441,0.648042381,0.37881279,-0.051706035,0.710196257,0.538119256,-0.099759459,0.66782999,0.582206726,-0.112514697,0.648433983,0.543280184,-0.119620547,0.589053929,0.404088914,-0.060489543,0.646354079,0.551916003,-0.101428643,0.613333106,0.58719331,-0.094517544,0.594366431,0.553884804,-0.087519027,0.532984257,0.45227468,-0.07655336,0.584234476,0.561093926,-0.106599264,0.566439927,0.588431597,-0.107037559,0.547491729,0.565876484,-0.103421979
B,0.422260016,0.644981205,-4.91E-07,0.519131601,0.639834046,-0.047543559,0.599114239,0.62558794,-0.092176028,0.619544685,0.61161691,-0.134978667,0.565816045,0.608909965,-0.171808258,0.593858421,0.347027898,-0.062520593,0.633633614,0.45719409,-0.126146972,0.606417298,0.538776278,-0.167884648,0.58052516,0.527707756,-0.196102828,0.520293355,0.325776815,-0.071642704,0.559103787,0.490386605,-0.125731364,0.53961277,0.564849496,-0.145763129,0.520263314,0.532710016,-0.160062835,0.446986288,0.351387888,-0.087511159,0.485381514,0.521546602,-0.130405381,0.473458916,0.581187785,-0.127336532,0.455856055,0.543009639,-0.125835806,0.38513574,0.40191859,-0.109805994,0.417732626,0.545528769,-0.1350528,0.413783252,0.592543483,-0.132898733,0.400379151,0.564676762,-0.130121708
B,0.408207655,0.615029454,-8.95E-08,0.503455341,0.617632806,-0.057191342,0.57728821,0.608201861,-0.107754864,0.575171649,0.601699769,-0.153225154,0.507558227,0.606068611,-0.19370304,0.55997175,0.336444527,-0.081261732,0.58877635,0.463570178,-0.14877899,0.565967441,0.550569355,-0.195086271,0.545326412,0.541228354,-0.225482583,0.47921887,0.322523415,-0.084414966,0.506282151,0.504489362,-0.139182761,0.495790362,0.578732193,-0.162685603,0.486206174,0.546211839,-0.180523992,0.403785974,0.352059722,-0.093883783,0.434219778,0.536286235,-0.136607155,0.431635916,0.588007689,-0.135297239,0.424081028,0.544817924,-0.135634124,0.341601342,0.401132107,-0.10998223,0.368904114,0.551050484,-0.136289865,0.373664588,0.592444897,-0.134536475,0.36900425,0.560642302,-0.132139415
B,0.289781809,0.629353166,-1.87E-07,0.357716769,0.624208927,-0.045397602,0.425620824,0.599294603,-0.081977114,0.420670718,0.566498995,-0.113675416,0.35527277,0.560081899,-0.141006261,0.408872932,0.334162742,-0.055052746,0.4203749,0.456628323,-0.106663294,0.400987417,0.527513504,-0.145197421,0.391160756,0.517783999,-0.171839148,0.33630079,0.315493137,-0.059376553,0.357908547,0.462833941,-0.098450959,0.348674834,0.53289938,-0.11539726,0.343302906,0.516216874,-0.129232317,0.269732773,0.340050399,-0.069336616,0.291931659,0.493783116,-0.102638453,0.29258284,0.545436442,-0.102375008,0.288384378,0.515607059,-0.103295572,0.212980434,0.387825131,-0.084658243,0.233028784,0.515829444,-0.105391912,0.244158387,0.556360483,-0.104878969,0.247358233,0.531665862,-0.104333177
B,0.264164954,0.614203095,-3.38E-07,0.331461966,0.614802837,-0.048348039,0.402800173,0.593245864,-0.086728528,0.401204526,0.55522418,-0.119137503,0.335159957,0.536288619,-0.145914674,0.389749676,0.335184574,-0.055164486,0.39754054,0.460169643,-0.110036775,0.378665537,0.531412959,-0.147635624,0.367383182,0.521691084,-0.172280326,0.317166954,0.317369878,-0.056532227,0.329187483,0.466632545,-0.101170205,0.325339168,0.54015255,-0.117133737,0.321881652,0.526451707,-0.127286687,0.250468731,0.340453029,-0.064051621,0.268965602,0.494980901,-0.102232084,0.273714244,0.552253723,-0.097557642,0.269404978,0.526066899,-0.093113035,0.191246599,0.384019375,-0.077357501,0.211950272,0.504171908,-0.101786353,0.225676119,0.549138427,-0.099142313,0.228467137,0.526609182,-0.094390854
B,0.247743785,0.611187935,-3.33E-07,0.316658765,0.610779762,-0.046631444,0.384454608,0.59193927,-0.084958449,0.378599644,0.557832599,-0.117666833,0.316099912,0.535878897,-0.145070329,0.375546992,0.332408726,-0.056230266,0.38477686,0.455010593,-0.109574847,0.367067158,0.526563227,-0.146822855,0.355504692,0.521591008,-0.171722949,0.301750362,0.314092577,-0.058464408,0.315070361,0.469734132,-0.101269759,0.31347096,0.543091297,-0.11730808,0.311275482,0.532793701,-0.128284648,0.233616382,0.339002311,-0.066400826,0.255605847,0.5004403,-0.10343907,0.26205948,0.554980218,-0.098825879,0.258421093,0.5295434,-0.094947897,0.173849806,0.385643512,-0.07997214,0.197946876,0.512199759,-0.106787026,0.213821962,0.553890109,-0.105374701,0.217287749,0.528718889,-0.101178788
B,0.236240596,0.6110816,-3.09E-07,0.303823441,0.610814333,-0.050404876,0.371230274,0.592588842,-0.091030985,0.366468132,0.5578565,-0.125255346,0.303837955,0.536162853,-0.153804392,0.365030736,0.329383373,-0.060737457,0.37723738,0.457405567,-0.115447275,0.358431667,0.524147332,-0.153425008,0.346244693,0.512586653,-0.179066569,0.290112495,0.31395328,-0.061937656,0.306918174,0.472601682,-0.107118092,0.30449456,0.543293417,-0.122871794,0.301249325,0.529630065,-0.13342838,0.221302837,0.340753227,-0.069263443,0.24763678,0.502334237,-0.109350055,0.254069626,0.556559741,-0.104839817,0.249445871,0.531378388,-0.100274332,0.161280289,0.388852417,-0.082489237,0.190835983,0.515712321,-0.112084821,0.207487985,0.556299269,-0.112142332,0.21077472,0.53048259,-0.108557425
B,0.221053243,0.61250782,-2.76E-07,0.287629664,0.61474967,-0.055189591,0.356830031,0.593506157,-0.096980222,0.344212055,0.556841254,-0.131136537,0.279836982,0.536671638,-0.158627182,0.343017608,0.330309778,-0.063214369,0.347515494,0.455008715,-0.118987776,0.333628953,0.52963829,-0.154347405,0.324743569,0.523792863,-0.176675409,0.269117594,0.317426056,-0.062789261,0.282358289,0.46691215,-0.110656254,0.285086334,0.544437289,-0.126000538,0.286139101,0.52876544,-0.13418673,0.202336341,0.344390213,-0.069113299,0.224794209,0.502788782,-0.113944657,0.236760452,0.56474787,-0.110190965,0.237408459,0.538316369,-0.103950232,0.143386185,0.390866935,-0.081199132,0.170298085,0.515316844,-0.113097891,0.188936353,0.560305476,-0.112496577,0.194544673,0.532593727,-0.107363813
B,0.215135649,0.617027283,-3.24E-07,0.28696391,0.616830409,-0.055277392,0.359025419,0.593771338,-0.097581066,0.349768728,0.552267671,-0.132389277,0.286482334,0.53248316,-0.160392687,0.341616929,0.331520259,-0.062116344,0.351204306,0.452479213,-0.119501092,0.336831778,0.528132915,-0.157367975,0.32745254,0.525400043,-0.181437984,0.267848104,0.317696571,-0.060973961,0.284338862,0.46768859,-0.110125221,0.286575019,0.544700921,-0.126688987,0.286378801,0.53204608,-0.135564849,0.201702029,0.342487752,-0.066737443,0.228646025,0.501922369,-0.110145226,0.239585578,0.562402964,-0.106555156,0.2374852,0.53862536,-0.100717656,0.143810585,0.387011111,-0.078632668,0.173182979,0.515853047,-0.108648911,0.191983968,0.559866428,-0.108913429,0.196578518,0.532249629,-0.104601644
B,0.216767117,0.618892431,-3.15E-07,0.28762123,0.616224766,-0.053243127,0.359160721,0.590870023,-0.093297422,0.349024266,0.549051166,-0.12612319,0.285100937,0.528563619,-0.152256131,0.340842843,0.329960376,-0.05776941,0.350629032,0.449467272,-0.111810051,0.337417364,0.524484873,-0.148399755,0.328987658,0.51943922,-0.172038555,0.268040091,0.317430854,-0.056774981,0.284005374,0.466493547,-0.102705441,0.286107689,0.541225731,-0.119571179,0.285905063,0.527916849,-0.129227728,0.203151494,0.342154264,-0.062374141,0.227963448,0.500895977,-0.102675304,0.238939419,0.558675051,-0.100466877,0.237628132,0.533159018,-0.096071959,0.145873249,0.385680735,-0.073956519,0.172404438,0.512145638,-0.101363353,0.19039686,0.556641757,-0.101656027,0.195303917,0.531298995,-0.097839549
B,0.219860792,0.61790657,-3.63E-07,0.290921926,0.616761446,-0.049880672,0.363962919,0.592268348,-0.0882385,0.35360533,0.548609674,-0.119937561,0.289638698,0.527033269,-0.144845247,0.346003473,0.335050136,-0.054893721,0.356734723,0.451631099,-0.108748451,0.341986239,0.528008401,-0.144752756,0.332923383,0.523672223,-0.168188915,0.272517025,0.318455666,-0.055710666,0.288838059,0.466392994,-0.10200844,0.28937763,0.542525232,-0.118772253,0.288018882,0.528017998,-0.128164679,0.207819268,0.341436505,-0.062807754,0.232784584,0.500595629,-0.102912098,0.242806226,0.558367014,-0.09959235,0.240513459,0.530936897,-0.094646774,0.150895566,0.384956241,-0.075630918,0.177860707,0.512350559,-0.103271648,0.195615262,0.55688113,-0.102949321,0.200082779,0.530624926,-0.098561704
B,0.237967983,0.621996939,-3.59E-07,0.308986604,0.617624044,-0.048566077,0.379740924,0.595116436,-0.086199939,0.376154751,0.552427053,-0.11813926,0.316738278,0.527518809,-0.143598825,0.365955263,0.340081871,-0.051622476,0.379474729,0.450038373,-0.10409613,0.364261091,0.521452069,-0.139414117,0.3518942,0.51609695,-0.162222996,0.293954253,0.323458582,-0.052124176,0.313313752,0.467653394,-0.096291497,0.312667489,0.541558504,-0.111622766,0.310765207,0.528705835,-0.120237313,0.229486093,0.345888466,-0.059130196,0.256210089,0.496929616,-0.098044418,0.26306501,0.552898645,-0.094767511,0.25973478,0.527949989,-0.089731731,0.173157722,0.389061689,-0.071801759,0.202578723,0.507755816,-0.097902164,0.216962472,0.55033195,-0.097311892,0.220113665,0.52756089,-0.092840038
B,0.243491441,0.62262255,-3.17E-07,0.314650685,0.619216502,-0.049412552,0.381742388,0.598377645,-0.088342495,0.382186055,0.557911396,-0.121302135,0.32433033,0.535795271,-0.147888541,0.371650249,0.340098083,-0.055045418,0.383244157,0.452880442,-0.10931693,0.367490768,0.524923921,-0.146371171,0.356208831,0.520657122,-0.170409158,0.299156338,0.324442059,-0.056275472,0.317095101,0.467589855,-0.102930881,0.31709218,0.54350394,-0.1192552,0.315709054,0.534635305,-0.128265828,0.233729213,0.347219795,-0.06392885,0.262191236,0.500887454,-0.104912139,0.270625532,0.56196934,-0.101731256,0.267528921,0.542481303,-0.096340731,0.178004861,0.391963392,-0.077313781,0.207387358,0.513847947,-0.104854152,0.222514272,0.558083832,-0.10470473,0.225838855,0.535801828,-0.10045018
B,0.247671217,0.620538473,-3.25E-07,0.31832543,0.616751134,-0.048710518,0.384626448,0.596277416,-0.087603644,0.387849391,0.557338417,-0.120869495,0.330058545,0.536373675,-0.147538856,0.375324935,0.340607971,-0.054461539,0.387357295,0.45386982,-0.108728603,0.370076656,0.526077271,-0.145477653,0.357733488,0.523490548,-0.169246957,0.304000229,0.32485202,-0.055897985,0.321722627,0.470697969,-0.102582306,0.320719928,0.544363797,-0.118602253,0.319528997,0.534714758,-0.127542719,0.238828152,0.347757071,-0.063770689,0.267357528,0.503539145,-0.103692658,0.274032652,0.56169343,-0.099470332,0.270123154,0.541212261,-0.093811348,0.182623595,0.392909348,-0.077581123,0.211900175,0.517435551,-0.105075642,0.226423025,0.558999181,-0.10512089,0.229641229,0.535368979,-0.101094805
B,0.254287362,0.620575368,-3.33E-07,0.323288828,0.617366314,-0.047819,0.389381558,0.598225296,-0.086383633,0.393555671,0.55961591,-0.119079344,0.336684585,0.537008405,-0.1453657,0.381285131,0.342992693,-0.05565203,0.393061817,0.455147952,-0.10873846,0.374872684,0.526360214,-0.144986108,0.362166971,0.52380228,-0.168856665,0.309921056,0.32660234,-0.057161178,0.327780962,0.469950795,-0.102448985,0.325096041,0.544436634,-0.117546611,0.322905093,0.536079943,-0.126318559,0.24475354,0.349201322,-0.064729616,0.273423105,0.502624929,-0.102571391,0.277295381,0.558281243,-0.097067609,0.27151221,0.536323607,-0.091331564,0.187981576,0.393865794,-0.078275256,0.217331141,0.517283082,-0.104920305,0.232011124,0.557451785,-0.104463466,0.23558563,0.53302294,-0.100439437
B,0.280820876,0.62086308,-3.40E-07,0.352217972,0.617951632,-0.045843575,0.423247546,0.599374592,-0.082411401,0.428843498,0.562592983,-0.113890849,0.374599129,0.541476846,-0.139211744,0.413927972,0.343946427,-0.051037498,0.4299272,0.462681144,-0.101713791,0.410679668,0.52945143,-0.135769576,0.397625387,0.516730607,-0.158815965,0.343621463,0.328669548,-0.053214483,0.367444783,0.476557404,-0.096342862,0.35993883,0.545825124,-0.110609807,0.355520308,0.53034699,-0.119479157,0.279457211,0.352401376,-0.061322022,0.31031087,0.506491423,-0.097903199,0.31168437,0.558698416,-0.092145354,0.306529939,0.531294405,-0.086695485,0.222193241,0.397847295,-0.075123005,0.253689289,0.51784867,-0.099325292,0.266186714,0.559043646,-0.096790545,0.269535631,0.536689758,-0.091931842
B,0.295273781,0.620214105,-3.41E-07,0.366316259,0.619197726,-0.036494475,0.439040452,0.599872887,-0.067260131,0.445211709,0.563180149,-0.094747856,0.386553586,0.548506916,-0.117875859,0.422512025,0.351210266,-0.040664069,0.44271633,0.459127724,-0.085191876,0.424008191,0.52440393,-0.117604829,0.410402656,0.521676481,-0.13941662,0.355227172,0.333963394,-0.045634497,0.380839229,0.474928468,-0.079764478,0.373526871,0.540798843,-0.094201855,0.367099643,0.533775747,-0.104746461,0.291966259,0.3567743,-0.055310965,0.323057204,0.502087057,-0.083545245,0.323248416,0.550257683,-0.080477178,0.315214574,0.530537188,-0.078345269,0.234680384,0.401058435,-0.069888346,0.267780274,0.514747202,-0.087281026,0.278851807,0.553478658,-0.083831966,0.279157877,0.537909687,-0.079442799
B,0.304592282,0.621049523,-3.45E-07,0.37736389,0.623655617,-0.039017238,0.451884478,0.606807232,-0.071243718,0.46179536,0.569365978,-0.099971436,0.404815614,0.552575707,-0.124262169,0.433408916,0.355221689,-0.040915836,0.459784448,0.462900162,-0.08525154,0.435955107,0.527765632,-0.117456838,0.419223726,0.519523799,-0.139233738,0.368550062,0.340440214,-0.044681344,0.400503337,0.477479875,-0.077690013,0.386676431,0.538851559,-0.09181653,0.37670666,0.524375558,-0.102519386,0.307020515,0.363132536,-0.053495776,0.34191227,0.500217736,-0.081019618,0.33799246,0.546881795,-0.078036331,0.327780962,0.525849819,-0.076185443,0.250611991,0.404405862,-0.067375608,0.28611058,0.510363102,-0.082984008,0.294827014,0.549917638,-0.078538746,0.293448687,0.536289454,-0.073738426
B,0.322415233,0.618994832,-2.76E-07,0.391688257,0.622375131,-0.041041423,0.461685508,0.606871545,-0.075508453,0.48213765,0.573049843,-0.106908903,0.433799505,0.551710486,-0.133765236,0.448701918,0.362244517,-0.042297289,0.479347229,0.471614718,-0.091921501,0.458456099,0.529460907,-0.127892882,0.443841606,0.520034671,-0.150938302,0.385953575,0.348202199,-0.045588505,0.420380622,0.482328624,-0.083330743,0.405412942,0.538151026,-0.099275,0.394260883,0.522298038,-0.110089891,0.325086266,0.36956799,-0.054722641,0.361592352,0.504140854,-0.085292824,0.356238663,0.547647178,-0.083258197,0.3459768,0.526863873,-0.081077859,0.270138204,0.409243792,-0.069235802,0.304938316,0.515950859,-0.085478514,0.31101498,0.553721011,-0.081819385,0.308320075,0.54162991,-0.077224217
B,0.339977622,0.615003645,-2.41E-07,0.410060793,0.617495179,-0.03483554,0.478056341,0.603377044,-0.067052722,0.503182292,0.574304163,-0.098359317,0.457827747,0.555329025,-0.125814557,0.465385377,0.365971953,-0.038400434,0.496893466,0.453369886,-0.088579521,0.485138088,0.509386241,-0.12406344,0.478304058,0.508875251,-0.145332232,0.405466616,0.352909327,-0.043996546,0.44194001,0.485885948,-0.082961015,0.429364562,0.539574683,-0.099208802,0.419738501,0.526220083,-0.109217413,0.346498698,0.37429291,-0.055167746,0.38682422,0.509382188,-0.084866345,0.379284918,0.546919167,-0.082398877,0.367615759,0.526943326,-0.079485871,0.291969776,0.414189607,-0.071417384,0.328270525,0.520952702,-0.086568877,0.332369298,0.5541026,-0.082591727,0.327979147,0.542442262,-0.077317588
B,0.392539531,0.620357275,-1.05E-08,0.473721683,0.604389668,-0.032700319,0.535998285,0.579884231,-0.06452509,0.571570456,0.567526221,-0.097282149,0.585507989,0.566585064,-0.126067653,0.54418242,0.366270602,-0.041188311,0.592070282,0.419264525,-0.099745438,0.612826586,0.477657437,-0.138011694,0.634005129,0.502637446,-0.159707859,0.493654668,0.35498637,-0.048798285,0.555169225,0.476679415,-0.102388494,0.547562599,0.53664428,-0.118736967,0.541993201,0.538663387,-0.124068022,0.440251172,0.380628288,-0.062991828,0.499533147,0.524016142,-0.106435366,0.481653005,0.569590211,-0.103094935,0.467774659,0.559189916,-0.09445262,0.390158534,0.427269638,-0.082142398,0.439259797,0.547880352,-0.107221283,0.430933267,0.582958341,-0.104993701,0.417287111,0.565243483,-0.098212428
B,0.442768514,0.621550322,-1.92E-07,0.530096173,0.626081288,-0.046093035,0.604332983,0.620350897,-0.089618362,0.641244531,0.599680245,-0.129185066,0.60310626,0.589618802,-0.162436783,0.581871331,0.358143389,-0.070493631,0.640571117,0.468525797,-0.128004998,0.606271446,0.546242297,-0.162976891,0.581270576,0.530057609,-0.18694362,0.519329369,0.346907347,-0.076698892,0.587132633,0.490751863,-0.13050817,0.55714798,0.566815495,-0.143113494,0.539026082,0.543894172,-0.150648937,0.46194455,0.373946309,-0.088220753,0.527810335,0.525770366,-0.130252525,0.507232368,0.581509769,-0.122098997,0.486530364,0.553385973,-0.115985706,0.414074987,0.421001136,-0.105297178,0.467354864,0.546707392,-0.130150303,0.455806643,0.588097155,-0.127622411,0.436969012,0.563365817,-0.125056982
B,0.434608787,0.61606127,-4.10E-07,0.529595375,0.618662536,-0.032127194,0.612130702,0.618153811,-0.070973091,0.658832192,0.602401376,-0.109692201,0.621632576,0.582409799,-0.143712044,0.601341784,0.355777532,-0.053548943,0.65556252,0.484852612,-0.106597275,0.621201813,0.54689759,-0.1410449,0.593619943,0.530232966,-0.165318981,0.539747536,0.345048547,-0.067009829,0.60645473,0.499785841,-0.112756968,0.575098932,0.564038754,-0.12446437,0.555627286,0.542648256,-0.133030504,0.48050648,0.370512307,-0.084906191,0.545396268,0.522089243,-0.11965955,0.522332132,0.57149601,-0.110800631,0.502235353,0.547641933,-0.105684459,0.427837908,0.41638571,-0.108108066,0.480208755,0.542800725,-0.12880528,0.47152245,0.58001554,-0.125515252,0.456694633,0.557430983,-0.122816004
B,0.44900018,0.609778821,-3.48E-07,0.554980278,0.608414412,-0.02665454,0.635251284,0.6152879,-0.063590474,0.685998559,0.599056482,-0.101263851,0.651611447,0.57702601,-0.134138376,0.627916694,0.356382817,-0.052912615,0.679630756,0.473124236,-0.102447599,0.645481706,0.542466223,-0.132587343,0.618069887,0.539406598,-0.152994677,0.569655061,0.341790259,-0.067552932,0.632901311,0.491034448,-0.111025125,0.601384223,0.56389308,-0.121059872,0.580233276,0.553204894,-0.127482712,0.512622237,0.361718655,-0.085234202,0.575466573,0.510475695,-0.11822544,0.552605331,0.565722704,-0.109238021,0.530644,0.549302936,-0.103246905,0.460446835,0.403808057,-0.107224099,0.50985384,0.52838558,-0.125193715,0.503356278,0.572659194,-0.11890547,0.491716802,0.560011387,-0.113348573
B,0.456736684,0.613660276,-3.13E-07,0.559237778,0.6148808,-0.03071679,0.636478364,0.621232688,-0.069264986,0.688886523,0.60281682,-0.10738229,0.653150082,0.575790644,-0.139267132,0.633561492,0.353357852,-0.051837407,0.687059224,0.472371668,-0.101401404,0.651725292,0.54363662,-0.130857229,0.623642325,0.540768504,-0.150534704,0.576079369,0.337664068,-0.064614095,0.63743794,0.487531871,-0.109595038,0.60511297,0.561215758,-0.120701291,0.584508955,0.546989441,-0.127378732,0.520076036,0.359874278,-0.080975562,0.579340518,0.510749936,-0.115282826,0.557772577,0.568120778,-0.106972381,0.537883997,0.548275769,-0.101099305,0.46909678,0.405154318,-0.101867169,0.514629841,0.530874729,-0.120698795,0.507553101,0.574268937,-0.115862712,0.495885491,0.556095719,-0.111268707
B,0.458981633,0.61332196,-3.41E-07,0.560086846,0.615132987,-0.030459594,0.638196588,0.620137095,-0.067721307,0.690592468,0.60242188,-0.104939684,0.655604661,0.576619089,-0.135770231,0.635605872,0.354743272,-0.04815612,0.690498352,0.471983969,-0.099146649,0.654275715,0.542443275,-0.12978211,0.625802934,0.541476429,-0.149810448,0.579612374,0.337395042,-0.061122961,0.641753376,0.487664104,-0.107919648,0.607964635,0.558850825,-0.119903058,0.587076902,0.54517591,-0.126341328,0.524918258,0.357841581,-0.078250214,0.584384739,0.510324717,-0.113652334,0.559527576,0.565103471,-0.106688328,0.539207518,0.544206262,-0.101196311,0.47470817,0.401801884,-0.100073189,0.518085718,0.534733117,-0.120294943,0.507342219,0.574095607,-0.118036017,0.494988799,0.55120784,-0.114978187
B,0.461489618,0.615191102,-3.28E-07,0.561206162,0.61749506,-0.032153919,0.638981164,0.621852338,-0.069674,0.691060841,0.603457987,-0.106615327,0.657185078,0.577451706,-0.13705036,0.637827933,0.354005158,-0.049591858,0.693096876,0.473314703,-0.100236334,0.656559646,0.544178069,-0.13070184,0.628262758,0.544255018,-0.150763392,0.581858635,0.336776197,-0.061666418,0.644290507,0.488661796,-0.108531848,0.61001581,0.559458375,-0.120804988,0.589403033,0.547539771,-0.127340838,0.527162492,0.35813725,-0.077949122,0.587169588,0.513010144,-0.113787346,0.562171519,0.567399979,-0.107648991,0.542613506,0.547743976,-0.1025277,0.477264553,0.403755814,-0.098975167,0.52136302,0.53758508,-0.119584538,0.510108531,0.576490462,-0.1178912,0.49829796,0.554035366,-0.115163162
